group_id,issue_id,report_url,report_date,issue_sentence,canonical_issue,issue_family,similarity_to_group_centroid,rank_in_group
0,iss_0006138,https://www.judiciary.uk/prevention-of-future-death-reports/david-lewsey-prevention-of-future-deaths-report/,2023-11-22,Reception staff failed to pass information regarding severe side pain to the Advanced Nurse Practitioner.,Failure to communicate clinical information between staff members.,Communication failure,0.9371564388275146,1
0,iss_0005631,https://www.judiciary.uk/prevention-of-future-death-reports/paul-bradley-prevention-of-future-deaths-report/,2024-01-26,Clinical teams failed to share information regarding a patient's missed appointments or progress.,Failure to communicate patient information between clinical teams.,Information sharing failure,0.9358887672424316,2
0,iss_0018448,https://www.judiciary.uk/prevention-of-future-death-reports/leslie-morrison/,2016-07-28,Carers and the care co-ordinator failed to provide essential clinical information to the hospital.,Failure to communicate essential clinical information to hospital staff.,Information handover failure,0.9322333335876465,3
0,iss_0022432,https://www.judiciary.uk/prevention-of-future-death-reports/philip-dean/,2014-04-15,Critical clinical information from the GP was not communicated to the psychiatrist making discharge decisions.,Failure to communicate critical clinical information between healthcare professionals during discharge.,Communication failure,0.9319906234741211,4
0,iss_0009305,https://www.judiciary.uk/prevention-of-future-death-reports/hayley-smith-prevention-of-future-deaths-report/,2022-03-28,Inadequate communication existed between the various organisations involved in the patient's care.,Inadequate communication between organisations involved in patient care.,Communication failure,0.930452823638916,5
0,iss_0012573,https://www.judiciary.uk/prevention-of-future-death-reports/ifeoma-onwuka/,2019-12-24,The consultant failed to communicate with the anaesthetist regarding the patient's deteriorating condition.,Failure to communicate patient deterioration between clinical staff.,Communication failure,0.9290012717247009,6
0,iss_0000928,https://www.judiciary.uk/prevention-of-future-death-reports/lynn-silcock-prevention-of-future-deaths-report/,2025-10-23,A failure in communication and document exchange between the gastroenterology and cardiology teams resulted in the patient being lost in the system.,Failure in inter-departmental communication and information exchange regarding patient care.,Communication failure,0.927654504776001,7
0,iss_0020504,https://www.judiciary.uk/prevention-of-future-death-reports/finnulla-martin/,2015-04-29,The crisis team failed to communicate urgent information from a family member to the psychiatry liaison team.,Failure to communicate urgent information between clinical teams.,Communication failure,0.9272840023040771,8
0,iss_0010787,https://www.judiciary.uk/prevention-of-future-death-reports/lola-sheldrake/,2021-05-17,The health visitor failed to relay concerns about static weight to the paediatric registrar.,Failure to communicate clinical concerns between healthcare professionals.,Communication failure,0.9239012002944946,9
0,iss_0023638,https://www.judiciary.uk/prevention-of-future-death-reports/terence-oconnell/,2013-06-28,"A communication breakdown occurred between the care home, district nurses and the out of hours GP.",Failure of communication between healthcare providers and care facilities.,Communication failure,0.9230461120605469,10
0,iss_0018533,https://www.judiciary.uk/prevention-of-future-death-reports/harold-goulding/,2016-07-14,"Communication failed between the anti-coagulation clinic, the General Practitioner, and the care home.",Failure of communication between healthcare providers and care facilities.,Communication failure,0.9230461120605469,11
0,iss_0010851,https://www.judiciary.uk/prevention-of-future-death-reports/alex-shaw/,2021-05-07,Communication of the patient's clinical condition and observations between clinicians was inadequate.,Inadequate communication of patient clinical condition and observations between clinicians.,Clinical communication failure,0.9224717617034912,12
1,iss_0018311,https://www.judiciary.uk/prevention-of-future-death-reports/catherine-dinnen/,2016-09-02,The Trust failed to maintain complete patient observation records.,Failure to maintain complete patient observation records.,Incomplete clinical documentation,0.9523842930793762,1
1,iss_0020861,https://www.judiciary.uk/prevention-of-future-death-reports/peter-wright/,2015-03-02,Staff failed to record necessary patient observations.,Failure to record required patient observations.,Clinical documentation error,0.9428838491439819,2
1,iss_0016117,https://www.judiciary.uk/prevention-of-future-death-reports/ronald-farrington/,2017-12-22,The care home failed to maintain accurate clinical records.,Failure to maintain accurate clinical records.,Inaccurate record keeping,0.9425486922264099,3
1,iss_0023110,https://www.judiciary.uk/prevention-of-future-death-reports/stephanie-daniels/,2013-12-13,Failure to maintain accurate written records of patient observations.,Failure to maintain accurate records of patient observations.,Inadequate clinical documentation,0.9421417713165283,4
1,iss_0021005,https://www.judiciary.uk/prevention-of-future-death-reports/kimberley-lindfield/,2015-02-02,Nursing staff failed to maintain accurate written records of patient observations.,Failure to maintain accurate written records of patient observations.,Inaccurate clinical documentation,0.9358547925949097,5
1,iss_0015550,https://www.judiciary.uk/prevention-of-future-death-reports/michalla-sweeting/,2018-05-21,Clinical staff failed to review patient records containing critical information regarding over-sedation.,Failure to review patient records containing critical clinical information.,Clinical documentation failure,0.9314652681350708,6
1,iss_0014627,https://www.judiciary.uk/prevention-of-future-death-reports/john-duckenfield/,2018-12-18,Clinical observations were not recorded despite a recognised need to do so.,Failure to record required clinical observations.,Documentation failure,0.9298314452171326,7
1,iss_0021058,https://www.judiciary.uk/prevention-of-future-death-reports/philip-smith/,2015-01-21,Doctors failed to maintain accurate records of their clinical reviews and assessments.,Failure to maintain accurate clinical records and assessments.,Inaccurate medical documentation,0.9297429323196411,8
1,iss_0000042,https://www.judiciary.uk/prevention-of-future-death-reports/alan-tomlinson-prevention-of-future-deaths-report/,2026-03-06,No record was made of the patient's clinical condition despite visible signs of illness.,Failure to document a patient's clinical condition.,Clinical documentation error,0.9273378849029541,9
1,iss_0015202,https://www.judiciary.uk/prevention-of-future-death-reports/keith-dransfield/,2018-08-08,Staff did not routinely consult patient records.,Failure to routinely consult patient records.,Clinical documentation oversight,0.9271529316902161,10
1,iss_0006927,https://www.judiciary.uk/prevention-of-future-death-reports/marion-nickson-prevention-of-future-deaths-report/,2023-07-21,Staff failed to maintain required observation levels in clinical bays.,Failure to maintain required levels of clinical observation.,Clinical monitoring failure,0.925995945930481,11
1,iss_0017441,https://www.judiciary.uk/prevention-of-future-death-reports/clive-davies/,2017-03-16,There were generalised failures in the performance of routine NEWS and neurological observations.,Failure to perform routine clinical observations correctly.,Clinical monitoring failure,0.924565315246582,12
2,iss_0000097,https://www.judiciary.uk/prevention-of-future-death-reports/urmila-patel-prevention-of-future-deaths-report/,2026-02-26,Nursing staff failed to instigate an adequate falls risk assessment.,Failure to perform an adequate falls risk assessment.,Clinical assessment failure,0.968890905380249,1
2,iss_0011013,https://www.judiciary.uk/prevention-of-future-death-reports/john-brumfitt/,2021-04-06,The care home failed to undertake a falls risk assessment.,Failure to conduct a falls risk assessment.,Assessment failure,0.967089056968689,2
2,iss_0004996,https://www.judiciary.uk/prevention-of-future-death-reports/margaret-burman-prevention-of-future-deaths-report/,2024-04-17,Nursing staff failed to complete appropriate falls risk assessments.,Failure to complete appropriate falls risk assessments.,Clinical assessment failure,0.9668066501617432,3
2,iss_0021626,https://www.judiciary.uk/prevention-of-future-death-reports/ian-page/,2014-09-12,A risk assessment to identify the risk of falls was not conducted.,Failure to conduct a risk assessment for falls.,Risk assessment failure,0.965274453163147,4
2,iss_0002005,https://www.judiciary.uk/prevention-of-future-death-reports/sarah-hill-prevention-of-future-deaths-report/,2025-05-26,Appropriate falls risk assessments were not undertaken.,Failure to conduct appropriate falls risk assessments.,Clinical assessment failure,0.964647650718689,5
2,iss_0004490,https://www.judiciary.uk/prevention-of-future-death-reports/maureen-woollen-prevention-of-future-deaths-report/,2024-06-19,A falls risk assessment was not conducted upon admission to the residential home.,Failure to conduct a falls risk assessment upon admission.,Clinical assessment failure,0.9633505344390869,6
2,iss_0018750,https://www.judiciary.uk/prevention-of-future-death-reports/freda-cordy/,2016-05-17,No specific falls risk assessment was undertaken upon the patient's admission to the care home.,Failure to conduct a falls risk assessment upon patient admission.,Clinical assessment failure,0.9605584740638733,7
2,iss_0000099,https://www.judiciary.uk/prevention-of-future-death-reports/urmila-patel-prevention-of-future-deaths-report/,2026-02-26,Staff failed to note a previous fall and reassess the risk of falls.,Failure to record previous falls and reassess fall risks.,Clinical documentation error,0.9547264575958252,8
2,iss_0006472,https://www.judiciary.uk/prevention-of-future-death-reports/iris-fordham-prevention-of-future-deaths-report/,2023-10-05,The Trust failed to complete a falls risk assessment.,Failure to complete a falls risk assessment.,Clinical assessment failure,0.9544118642807007,9
2,iss_0016862,https://www.judiciary.uk/prevention-of-future-death-reports/kenneth-swift/,2017-07-26,Inadequate monitoring of patients at risk of falls led to unsupervised mobilisation.,Insufficient monitoring of patients at risk of falls.,Patient supervision failure,0.9521490335464478,10
2,iss_0008021,https://www.judiciary.uk/prevention-of-future-death-reports/glenys-phipps-prevention-of-future-deaths-report/,2022-12-22,The assessment of the patient's risk of falling was inadequate.,Inadequate assessment of patient fall risk.,Clinical assessment error,0.9520797729492188,11
2,iss_0009428,https://www.judiciary.uk/prevention-of-future-death-reports/marvin-rue-prevention-of-future-deaths-report/,2022-03-03,Multifactorial Risk Assessments were not undertaken following individual falls.,Failure to conduct multifactorial risk assessments following individual falls.,Risk assessment failure,0.9513238668441772,12
3,iss_0008523,https://www.judiciary.uk/prevention-of-future-death-reports/demet-akcicek-prevention-of-future-deaths-report/,2022-09-07,The duty worker failed to arrange necessary follow-up care.,Failure to arrange necessary follow-up care.,Care continuity failure,0.9251256585121155,1
3,iss_0016644,https://www.judiciary.uk/prevention-of-future-death-reports/janet-williams/,2017-09-11,The care co-ordinator failed to meet with the patient for several months following her discharge from the home treatment team.,Failure to conduct required follow-up meetings after patient discharge.,Care coordination failure,0.9216893315315247,2
3,iss_0015372,https://www.judiciary.uk/prevention-of-future-death-reports/stephen-whitehead/,2018-06-28,The hospital booking process failed to ensure the patient was recalled for follow-up treatment.,Failure to ensure patient follow-up for required treatment.,Clinical follow-up failure,0.9214728474617004,3
3,iss_0014962,https://www.judiciary.uk/prevention-of-future-death-reports/bradley-morgan/,2018-10-04,Urgent follow-up was not arranged despite an evident need following a clinical review.,Failure to arrange necessary follow-up after clinical review.,Clinical follow-up failure,0.9147499799728394,4
3,iss_0017016,https://www.judiciary.uk/prevention-of-future-death-reports/constance-connolly/,2017-06-22,The doctor who ordered the scan failed to conduct follow-up to ensure the investigation was performed.,Failure to perform follow-up on ordered diagnostic investigations.,Clinical follow-up failure,0.9124265909194946,5
3,iss_0020405,https://www.judiciary.uk/prevention-of-future-death-reports/olive-darbyshire-2/,2015-05-22,The clinical team failed to follow up on the missing CT pulmonary angiogram procedure.,Failure to follow up on a missing diagnostic procedure.,Clinical follow-up failure,0.911618173122406,6
3,iss_0005175,https://www.judiciary.uk/prevention-of-future-death-reports/sarah-adams-prevention-of-future-deaths-report/,2024-03-21,The mental health Trust failed to action the care plan following the October 2021 discharge.,Failure to implement a care plan following patient discharge.,Care delivery failure,0.910234808921814,7
3,iss_0002267,https://www.judiciary.uk/prevention-of-future-death-reports/samuel-brookes-prevention-of-future-deaths-report/,2025-04-15,The hospital failed to rearrange required care following the patient's discharge.,Failure to arrange required care following patient discharge.,Care transition failure,0.9083248376846313,8
3,iss_0002812,https://www.judiciary.uk/prevention-of-future-death-reports/cynthia-gilbert-prevention-of-future-deaths-report/,2025-01-24,Staff failed to adhere to the patient's repositioning care plan.,Failure to adhere to patient care plans.,Care plan non-compliance,0.9080982208251953,9
3,iss_0015540,https://www.judiciary.uk/prevention-of-future-death-reports/andrew-crane/,2018-05-22,The prison healthcare system failed to follow up and monitor high blood pressure and high blood sugar results.,Failure to monitor and follow up on abnormal clinical test results.,Clinical monitoring failure,0.9056841135025024,10
3,iss_0016673,https://www.judiciary.uk/prevention-of-future-death-reports/anne-marie-james/,2017-09-08,No formal referral or follow-up contact was made with community mental health services or the general practitioner following discharge.,Failure to arrange formal follow-up or referrals following patient discharge.,Inadequate discharge planning,0.9052475094795227,11
3,iss_0016939,https://www.judiciary.uk/prevention-of-future-death-reports/matthew-edwards/,2017-07-17,Referrals for required investigations were not made upon discharge.,Failure to arrange required investigations upon patient discharge.,Clinical follow-up failure,0.9018594026565552,12
4,iss_0018528,https://www.judiciary.uk/prevention-of-future-death-reports/margaret-gleeson/,2016-07-15,Staffing levels on weekends were insufficient to provide adequate patient care.,Insufficient staffing levels to ensure adequate patient care.,Staffing inadequacy,0.9548885822296143,1
4,iss_0011114,https://www.judiciary.uk/prevention-of-future-death-reports/elizabeth-robinson/,2021-03-12,Inadequate staffing levels prevented the delivery of a safe standard of care.,Insufficient staffing levels preventing safe delivery of care.,Staffing inadequacy,0.9486412405967712,2
4,iss_0022988,https://www.judiciary.uk/prevention-of-future-death-reports/barbara-white/,2014-01-13,Staffing levels on the Surgical Unit were insufficient.,Inadequate staffing levels within a clinical unit.,Staffing shortages,0.9446057081222534,3
4,iss_0020741,https://www.judiciary.uk/prevention-of-future-death-reports/elsie-hayward/,2015-03-19,Staffing levels were insufficient to maintain safe patient ratios.,Insufficient staffing levels to maintain safe patient ratios.,Staffing inadequacy,0.9417091012001038,4
4,iss_0006153,https://www.judiciary.uk/prevention-of-future-death-reports/raymond-eggleton-prevention-of-future-deaths-report/,2023-11-17,Staffing levels are insufficient to meet patient needs and ensure adequate safeguarding.,Inadequate staffing levels to meet patient needs and ensure safety.,Staffing inadequacy,0.9415355920791626,5
4,iss_0018028,https://www.judiciary.uk/prevention-of-future-death-reports/maurice-isaacs/,2016-11-07,Staffing levels on the ward were insufficient to manage patient demands.,Inadequate staffing levels to meet patient demand.,Staffing shortages,0.9412939548492432,6
4,iss_0021716,https://www.judiciary.uk/prevention-of-future-death-reports/iris-grimwood/,2014-08-26,Inadequate nursing staff numbers impacted the quality of care.,Insufficient nursing staff levels impacting quality of care.,Staffing shortages,0.9388613700866699,7
4,iss_0017794,https://www.judiciary.uk/prevention-of-future-death-reports/edwina-moses/,2016-12-22,Inadequate staffing levels compromised the ability of staff to safely care for patients.,Insufficient staffing levels compromise patient safety.,Staffing inadequacy,0.9348872900009155,8
4,iss_0006929,https://www.judiciary.uk/prevention-of-future-death-reports/marion-nickson-prevention-of-future-deaths-report/,2023-07-21,Inadequate staffing levels prevented the effective delivery of observable bay nursing.,Insufficient staffing levels prevented effective delivery of nursing care.,Staffing inadequacy,0.9342539310455322,9
4,iss_0019965,https://www.judiciary.uk/prevention-of-future-death-reports/frederick-sutton/,2015-08-27,Hospital staffing levels were insufficient during the patient's stay.,Inadequate staffing levels within a healthcare setting.,Staffing inadequacy,0.9325730800628662,10
4,iss_0022420,https://www.judiciary.uk/prevention-of-future-death-reports/sari-keen/,2014-04-16,Staffing levels were insufficient to manage the patient caseload.,Staffing levels were inadequate to manage the patient caseload.,Inadequate staffing,0.932431697845459,11
4,iss_0021637,https://www.judiciary.uk/prevention-of-future-death-reports/barbara-cooke/,2014-09-12,Staffing levels at the care home were inadequate to meet the needs of the residents.,Staffing levels were insufficient to meet resident needs.,Inadequate staffing,0.9319181442260742,12
5,iss_0017788,https://www.judiciary.uk/prevention-of-future-death-reports/thomas-wallace/,2016-12-22,Signage on the A682 regarding the junction is very limited.,Inadequate road signage at a junction.,Road infrastructure safety,0.9429317712783813,1
5,iss_0004145,https://www.judiciary.uk/prevention-of-future-death-reports/scott-punshon-prevention-of-future-deaths-report/,2024-07-29,Road signage was insufficient.,Inadequate road signage.,Infrastructure deficiency,0.9351290464401245,2
5,iss_0003598,https://www.judiciary.uk/prevention-of-future-death-reports/wilfred-fitchett-jevon-hirst-hugo-morris-and-harvey-owen-prevention-of-future-deaths-report/,2024-10-17,Existing road signage failed to provide adequate warning of the upcoming bend.,Inadequate road signage for upcoming bends.,Road infrastructure safety,0.9331268072128296,3
5,iss_0015925,https://www.judiciary.uk/prevention-of-future-death-reports/molly-mills/,2018-02-21,The junction lacks clear indications regarding right of way for turning vehicles.,Inadequate right of way signage at a junction.,Road signage deficiency,0.9274190664291382,4
5,iss_0022614,https://www.judiciary.uk/prevention-of-future-death-reports/daniel-taylor/,2014-03-17,The road layout and bend at the collision site may require additional warning signs or road markings.,Inadequate road signage or markings at a junction or bend.,Road infrastructure safety,0.9270824790000916,5
5,iss_0020312,https://www.judiciary.uk/prevention-of-future-death-reports/kian-gill/,2015-06-22,There is a lack of signage indicating the presence of the junction.,Inadequate signage indicating a junction.,Road safety signage,0.9267215728759766,6
5,iss_0021050,https://www.judiciary.uk/prevention-of-future-death-reports/hilary-moock/,2015-01-23,The junction lacks adequate lighting and clear signage for the farm entrance.,Inadequate lighting and signage at a junction entrance.,Infrastructure safety,0.9190008044242859,7
5,iss_0005822,https://www.judiciary.uk/prevention-of-future-death-reports/amal-ahmed-prevention-of-future-deaths-report/,2023-12-21,The No Entry signage at the Little Brickhill junction is inadequate.,Inadequate no entry signage at a junction.,Road signage deficiency,0.9160645008087158,8
5,iss_0004144,https://www.judiciary.uk/prevention-of-future-death-reports/scott-punshon-prevention-of-future-deaths-report/,2024-07-29,Road markings were inadequate.,Road markings are inadequate.,Infrastructure deficiency,0.9150187969207764,9
5,iss_0005625,https://www.judiciary.uk/prevention-of-future-death-reports/paul-frear-prevention-of-future-deaths-report/,2024-01-26,Pedestrian signage at the junction is insufficiently clear to ensure safety.,Inadequate pedestrian signage at a junction.,Road safety signage,0.9145964980125427,10
5,iss_0013917,https://www.judiciary.uk/prevention-of-future-death-reports/june-russell/,2019-04-17,Signage at and before the junction requires improvement.,Inadequate signage at and approaching the junction.,Road signage deficiency,0.9108705520629883,11
5,iss_0020142,https://www.judiciary.uk/prevention-of-future-death-reports/paul-coxon/,2015-07-20,Signage for safe crossing points is inadequate.,Inadequate signage for safe crossing points.,Safety signage deficiency,0.9106674194335938,12
6,iss_0022427,https://www.judiciary.uk/prevention-of-future-death-reports/kevin-scarlett/,2014-04-15,The prison service and healthcare failed to assess the risk of self-harm.,Failure to assess the risk of self-harm.,Risk assessment failure,0.9612795114517212,1
6,iss_0007894,https://www.judiciary.uk/prevention-of-future-death-reports/andrew-shirley-prevention-of-future-deaths-report/,2023-01-27,The prison healthcare team failed to properly assess and manage the risk of suicide and self-harm.,Failure to properly assess and manage suicide and self-harm risks.,Clinical risk management,0.9572510719299316,2
6,iss_0009655,https://www.judiciary.uk/prevention-of-future-death-reports/jan-goodliffe-prevention-of-future-deaths-report/,2022-01-14,Clinicians failed to adequately assess suicide risk despite being informed of a recent self-harm attempt.,Failure to adequately assess suicide risk following known self-harm attempt.,Clinical assessment failure,0.9550732374191284,3
6,iss_0012241,https://www.judiciary.uk/prevention-of-future-death-reports/rebecca-hursey/,2020-03-09,Existing observations and searches failed to mitigate the risk of self-harm and suicide.,Failure to mitigate risks of self-harm and suicide.,Safety mitigation failure,0.9548814296722412,4
6,iss_0021767,https://www.judiciary.uk/prevention-of-future-death-reports/noleen-mcpharlane/,2014-08-07,The clinical specialist failed to directly assess the patient for suicidal ideation despite a history of self-harm.,Failure to assess for suicidal ideation despite known risk of self-harm.,Clinical assessment failure,0.9479085206985474,5
6,iss_0014015,https://www.judiciary.uk/prevention-of-future-death-reports/stuart-clark/,2019-04-03,No assessment was conducted to determine the patient's risk of self-harm or suicide following his disclosure.,Failure to assess risk of self-harm or suicide following disclosure.,Clinical assessment failure,0.9454820156097412,6
6,iss_0013003,https://www.judiciary.uk/prevention-of-future-death-reports/lauren-finch/,2019-10-21,Suicide and self-harm risks were not properly assessed.,Inadequate assessment of suicide and self-harm risks.,Risk assessment failure,0.9447553157806396,7
6,iss_0011649,https://www.judiciary.uk/prevention-of-future-death-reports/imane-bouasbia/,2020-11-12,Officer 2 failed to complete a risk assessment regarding self-harm or suicide.,Failure to complete a risk assessment for self-harm or suicide.,Incomplete risk assessment,0.9387526512145996,8
6,iss_0005404,https://www.judiciary.uk/prevention-of-future-death-reports/jamie-pilkington-prevention-of-future-deaths-report/,2024-02-22,Suicidal and self-harm thoughts were not explored in sufficient detail during clinical assessments.,Inadequate assessment of suicidal ideation and self-harm risks.,Clinical assessment failure,0.9370049238204956,9
6,iss_0005815,https://www.judiciary.uk/prevention-of-future-death-reports/wyndham-thomas-prevention-of-future-deaths-report/,2023-12-21,No meaningful risk assessment was carried out to implement measures for reducing self-harm risk.,Failure to conduct adequate risk assessments for mitigating self-harm.,Risk management failure,0.9368963241577148,10
6,iss_0007281,https://www.judiciary.uk/prevention-of-future-death-reports/brenda-shield-prevention-of-future-deaths-report/,2023-06-07,The patient's risk assessment failed to identify the risk of self-harm.,Failure to identify self-harm risk during patient risk assessment.,Risk assessment failure,0.9355531334877014,11
6,iss_0009165,https://www.judiciary.uk/prevention-of-future-death-reports/laura-medcalf-prevention-of-future-deaths-report/,2022-04-28,Staff failed to explore or assess the increased risk following the patient's disclosure of bad thoughts.,Failure to assess increased risk following disclosure of self-harm ideation.,Risk assessment failure,0.9333280920982361,12
7,iss_0017123,https://www.judiciary.uk/prevention-of-future-death-reports/daphne-williams/,2017-05-25,There is a lack of available ambulances to respond to emergency calls.,Insufficient ambulance availability for emergency response.,Resource shortage,0.954651951789856,1
7,iss_0006961,https://www.judiciary.uk/prevention-of-future-death-reports/bernhard-marek-prevention-of-future-deaths-report/,2023-07-19,Significant delays in ambulance response times due to high demand and insufficient resources.,Ambulance response delays caused by high demand and insufficient resources.,Emergency service delays,0.9537377953529358,2
7,iss_0002665,https://www.judiciary.uk/prevention-of-future-death-reports/diana-fairweather-purkis-prevention-of-future-deaths-report/,2025-02-17,There is insufficient ambulance resource to enable timely attendance in accordance with target response times.,Insufficient ambulance resources to meet target response times.,Resource inadequacy,0.9496546983718872,3
7,iss_0008502,https://www.judiciary.uk/prevention-of-future-death-reports/irene-davies-prevention-of-future-deaths-report/,2022-09-14,Insufficient ambulance availability leading to response times exceeding target thresholds.,Inadequate ambulance availability causing delayed emergency response times.,Emergency service delays,0.9491507411003113,4
7,iss_0002760,https://www.judiciary.uk/prevention-of-future-death-reports/nicola-owens-prevention-of-future-deaths-report/,2025-01-31,Ambulance response delays were caused by the unavailability of vehicles.,Ambulance response delays due to vehicle unavailability.,Resource unavailability,0.9415404796600342,5
7,iss_0000285,https://www.judiciary.uk/prevention-of-future-death-reports/angela-darlow-prevention-of-future-deaths-report/,2026-02-05,The delay in emergency ambulance response times is excessive.,Emergency ambulance response times are excessively delayed.,Emergency service delays,0.9414676427841187,6
7,iss_0008257,https://www.judiciary.uk/prevention-of-future-death-reports/ellen-macfarlane-prevention-of-future-deaths-report/,2022-11-04,Ambulance response delays were caused by staffing shortages and high demand on the North West Ambulance Service.,Ambulance response delays caused by staffing shortages and high service demand.,Emergency service delays,0.9409274458885193,7
7,iss_0022210,https://www.judiciary.uk/prevention-of-future-death-reports/liam-coleman/,2014-05-25,There were insufficient ambulances available to cover Red 1 and Red 2 calls during the early hours of 3 October 2012.,Insufficient ambulance availability to meet emergency call demands.,Resource shortage,0.9403203129768372,8
7,iss_0006659,https://www.judiciary.uk/prevention-of-future-death-reports/geoffery-hoad-prevention-of-future-deaths-report/,2023-09-13,Significant delays occurred in the ambulance service attending to emergency calls due to high demand and system pressure.,Ambulance response delays caused by high demand and system pressure.,Emergency service delays,0.9384455680847168,9
7,iss_0003805,https://www.judiciary.uk/prevention-of-future-death-reports/susan-dear-prevention-of-future-deaths-report/,2024-09-20,"Ambulance availability was insufficient to meet patient demand, resulting in response times far exceeding national standards.",Insufficient ambulance availability causing response times to exceed national standards.,Resource inadequacy,0.9377472400665283,10
7,iss_0015019,https://www.judiciary.uk/prevention-of-future-death-reports/andrew-collins/,2018-10-02,A lack of ambulance resources caused a significant delay in attending to a critically unwell patient.,Insufficient ambulance resources causing delays in patient care.,Resource inadequacy,0.9376933574676514,11
7,iss_0014348,https://www.judiciary.uk/prevention-of-future-death-reports/madeline-staples/,2019-02-11,A lack of available ambulance resources prevents timely responses to emergency calls.,Insufficient ambulance resources prevent timely emergency responses.,Resource shortage,0.9376857280731201,12
8,iss_0017797,https://www.judiciary.uk/prevention-of-future-death-reports/georgina-lewis/,2016-12-22,The patient's GP was not notified of the discharge or the preceding assessment.,Failure to notify the general practitioner of patient discharge or assessment.,Communication failure,0.9499374628067017,1
8,iss_0001985,https://www.judiciary.uk/prevention-of-future-death-reports/julie-beasley-prevention-of-future-deaths-report/,2025-05-28,The mental health Trust failed to communicate discharge actions to the GP.,Failure to communicate patient discharge information to the general practitioner.,Communication failure,0.9464974403381348,2
8,iss_0018854,https://www.judiciary.uk/prevention-of-future-death-reports/patrick-mcgagh/,2016-04-28,The hospital failed to provide a discharge summary to the GP.,Failure to provide a discharge summary to the general practitioner.,Information handover failure,0.9364919662475586,3
8,iss_0021777,https://www.judiciary.uk/prevention-of-future-death-reports/martin-hill/,2014-08-06,The discharge summary was not sent to the patient's GP.,Discharge summary not communicated to the general practitioner.,Information transfer failure,0.9343221187591553,4
8,iss_0011158,https://www.judiciary.uk/prevention-of-future-death-reports/helen-mclean/,2021-03-03,The discharge summary was not received by the patient's GP practice.,Discharge summary not communicated to the general practitioner.,Information transfer failure,0.9343221187591553,5
8,iss_0017090,https://www.judiciary.uk/prevention-of-future-death-reports/derrick-brocklehurst/,2017-06-05,Tameside General Hospital failed to provide a discharge summary to the GP following the A&E attendance.,Failure to provide a discharge summary to a general practitioner.,Information sharing failure,0.9334626197814941,6
8,iss_0011300,https://www.judiciary.uk/prevention-of-future-death-reports/monica-mccormick/,2021-02-03,The hospital failed to notify the patient's general practitioner of the diagnosis upon discharge.,Failure to notify the general practitioner of a patient's diagnosis upon discharge.,Communication failure,0.9333024024963379,7
8,iss_0007278,https://www.judiciary.uk/prevention-of-future-death-reports/brenda-shield-prevention-of-future-deaths-report/,2023-06-07,The GP was not notified of the patient's hospital admission or discharge.,Failure to notify the GP of patient hospital admission or discharge.,Communication failure,0.9274910688400269,8
8,iss_0017846,https://www.judiciary.uk/prevention-of-future-death-reports/francis-lea/,2016-12-15,The new GP was not notified of the hospital admission or the requirement for anti-epileptic medication.,Failure to notify a general practitioner of hospital admission and medication requirements.,Communication failure,0.9262373447418213,9
8,iss_0016650,https://www.judiciary.uk/prevention-of-future-death-reports/john-griffiths/,2017-09-11,A discharge summary was not completed or forwarded to the GP following hospital discharge.,Failure to complete or forward discharge summaries to general practitioners.,Clinical communication failure,0.9233630299568176,10
8,iss_0018305,https://www.judiciary.uk/prevention-of-future-death-reports/john-jones-2/,2016-09-05,The GP was not notified of the patient's discharge from the Crisis Team for approximately one week.,Failure to notify the GP of a patient's discharge from specialist care.,Communication failure,0.919407844543457,11
8,iss_0023513,https://www.judiciary.uk/prevention-of-future-death-reports/anderson-2013-0227/,2013-09-09,Practitioners failed to inform the GP of the patient's hospital admissions.,Failure to notify general practitioner of patient hospital admissions.,Communication failure,0.918644905090332,12
9,iss_0022734,https://www.judiciary.uk/prevention-of-future-death-reports/herta-woods/,2014-02-26,The National Early Warning Score (NEWS) protocol was not adhered to.,Failure to adhere to the National Early Warning Score protocol.,Protocol non-compliance,0.9600744843482971,1
9,iss_0003511,https://www.judiciary.uk/prevention-of-future-death-reports/kashim-ali-prevention-of-future-deaths-report/,2024-10-28,National Early Warning Score (NEWS2) alerts were not escalated to the nurse in charge.,Failure to escalate National Early Warning Score alerts to the nurse in charge.,Clinical escalation failure,0.9537957906723022,2
9,iss_0018363,https://www.judiciary.uk/prevention-of-future-death-reports/diana-ritchie/,2016-08-18,There has been a repeated failure within the trust to use the NEWS tool properly.,Repeated failure to correctly utilise the National Early Warning Score tool.,Clinical monitoring failure,0.9521270990371704,3
9,iss_0014370,https://www.judiciary.uk/prevention-of-future-death-reports/gwyneth-edwards/,2019-02-05,Staff failed to action NEWS scoring in accordance with the established protocol.,Failure to follow established National Early Warning Score protocols.,Clinical protocol non-compliance,0.95100998878479,4
9,iss_0020485,https://www.judiciary.uk/prevention-of-future-death-reports/jayne-jowett/,2015-05-01,Guidelines for responding to rising National Early Warning Scores were not followed.,Failure to follow clinical escalation guidelines for rising National Early Warning Scores.,Clinical escalation failure,0.9502335786819458,5
9,iss_0005619,https://www.judiciary.uk/prevention-of-future-death-reports/jeanine-huggins-prevention-of-future-deaths-report/,2024-01-26,Nursing staff failed to implement hourly observations following a raised NEWS score.,Failure to implement required clinical observations following an increased NEWS score.,Clinical monitoring failure,0.949237585067749,6
9,iss_0007228,https://www.judiciary.uk/prevention-of-future-death-reports/raquel-harper-prevention-of-future-deaths-report/,2023-06-13,Nursing staff failed to escalate monitoring following a NEWS score of 10.,Failure to escalate clinical monitoring following an increased NEWS score.,Clinical escalation failure,0.9492245316505432,7
9,iss_0012680,https://www.judiciary.uk/prevention-of-future-death-reports/frances-gibb/,2019-12-10,There are serious and recurring failings in the use of the National Early Warning Score.,Recurring failures in the application of the National Early Warning Score.,Clinical monitoring failure,0.9487826228141785,8
9,iss_0020486,https://www.judiciary.uk/prevention-of-future-death-reports/jayne-jowett/,2015-05-01,No hospital assessment was organised following rising National Early Warning Scores.,Failure to organise hospital assessment following increased National Early Warning Scores.,Clinical monitoring failure,0.9478015899658203,9
9,iss_0021317,https://www.judiciary.uk/prevention-of-future-death-reports/peter-dorney/,2014-11-17,Staff failed to escalate clinical concerns following an increased EWS score.,Failure to escalate clinical concerns following increased early warning scores.,Clinical escalation failure,0.9470779895782471,10
9,iss_0018569,https://www.judiciary.uk/prevention-of-future-death-reports/dominic-smith/,2016-06-30,Early warning scores were miscalculated and not acted upon.,Failure to correctly calculate and respond to early warning scores.,Clinical monitoring failure,0.9465884566307068,11
9,iss_0014581,https://www.judiciary.uk/prevention-of-future-death-reports/william-atherton/,2018-12-21,Inconsistent scoring of early warning scores across different departments prevents necessary treatment escalation.,Inconsistent application of early warning scores prevents timely clinical escalation.,Clinical process inconsistency,0.9434124231338501,12
10,iss_0021322,https://www.judiciary.uk/prevention-of-future-death-reports/elsie-mallalieu/,2014-11-17,Medical and nursing records were inadequate and failed to document basic care.,Inadequate documentation of medical and nursing care.,Clinical documentation failure,0.9579058885574341,1
10,iss_0000412,https://www.judiciary.uk/prevention-of-future-death-reports/ronald-nelson-prevention-of-future-deaths-report/,2026-01-15,There were significant gaps in the resident's care home records.,Incomplete documentation of resident care records.,Record keeping error,0.9517307281494141,2
10,iss_0015782,https://www.judiciary.uk/prevention-of-future-death-reports/joan-osborne/,2018-03-26,Nursing home records were inadequately completed.,Incomplete documentation of nursing home records.,Inadequate record keeping,0.9459363222122192,3
10,iss_0014713,https://www.judiciary.uk/prevention-of-future-death-reports/john-lea/,2018-11-28,There were significant gaps in clinical documentation and record keeping.,Incomplete clinical documentation and record keeping.,Documentation deficiency,0.9438832998275757,4
10,iss_0022735,https://www.judiciary.uk/prevention-of-future-death-reports/herta-woods/,2014-02-26,Nursing notes and documentation in the Acute Medical Unit were missing or blank.,Nursing documentation and notes are missing or incomplete.,Incomplete clinical documentation,0.93827223777771,5
10,iss_0017799,https://www.judiciary.uk/prevention-of-future-death-reports/david-cooper/,2016-12-21,Nursing notes and records were inaccurate and incomplete.,Nursing documentation is inaccurate and incomplete.,Documentation inaccuracy,0.9335732460021973,6
10,iss_0000256,https://www.judiciary.uk/prevention-of-future-death-reports/mansoor-zaman-prevention-of-future-deaths-report/,2026-02-06,Nursing staff failed to adequately document observations and care decisions.,Inadequate documentation of clinical observations and care decisions.,Clinical documentation failure,0.9303732514381409,7
10,iss_0001072,https://www.judiciary.uk/prevention-of-future-death-reports/pauline-stirling-prevention-of-future-deaths-report/,2025-10-09,Care home documentation standards and record gaps remain an ongoing issue despite auditing.,Inconsistent documentation standards and incomplete records in care homes.,Record keeping failures,0.9269753694534302,8
10,iss_0019793,https://www.judiciary.uk/prevention-of-future-death-reports/patrick-carrick/,2015-10-09,Nursing and medical notes were incompletely recorded.,Incomplete recording of nursing and medical notes.,Documentation inaccuracy,0.9256702661514282,9
10,iss_0014083,https://www.judiciary.uk/prevention-of-future-death-reports/brian-havard/,2019-03-22,Hospital record keeping was poor and lacked sufficient documentation.,Inadequate documentation and poor record keeping in a hospital setting.,Inadequate documentation,0.9250150918960571,10
10,iss_0019765,https://www.judiciary.uk/prevention-of-future-death-reports/william-tolen/,2015-10-15,The quality of record keeping and note recording at the care home was unsatisfactory.,Inadequate record keeping and documentation within the care home.,Documentation standards,0.9211392998695374,11
10,iss_0012743,https://www.judiciary.uk/prevention-of-future-death-reports/sidney-baker/,2019-12-02,The general quality of record keeping at the care home was poor.,Poor quality of record keeping within the care home.,Inadequate record keeping,0.9205429553985596,12
11,iss_0009306,https://www.judiciary.uk/prevention-of-future-death-reports/hayley-smith-prevention-of-future-deaths-report/,2022-03-28,Disparate clinical record systems prevented healthcare providers from accessing crucial patient information.,Incompatible clinical record systems prevent access to essential patient information.,Data interoperability,0.9537012577056885,1
11,iss_0002417,https://www.judiciary.uk/prevention-of-future-death-reports/william-grieve-prevention-of-future-deaths-report/,2025-03-19,The lack of interoperability between IAPTUS and Lorenzo prevented shared access to electronic patient notes.,Lack of interoperability between systems prevents shared access to electronic patient records.,System interoperability failure,0.951017439365387,2
11,iss_0002374,https://www.judiciary.uk/prevention-of-future-death-reports/andrew-tizard-varcoe-prevention-of-future-deaths-report/,2025-03-31,Separate hospital trusts were unable to access each other's medical records.,Inability to share medical records between different hospital trusts.,Data interoperability,0.9426587820053101,3
11,iss_0002819,https://www.judiciary.uk/prevention-of-future-death-reports/andrew-heys-prevention-of-future-deaths-report/,2025-01-24,Health professionals are unable to access patient health records held by other providers.,Lack of interoperability between healthcare provider patient record systems.,Data interoperability,0.9368860125541687,4
11,iss_0004711,https://www.judiciary.uk/prevention-of-future-death-reports/lily-jahany-prevention-of-future-deaths-report/,2024-05-17,The absence of a national single electronic patient record prevents the sharing of vital medical information.,Lack of a unified electronic health record prevents medical information sharing.,Data interoperability,0.9367438554763794,5
11,iss_0009149,https://www.judiciary.uk/prevention-of-future-death-reports/kate-hedges-prevention-of-future-deaths-report/,2022-05-03,Incompatible computerised record-keeping systems between psychological therapy and acute mental health services prevent access to all relevant patient information.,Incompatible electronic record systems prevent access to complete patient information.,Data interoperability failure,0.9355987906455994,6
11,iss_0008606,https://www.judiciary.uk/prevention-of-future-death-reports/philip-jones-prevention-of-future-deaths-report/,2022-08-17,Incompatible IT systems between hospitals hinder effective communication and information sharing between clinicians.,Incompatible IT systems prevent effective information sharing between healthcare providers.,System Interoperability,0.9329876899719238,7
11,iss_0008261,https://www.judiciary.uk/prevention-of-future-death-reports/philip-day-prevention-of-future-deaths-report/,2022-11-04,Incompatible IT systems prevent the effective sharing of vital patient information between community and hospital clinicians.,Incompatible IT systems prevent effective sharing of vital patient information.,Interoperability failure,0.932985782623291,8
11,iss_0017063,https://www.judiciary.uk/prevention-of-future-death-reports/lily-townsend/,2017-06-15,Failure to access patient information across different systems.,Inability to access patient information across disparate systems.,Interoperability failure,0.9320549964904785,9
11,iss_0011600,https://www.judiciary.uk/prevention-of-future-death-reports/ann-schuetz/,2020-11-24,Primary and secondary care electronic systems lack the ability to share information.,Inability to share information between primary and secondary care electronic systems.,Interoperability failure,0.9317514896392822,10
11,iss_0002901,https://www.judiciary.uk/prevention-of-future-death-reports/tammy-milward-prevention-of-future-deaths-report/,2025-01-15,Incompatible electronic record systems prevented GP and mental health services from sharing vital patient information.,Incompatible electronic record systems prevent inter-service sharing of patient information.,Data interoperability failure,0.9313188791275024,11
11,iss_0004264,https://www.judiciary.uk/prevention-of-future-death-reports/david-almond-prevention-of-future-deaths-report/,2024-07-17,"The NHS lacks interoperability between differing IT systems, hindering effective and timely patient care.",Lack of interoperability between IT systems hinders patient care.,System interoperability,0.9312583208084106,12
12,iss_0006261,https://www.judiciary.uk/prevention-of-future-death-reports/gina-bywater-prevention-of-future-deaths-report/,2023-11-07,Ambulance response delays are falling far short of the target attendance times set by the East of England Ambulance Service.,Ambulance response times fail to meet established service targets.,Service delivery failure,0.9670491218566895,1
12,iss_0018905,https://www.judiciary.uk/prevention-of-future-death-reports/ronald-hamer/,2016-04-20,The ambulance response time failed to meet the internal Welsh Ambulance Services Trust target.,Ambulance response times failed to meet established service targets.,Service delivery failure,0.9545241594314575,2
12,iss_0004920,https://www.judiciary.uk/prevention-of-future-death-reports/richard-carpenter-prevention-of-future-deaths-report/,2024-04-25,The Trust is failing to consistently meet target ambulance response times.,Failure to consistently meet target ambulance response times.,Service delivery failure,0.9527066946029663,3
12,iss_0006243,https://www.judiciary.uk/prevention-of-future-death-reports/christopher-hart-prevention-of-future-deaths-report/,2023-11-09,Ambulance non-availability periods are falling far short of the East of England Ambulance Service target attendance times.,Ambulance response times are failing to meet established service targets.,Service delivery failure,0.947662353515625,4
12,iss_0005663,https://www.judiciary.uk/prevention-of-future-death-reports/donna-smith-prevention-of-future-deaths-report/,2024-01-22,The ambulance response time breached the established category 2 targets.,Ambulance response times failed to meet established category 2 targets.,Service delivery failure,0.9476128816604614,5
12,iss_0014431,https://www.judiciary.uk/prevention-of-future-death-reports/olive-johnson/,2019-01-24,The frequency of East Midlands Ambulance Service exceeding response time targets.,Failure to meet ambulance response time targets.,Service delivery failure,0.9471421241760254,6
12,iss_0004434,https://www.judiciary.uk/prevention-of-future-death-reports/liam-mccarlie-prevention-of-future-deaths-report/,2024-06-24,The ambulance service failed to respond within the required 90th centile response time.,Ambulance response times failed to meet the required performance standard.,Service delivery failure,0.9469290375709534,7
12,iss_0020412,https://www.judiciary.uk/prevention-of-future-death-reports/barbara-patterson/,2015-05-21,The ambulance arrival time breached the eight-minute target.,Ambulance response time exceeded the established target.,Service delivery delay,0.9466016292572021,8
12,iss_0004987,https://www.judiciary.uk/prevention-of-future-death-reports/jade-griffiths-jones-prevention-of-future-deaths-report/,2024-04-17,Ambulance response times for Category 2 calls are failing to meet national targets.,Ambulance response times for Category 2 calls fail to meet national targets.,Service delivery failure,0.9419297575950623,9
12,iss_0001189,https://www.judiciary.uk/prevention-of-future-death-reports/luke-chatterton-prevention-of-future-deaths-report/,2025-09-19,The delay in the arrival of the London Ambulance Service exceeded the Category 1 target.,Ambulance response time exceeded the Category 1 target.,Emergency response delay,0.9363622665405273,10
12,iss_0003427,https://www.judiciary.uk/prevention-of-future-death-reports/simon-boyd-prevention-of-future-deaths-report/,2024-11-06,National targets for ambulance response times are not being met.,Failure to meet national targets for ambulance response times.,Service delivery failure,0.9362702369689941,11
12,iss_0005957,https://www.judiciary.uk/prevention-of-future-death-reports/claire-briggs-prevention-of-future-deaths-report/,2023-12-08,The ambulance service failed to meet national target response times.,Failure to meet national target response times for ambulance services.,Service delivery failure,0.9349656701087952,12
13,iss_0017406,https://www.judiciary.uk/prevention-of-future-death-reports/john-williams/,2017-03-28,Prison officers lacked basic first aid and cardiopulmonary resuscitation training.,Staff lack essential first aid and CPR training.,Inadequate training,0.9508987665176392,1
13,iss_0011622,https://www.judiciary.uk/prevention-of-future-death-reports/john-tucker/,2020-11-19,The nature and extent of basic life support and first aid training for Gwent Police staff is insufficient.,Inadequate basic life support and first aid training for staff.,Training deficiency,0.9505972862243652,2
13,iss_0011862,https://www.judiciary.uk/prevention-of-future-death-reports/brett-marrs/,2020-09-23,Prison officers lacked essential first aid and resuscitation training.,Staff lack essential first aid and resuscitation training.,Inadequate training,0.9479619264602661,3
13,iss_0021013,https://www.judiciary.uk/prevention-of-future-death-reports/darren-wright/,2015-02-02,Prison officers lacked recent CPR training.,Staff lack up-to-date CPR training.,Training deficiency,0.9453568458557129,4
13,iss_0008116,https://www.judiciary.uk/prevention-of-future-death-reports/lewis-johnson-prevention-of-future-deaths-report/,2022-12-02,Prison officers lacked the necessary training to perform CPR and use a defibrillator.,Staff lack required training for performing CPR and using a defibrillator.,Inadequate training,0.9445569515228271,5
13,iss_0010677,https://www.judiciary.uk/prevention-of-future-death-reports/peggy-copeman/,2021-05-28,Only one of the three staff members on duty had CPR training.,Insufficient number of staff members trained in CPR.,Inadequate emergency training,0.9415723085403442,6
13,iss_0009825,https://www.judiciary.uk/prevention-of-future-death-reports/khadija-ahmed-prevention-of-future-deaths-report/,2021-12-02,The teaching assistant lacked formal training in cardiopulmonary resuscitation.,Staff lack formal training in cardiopulmonary resuscitation.,Inadequate training,0.9399325847625732,7
13,iss_0021811,https://www.judiciary.uk/prevention-of-future-death-reports/john-shelley/,2014-07-31,Staff members lacked up-to-date basic life support and first aid training.,Staff lack up-to-date basic life support and first aid training.,Inadequate staff training,0.9394351840019226,8
13,iss_0019053,https://www.judiciary.uk/prevention-of-future-death-reports/steven-may/,2016-03-16,Prison staff lacked adequate training in emergency first aid and the use of defibrillators.,Inadequate staff training in emergency first aid and defibrillator use.,Training deficiency,0.9357346296310425,9
13,iss_0015109,https://www.judiciary.uk/prevention-of-future-death-reports/abigail-hall/,2018-09-12,Derwent staff lacked first aid training.,Staff lack adequate first aid training.,Training deficiency,0.934776246547699,10
13,iss_0020130,https://www.judiciary.uk/prevention-of-future-death-reports/luke-myers-2/,2015-07-20,Prison discipline staff lacked up-to-date first aid training.,Staff lack up-to-date first aid training.,Training deficiency,0.9344817399978638,11
13,iss_0003140,https://www.judiciary.uk/prevention-of-future-death-reports/nonie-atshiki-prevention-of-future-deaths-report/,2024-12-12,The night concierge had not received first aid training from the hostel.,Staff lack required first aid training.,Inadequate staff training,0.9343473315238953,12
14,iss_0021144,https://www.judiciary.uk/prevention-of-future-death-reports/thomas-jenkins-2/,2014-12-19,The Tissue Viability Nurse failed to assess the ulcer promptly after its development.,Failure to perform a timely assessment of a pressure ulcer.,Delayed clinical assessment,0.9566112756729126,1
14,iss_0000533,https://www.judiciary.uk/prevention-of-future-death-reports/ramona-harbott-prevention-of-future-deaths-report/,2025-12-19,Staff failed to identify and document a serious pressure sore on the resident's right heel in a timely manner.,Failure to timely identify and document a pressure ulcer.,Clinical documentation failure,0.9540676474571228,2
14,iss_0000531,https://www.judiciary.uk/prevention-of-future-death-reports/ramona-harbott-prevention-of-future-deaths-report/,2025-12-19,Staff failed to regularly reposition the resident despite her high risk of pressure sores.,Failure to regularly reposition a resident at high risk of pressure ulcers.,Neglect of care,0.9464419484138489,3
14,iss_0000705,https://www.judiciary.uk/prevention-of-future-death-reports/celia-phillips-prevention-of-future-death-report/,2025-11-26,Carers failed to perform necessary repositioning to prevent pressure sores.,Failure to perform necessary repositioning to prevent pressure ulcers.,Neglect of care,0.9459487199783325,4
14,iss_0000201,https://www.judiciary.uk/prevention-of-future-death-reports/janet-tripp-prevention-of-future-deaths-report/,2026-02-09,No pressure ulcer risk assessments were conducted during the patient's stay.,Failure to conduct pressure ulcer risk assessments during patient admission.,Clinical assessment failure,0.9443585276603699,5
14,iss_0007699,https://www.judiciary.uk/prevention-of-future-death-reports/maureen-dick-prevention-of-future-deaths-report/,2023-03-06,The hospital failed to provide early risk assessment and care planning to prevent pressure ulcers.,Failure to provide early risk assessment and care planning for pressure ulcers.,Clinical care failure,0.9417067170143127,6
14,iss_0020085,https://www.judiciary.uk/prevention-of-future-death-reports/arthur-cook/,2015-07-27,The health board and residential care home failed to maintain adequate pressure ulcer documentation and repositioning charts.,Failure to maintain adequate pressure ulcer documentation and repositioning records.,Clinical documentation failure,0.9402496814727783,7
14,iss_0006290,https://www.judiciary.uk/prevention-of-future-death-reports/sasha-mishabi-prevention-of-future-deaths-report/,2023-11-01,Failure to undertake weekly Waterlow assessments in accordance with the pressure ulcer prevention policy.,Failure to perform weekly Waterlow assessments according to pressure ulcer prevention policy.,Clinical monitoring failure,0.9371176958084106,8
14,iss_0006292,https://www.judiciary.uk/prevention-of-future-death-reports/sasha-mishabi-prevention-of-future-deaths-report/,2023-11-01,Failure to perform a Waterlow assessment following the identification of suspected pressure ulcers.,Failure to perform a Waterlow assessment after identifying suspected pressure ulcers.,Clinical assessment failure,0.9369120001792908,9
14,iss_0000530,https://www.judiciary.uk/prevention-of-future-death-reports/ramona-harbott-prevention-of-future-deaths-report/,2025-12-19,Care home staff failed to follow established policies for the prevention and management of pressure sores.,Failure to follow established policies for pressure sore prevention and management.,Policy non-compliance,0.9367648363113403,10
14,iss_0002260,https://www.judiciary.uk/prevention-of-future-death-reports/iris-carter-prevention-of-future-deaths-report/,2025-04-16,The Queen Elizabeth Hospital failed to record the development of a Grade 4 pressure sore on the patient's left heel.,Failure to record the development of a pressure ulcer.,Clinical documentation error,0.9358382225036621,11
14,iss_0012647,https://www.judiciary.uk/prevention-of-future-death-reports/arnold-ward/,2019-12-16,Documentation and forms failed to capture the deterioration of the pressure ulcer.,Failure to document the deterioration of a pressure ulcer.,Clinical documentation error,0.935407280921936,12
15,iss_0001345,https://www.judiciary.uk/prevention-of-future-death-reports/emily-hewerdine-prevention-of-future-deaths-report/,2025-08-18,Fluid balance charts may be completed inaccurately and inadequately.,Inaccurate or inadequate completion of fluid balance charts.,Clinical documentation error,0.9692453742027283,1
15,iss_0003790,https://www.judiciary.uk/prevention-of-future-death-reports/kelly-stevens-prevention-of-future-deaths-report/,2024-09-24,Fluid intake and output were not properly recorded on fluid balance charts.,Inaccurate recording of fluid balance charts.,Documentation error,0.9551032781600952,2
15,iss_0022733,https://www.judiciary.uk/prevention-of-future-death-reports/herta-woods/,2014-02-26,Fluid balance charts were not recorded correctly.,Inaccurate recording of fluid balance charts.,Documentation error,0.9551032781600952,3
15,iss_0016588,https://www.judiciary.uk/prevention-of-future-death-reports/hedley-greenland/,2017-09-26,Nursing staff failed to use a fluid balance chart to monitor urine output and intake.,Failure to maintain fluid balance charts for monitoring intake and output.,Clinical monitoring failure,0.9499173164367676,4
15,iss_0004066,https://www.judiciary.uk/prevention-of-future-death-reports/daphne-austin-prevention-of-future-deaths-report/,2024-08-08,Ms Austin's fluid balance was not monitored in an effective manner.,Ineffective monitoring of patient fluid balance.,Clinical monitoring failure,0.9447120428085327,5
15,iss_0022263,https://www.judiciary.uk/prevention-of-future-death-reports/gary-bradshaw/,2014-05-15,Fluid balance charts were not maintained or were maintained incorrectly.,Fluid balance charts were not maintained or were maintained incorrectly.,Inaccurate clinical documentation,0.9415473937988281,6
15,iss_0003572,https://www.judiciary.uk/prevention-of-future-death-reports/jean-thomas-prevention-of-future-deaths-report-2/,2024-10-23,Nursing and medical staff failed to monitor the patient's fluid balance.,Failure to monitor patient fluid balance.,Clinical monitoring failure,0.9406218528747559,7
15,iss_0023259,https://www.judiciary.uk/prevention-of-future-death-reports/wilkinson-2013-0285/,2013-11-11,Fluid balance charts were not maintained according to prescribed instructions.,Fluid balance charts were not maintained according to prescribed instructions.,Documentation non-compliance,0.9397308826446533,8
15,iss_0012079,https://www.judiciary.uk/prevention-of-future-death-reports/lynda-pedersen/,2020-05-12,Fluid balance charts were not correctly completed by nursing staff.,Inaccurate completion of fluid balance charts by nursing staff.,Clinical documentation error,0.9393956661224365,9
15,iss_0007003,https://www.judiciary.uk/prevention-of-future-death-reports/colin-greenway-prevention-of-future-deaths-report/,2023-07-18,Inaccurate documentation of fluid balance charts by nursing staff.,Inaccurate documentation of fluid balance charts by nursing staff.,Clinical documentation error,0.9391357898712158,10
15,iss_0012080,https://www.judiciary.uk/prevention-of-future-death-reports/lynda-pedersen/,2020-05-12,Nursing staff failed to properly record output or reconcile fluid balances.,Failure to accurately record or reconcile fluid balances.,Clinical documentation error,0.9388235807418823,11
15,iss_0001059,https://www.judiciary.uk/prevention-of-future-death-reports/adrienne-studholme-prevention-of-future-deaths-report/,2025-10-10,The fluid balance chart was inaccurate and failed to account for fluids provided by families.,Inaccurate fluid balance charts failing to include all fluid intake.,Inaccurate clinical documentation,0.9373365044593811,12
16,iss_0006723,https://www.judiciary.uk/prevention-of-future-death-reports/donna-levy-prevention-of-future-deaths-report/,2023-08-31,No formal Mental Capacity Act assessment was undertaken.,Failure to conduct a formal mental capacity assessment.,Capacity assessment failure,0.9641547799110413,1
16,iss_0005161,https://www.judiciary.uk/prevention-of-future-death-reports/regina-ademiluyi-prevention-of-future-deaths-report/,2024-03-22,The Trust failed to formally assess the deceased's mental capacity.,Failure to formally assess a patient's mental capacity.,Clinical assessment failure,0.9626699686050415,2
16,iss_0021501,https://www.judiciary.uk/prevention-of-future-death-reports/mary-fenton/,2014-10-13,Medical staff failed to assess or document the patient's mental capacity.,Failure to assess or document patient mental capacity.,Clinical assessment failure,0.9585650563240051,3
16,iss_0018446,https://www.judiciary.uk/prevention-of-future-death-reports/leslie-morrison/,2016-07-28,The hospital failed to recognise the patient's lack of mental capacity upon admission.,Failure to assess patient mental capacity upon admission.,Clinical assessment failure,0.9565043449401855,4
16,iss_0023101,https://www.judiciary.uk/prevention-of-future-death-reports/cynthia-fretwell/,2013-12-16,A full assessment of mental capacity was not conducted when patients refused medical treatment or hospital admission.,Failure to assess mental capacity during treatment or admission refusal.,Capacity assessment failure,0.9476499557495117,5
16,iss_0013964,https://www.judiciary.uk/prevention-of-future-death-reports/anthony-buckingham/,2019-04-09,A formal Mental Health Act assessment was not performed.,Failure to perform a formal Mental Health Act assessment.,Procedural non-compliance,0.9442561864852905,6
16,iss_0017194,https://www.judiciary.uk/prevention-of-future-death-reports/maud-patrick/,2017-05-08,The patient's mental capacity was not assessed during her admission to A&E or transfer to the AMU.,Failure to assess patient mental capacity during admission or transfer.,Clinical assessment failure,0.9442161321640015,7
16,iss_0010126,https://www.judiciary.uk/prevention-of-future-death-reports/jude-lloyd-prevention-of-future-deaths-report/,2021-10-04,No formal mental capacity assessments were undertaken or recorded.,Failure to conduct or record formal mental capacity assessments.,Assessment failure,0.9422444701194763,8
16,iss_0015039,https://www.judiciary.uk/prevention-of-future-death-reports/julia-macpherson/,2018-09-27,A formal review of the patient's mental capacity to consent to treatment did not take place.,Failure to conduct a formal mental capacity assessment for treatment consent.,Clinical assessment failure,0.9352397918701172,9
16,iss_0009242,https://www.judiciary.uk/prevention-of-future-death-reports/volodymyr-korol-prevention-of-future-deaths-report/,2022-04-19,The hospital failed to assess the patient's mental capacity regarding weight management.,Failure to assess patient mental capacity for medical decisions.,Clinical assessment failure,0.9322813153266907,10
16,iss_0004033,https://www.judiciary.uk/prevention-of-future-death-reports/parminder-sanghera-prevention-of-future-deaths-report/,2024-08-12,A full Mental Health Act assessment was not conducted at the hospital or in custody.,Failure to conduct a full Mental Health Act assessment.,Clinical assessment failure,0.9273456335067749,11
16,iss_0020639,https://www.judiciary.uk/prevention-of-future-death-reports/christopher-watson/,2015-04-01,The capacity of the deceased was not assessed despite clear signs of vulnerability.,Failure to assess mental capacity in vulnerable individuals.,Capacity assessment failure,0.925774872303009,12
17,iss_0004898,https://www.judiciary.uk/prevention-of-future-death-reports/sophie-hindmarsh-prevention-of-future-deaths-report/,2024-04-29,Delays in hospital patient handovers resulted in the loss of ambulance resources.,Hospital handover delays causing loss of ambulance availability.,Resource unavailability,0.9817193150520325,1
17,iss_0002761,https://www.judiciary.uk/prevention-of-future-death-reports/nicola-owens-prevention-of-future-deaths-report/,2025-01-31,Hospital handover delays significantly reduce ambulance availability.,Hospital handover delays reduce ambulance availability.,Emergency service delays,0.980571985244751,2
17,iss_0015761,https://www.judiciary.uk/prevention-of-future-death-reports/matthew-faulkner/,2018-03-29,Significant delays in hospital handovers exacerbate the lack of available ambulances.,Hospital handover delays reduce ambulance availability.,Resource availability,0.980571985244751,3
17,iss_0017542,https://www.judiciary.uk/prevention-of-future-death-reports/ceriann-richards/,2017-03-01,Systemic handover delays at district general hospitals reduced ambulance availability.,Hospital handover delays reducing ambulance availability.,Emergency service delays,0.9793168306350708,4
17,iss_0002773,https://www.judiciary.uk/prevention-of-future-death-reports/graham-whiteley-prevention-of-future-deaths-report/,2025-01-30,Excessive patient handover delays at acute hospitals caused a significant loss of ambulance availability.,Delays in patient handover reduce ambulance availability in acute hospitals.,Emergency service delays,0.9792296290397644,5
17,iss_0000801,https://www.judiciary.uk/prevention-of-future-death-reports/liliane-bowden-prevention-of-future-deaths-report-2025-0569/,2025-11-11,Significant hospital handover delays resulted in ambulances being unavailable for service.,Hospital handover delays causing ambulance unavailability.,Emergency service delays,0.9784554839134216,6
17,iss_0005410,https://www.judiciary.uk/prevention-of-future-death-reports/joseph-cattle-prevention-of-future-deaths-report/,2024-02-22,Ambulance resources were delayed by prolonged handover periods at hospitals.,Ambulance delays caused by extended hospital handover periods.,Emergency service delays,0.9741370677947998,7
17,iss_0004988,https://www.judiciary.uk/prevention-of-future-death-reports/jade-griffiths-jones-prevention-of-future-deaths-report/,2024-04-17,Delays in handing over patients at hospitals are reducing the availability of ambulance crews.,Hospital handover delays reduce ambulance crew availability.,Resource availability,0.9739490151405334,8
17,iss_0008942,https://www.judiciary.uk/prevention-of-future-death-reports/lee-caruana-prevention-of-future-deaths-report/,2022-06-16,Delays in hospital patient handovers reduce the availability of ambulance crews.,Hospital handover delays reduce ambulance crew availability.,Emergency service delays,0.9739490151405334,9
17,iss_0018703,https://www.judiciary.uk/prevention-of-future-death-reports/peter-scott/,2016-05-26,Delayed patient handovers at hospitals impact ambulance availability.,Delayed patient handovers reduce ambulance availability.,Resource availability,0.9737991094589233,10
17,iss_0020414,https://www.judiciary.uk/prevention-of-future-death-reports/barbara-patterson/,2015-05-21,Ambulance availability is jeopardised by delays during patient handovers at hospitals.,Delays in hospital patient handovers reduce ambulance availability.,Emergency service delays,0.9732136130332947,11
17,iss_0003595,https://www.judiciary.uk/prevention-of-future-death-reports/henry-willems-prevention-of-future-deaths-report/,2024-10-21,Significant delays in handing over patients at hospital emergency departments impacted ambulance availability.,Emergency department handover delays impacting ambulance availability.,Operational delays,0.9724149703979492,12
18,iss_0007083,https://www.judiciary.uk/prevention-of-future-death-reports/emlyn-roberts-prevention-of-future-deaths-report/,2023-07-06,Inadequate provision of social care prevents the timely discharge of medically fit patients from hospitals.,Insufficient social care provision delays hospital discharge for medically fit patients.,Healthcare discharge delays,0.9765102863311768,1
18,iss_0005143,https://www.judiciary.uk/prevention-of-future-death-reports/robert-prowse-prevention-of-future-deaths-report/,2024-03-25,Failures in social care provision cause delays in discharging patients from hospital.,Inadequate social care provision delays hospital patient discharge.,Healthcare delivery failure,0.9759253859519958,2
18,iss_0001960,https://www.judiciary.uk/prevention-of-future-death-reports/jeanette-sidlow-beech-prevention-of-future-deaths-report/,2025-05-29,Lack of social care provision prevents timely hospital discharges.,Insufficient social care provision delays hospital discharge.,Healthcare resource shortage,0.9745399951934814,3
18,iss_0007187,https://www.judiciary.uk/prevention-of-future-death-reports/jean-frickel-prevention-of-future-deaths-report/,2023-06-21,Insufficient social care capacity prevents timely hospital discharges.,Inadequate social care capacity delays hospital discharges.,Healthcare capacity constraints,0.9702504277229309,4
18,iss_0007203,https://www.judiciary.uk/prevention-of-future-death-reports/leonard-harmsworth-prevention-of-future-deaths-report/,2023-06-20,Inadequate provision of social care and community placements prevents timely hospital discharge.,Insufficient social care and community placements delay hospital discharge.,Delayed hospital discharge,0.9677402377128601,5
18,iss_0005136,https://www.judiciary.uk/prevention-of-future-death-reports/patricia-eyken-prevention-of-future-deaths-report/,2024-03-25,Failures in social care provision lead to delayed hospital discharges.,Inadequate social care provision causes delayed hospital discharges.,Healthcare service failure,0.965971827507019,6
18,iss_0002762,https://www.judiciary.uk/prevention-of-future-death-reports/nicola-owens-prevention-of-future-deaths-report/,2025-01-31,A backlog of patients awaiting social care packages contributes to hospital handover delays.,Delays in social care provision causing hospital discharge delays.,Care discharge delays,0.9619439840316772,7
18,iss_0002129,https://www.judiciary.uk/prevention-of-future-death-reports/james-smith-prevention-of-future-deaths-report/,2025-05-12,Insufficient social care provision prevents the timely discharge of medically optimised patients.,Inadequate social care provision delays discharge of medically optimised patients.,Healthcare discharge delays,0.9605307579040527,8
18,iss_0002351,https://www.judiciary.uk/prevention-of-future-death-reports/andrew-waters-prevention-of-future-deaths-report/,2025-04-03,Insufficient social care provision prevents the timely discharge of medically optimised patients.,Inadequate social care provision delays discharge of medically optimised patients.,Healthcare discharge delays,0.9605307579040527,9
18,iss_0001606,https://www.judiciary.uk/prevention-of-future-death-reports/doreen-swann-prevention-of-future-deaths-report/,2025-07-10,A shortage of suitable social care placements causes delayed hospital discharges.,Insufficient social care capacity leads to delayed hospital discharges.,Healthcare capacity constraints,0.9596307277679443,10
18,iss_0016250,https://www.judiciary.uk/prevention-of-future-death-reports/edna-collett/,2017-11-28,Patients remained in hospital unnecessarily due to a lack of suitable social placements.,Delayed hospital discharge due to insufficient social care placements.,Delayed discharge,0.9596151113510132,11
18,iss_0000187,https://www.judiciary.uk/prevention-of-future-death-reports/barbara-wingate-prevention-of-future-deaths-report/,2026-02-10,Delays in community and social care provision prevent timely patient discharges.,Delays in social care provision impede timely patient discharge.,Care discharge delays,0.9579060077667236,12
19,iss_0017582,https://www.judiciary.uk/prevention-of-future-death-reports/margaret-jones/,2017-02-22,There is a high frequency of road traffic collisions at the junction of Branch Road and the A36.,High frequency of road traffic collisions at a specific junction.,Road safety risk,0.9748982191085815,1
19,iss_0021151,https://www.judiciary.uk/prevention-of-future-death-reports/brendan-ryan/,2014-12-18,There is an unusually high number of road traffic collisions at this specific location.,High frequency of road traffic collisions at a specific location.,Road safety risk,0.9607733488082886,2
19,iss_0002168,https://www.judiciary.uk/prevention-of-future-death-reports/charlotte-avis-prevention-of-future-deaths-report/,2025-05-06,There is a high frequency of road traffic collisions at the junction.,High frequency of road traffic collisions at a junction.,Road safety risk,0.953732430934906,3
19,iss_0008141,https://www.judiciary.uk/prevention-of-future-death-reports/miriam-boulia-prevention-of-future-deaths-report/,2022-11-28,There is an unusually high number of collisions of a similar nature at this junction.,High frequency of similar vehicle collisions at a specific junction.,Road safety risk,0.953136682510376,4
19,iss_0013435,https://www.judiciary.uk/prevention-of-future-death-reports/antony-rogivska/,2019-07-26,There is a history of road traffic collisions at the junctions of Cooper Lane and Carr House Road.,Frequent road traffic collisions at a specific junction.,Road safety risk,0.94244384765625,5
19,iss_0017598,https://www.judiciary.uk/prevention-of-future-death-reports/esther-hartsilver/,2017-02-20,There is a high frequency of reportable collisions at this junction.,High frequency of reportable collisions at a junction.,Road safety risk,0.9421653747558594,6
19,iss_0012041,https://www.judiciary.uk/prevention-of-future-death-reports/grant-macdonald/,2020-06-15,The junction has a high frequency of collisions.,High frequency of collisions at the junction.,Road safety risk,0.9413532018661499,7
19,iss_0015534,https://www.judiciary.uk/prevention-of-future-death-reports/neil-jones/,2018-05-25,There has been a high frequency of fatal road traffic collisions at this site.,High frequency of fatal road traffic collisions at a specific location.,Road safety risk,0.9407493472099304,8
19,iss_0000692,https://www.judiciary.uk/prevention-of-future-death-reports/gurkirat-singh-prevention-of-future-deaths-report/,2025-11-28,There is a high frequency of road traffic incidents on this section of the road.,High frequency of road traffic accidents on a specific road section.,Road safety risk,0.9406652450561523,9
19,iss_0021330,https://www.judiciary.uk/prevention-of-future-death-reports/marcus-szigetvari/,2014-11-14,There is a high frequency of collisions on this section of the road.,High frequency of vehicle collisions on a specific road section.,Road safety risk,0.9366797208786011,10
19,iss_0003024,https://www.judiciary.uk/prevention-of-future-death-reports/nigel-sweet-prevention-of-future-deaths-report/,2024-12-23,The A38 stretch from Carkeel to Trerulefoot has a disproportionately high rate of road traffic collisions.,High rate of road traffic collisions on a specific road section.,Road safety risk,0.9364641904830933,11
19,iss_0022823,https://www.judiciary.uk/prevention-of-future-death-reports/rachael-dallison/,2014-02-06,There is a high frequency of collisions at this specific location.,High frequency of vehicle collisions at a specific location.,Road safety risk,0.9347848892211914,12
20,iss_0023000,https://www.judiciary.uk/prevention-of-future-death-reports/mary-waldron/,2014-01-10,Nursing home managers failed to conduct an effective investigation into the incident.,Failure to conduct an effective investigation into an incident.,Inadequate incident investigation,0.9609849452972412,1
20,iss_0016534,https://www.judiciary.uk/prevention-of-future-death-reports/geoffrey-spencer/,2017-10-06,The care centre failed to conduct a formal investigation into the incident.,Failure to conduct a formal investigation into an incident.,Procedural non-compliance,0.9567006826400757,2
20,iss_0004536,https://www.judiciary.uk/prevention-of-future-death-reports/graham-faulkner-prevention-of-future-deaths-report/,2024-06-13,The HSE failed to conduct a prompt investigation into the incident.,Failure to conduct a timely investigation into an incident.,Regulatory oversight failure,0.9542869329452515,3
20,iss_0001438,https://www.judiciary.uk/prevention-of-future-death-reports/john-bell-prevention-of-future-deaths-report/,2025-08-04,No formal investigation or learning process had occurred eight months after the incident.,Failure to conduct a formal investigation or learning process following an incident.,Incident management failure,0.9421824216842651,4
20,iss_0000273,https://www.judiciary.uk/prevention-of-future-death-reports/linda-books-prevention-of-future-deaths-report/,2026-02-06,The hospital failed to investigate the incident contemporaneously.,Failure to conduct a contemporaneous investigation of an incident.,Investigation failure,0.9397652745246887,5
20,iss_0002370,https://www.judiciary.uk/prevention-of-future-death-reports/mary-pomeroy-prevention-of-future-deaths-report/,2025-04-01,The hospital failed to learn from serious incidents through adequate internal investigations.,Failure to conduct adequate investigations into serious incidents.,Inadequate incident investigation,0.9335209727287292,6
20,iss_0002143,https://www.judiciary.uk/prevention-of-future-death-reports/kenneth-foster-prevention-of-future-deaths-report/,2025-05-12,The trust failed to identify this case as an incident requiring investigation.,Failure to identify an incident requiring investigation.,Incident management failure,0.9289313554763794,7
20,iss_0023330,https://www.judiciary.uk/prevention-of-future-death-reports/gibson-2013-0267/,2013-10-21,The Council failed to investigate the reported incident promptly.,Failure to investigate a reported incident in a timely manner.,Delayed investigation,0.9278886318206787,8
20,iss_0018952,https://www.judiciary.uk/prevention-of-future-death-reports/nadim-butt/,2016-04-07,The hospital failed to escalate the incident to a serious untoward incident or root cause analysis.,Failure to escalate an incident for formal investigation or analysis.,Incident reporting failure,0.9269618988037109,9
20,iss_0016122,https://www.judiciary.uk/prevention-of-future-death-reports/ronald-farrington/,2017-12-22,The CQC failed to conduct independent investigations following notifications of pressure sores.,Failure to conduct independent investigations following reported incidents.,Regulatory oversight failure,0.9183463454246521,10
20,iss_0011432,https://www.judiciary.uk/prevention-of-future-death-reports/evadney-dawkins/,2020-12-21,The Trust's governance systems failed to identify and investigate the case as a Serious Incident for two years.,Failure to identify and investigate a serious incident within the required timeframe.,Governance failure,0.9091898202896118,11
20,iss_0003039,https://www.judiciary.uk/prevention-of-future-death-reports/david-lodge-prevention-of-future-deaths-report/,2024-12-23,Opportunities to learn from serious incidents through internal investigations are being lost.,Failure to conduct internal investigations following serious incidents.,Incident investigation failure,0.9084542989730835,12
21,iss_0003352,https://www.judiciary.uk/prevention-of-future-death-reports/kumaran-chetty-prevention-of-future-deaths-report/,2024-11-14,The surgery did not trigger a medication review following reports of non-compliance with prescribed fentanyl dosing.,Failure to conduct a medication review following reports of non-compliance.,Clinical monitoring failure,0.9571249485015869,1
21,iss_0022566,https://www.judiciary.uk/prevention-of-future-death-reports/lee-hollman/,2014-03-26,Failure to review patients' medication in accordance with GP practice guidelines.,Failure to review patient medication according to practice guidelines.,Clinical governance failure,0.9503687024116516,2
21,iss_0022425,https://www.judiciary.uk/prevention-of-future-death-reports/kathryn-sawyer/,2014-04-16,The GP surgery failed to review the patient's medication for thirteen months.,Failure to conduct timely medication reviews for a patient.,Medication management error,0.9484466314315796,3
21,iss_0009249,https://www.judiciary.uk/prevention-of-future-death-reports/nora-foulkes-prevention-of-future-deaths-report/,2022-04-14,Advance Nurse Practitioners failed to review the patient's medication regime during subsequent clinical visits.,Failure to review patient medication regimes during clinical visits.,Clinical monitoring failure,0.944449782371521,4
21,iss_0020959,https://www.judiciary.uk/prevention-of-future-death-reports/isobel-griffin/,2015-02-12,"A planned review of medication, diagnosis, and treatment did not take place.",Failure to conduct a planned clinical review of medication and treatment.,Clinical oversight failure,0.9436631798744202,5
21,iss_0001983,https://www.judiciary.uk/prevention-of-future-death-reports/julie-beasley-prevention-of-future-deaths-report/,2025-05-28,Medication reviews were not conducted despite requests and escalating risks.,Failure to conduct requested medication reviews despite increasing risks.,Clinical oversight,0.9375283718109131,6
21,iss_0009746,https://www.judiciary.uk/prevention-of-future-death-reports/maria-mcgauran-prevention-of-future-deaths-report/,2021-12-20,The GP surgery failed to undertake a requested review of the patient's medications.,Failure to conduct a requested medication review.,Clinical oversight,0.9359397888183594,7
21,iss_0005463,https://www.judiciary.uk/prevention-of-future-death-reports/joshua-burgess-prevention-of-future-deaths-report/,2024-02-13,The GP surgery failed to review clinical correspondence regarding medication changes.,Failure to review clinical correspondence regarding medication changes.,Clinical administration error,0.935819685459137,8
21,iss_0017173,https://www.judiciary.uk/prevention-of-future-death-reports/nasar-ahmed-prevention-of-future-deaths-report/,2017-05-12,The school nurse failed to physically verify the medication during the medication review.,Failure to physically verify medication during a medication review.,Medication administration error,0.9346447587013245,9
21,iss_0017642,https://www.judiciary.uk/prevention-of-future-death-reports/rachel-morgan/,2017-02-09,No steps were taken to review the patient's medication during her four-day inpatient stay.,Failure to review medication during an inpatient stay.,Medication management error,0.9334791898727417,10
21,iss_0002535,https://www.judiciary.uk/prevention-of-future-death-reports/matthew-lynch-prevention-of-future-deaths-report/,2025-03-04,The Trust failed to monitor medication compliance following the offender's admission of non-compliance.,Failure to monitor medication compliance following reported non-compliance.,Clinical monitoring failure,0.9333672523498535,11
21,iss_0013875,https://www.judiciary.uk/prevention-of-future-death-reports/georgia-nelson/,2019-04-29,Opportunities to amend and improve medication and treatment during inpatient stays are being missed.,Failure to review and amend medication and treatment during inpatient stays.,Clinical review failure,0.9217821359634399,12
22,iss_0006297,https://www.judiciary.uk/prevention-of-future-death-reports/sasha-mishabi-prevention-of-future-deaths-report/,2023-11-01,Failure to conduct a serious incident investigation into the patient's death.,Failure to conduct a serious incident investigation following a patient death.,Investigation failure,0.9416173100471497,1
22,iss_0020425,https://www.judiciary.uk/prevention-of-future-death-reports/wanda-stachurska/,2015-05-20,The organisations failed to undertake a serious incident review following the patient's death.,Failure to conduct a serious incident review following a patient death.,Incident investigation failure,0.9344999194145203,2
22,iss_0016536,https://www.judiciary.uk/prevention-of-future-death-reports/simon-willans/,2017-10-05,The ambulatory care unit's practices and systems were not effectively scrutinised following the death.,Inadequate investigation of clinical incidents following a patient death.,Clinical governance failure,0.9284443855285645,3
22,iss_0011332,https://www.judiciary.uk/prevention-of-future-death-reports/betty-tadman/,2021-02-01,The Trust failed to conduct a serious incident investigation following the death.,Failure to conduct a serious incident investigation following a death.,Investigation failure,0.9245955944061279,4
22,iss_0022813,https://www.judiciary.uk/prevention-of-future-death-reports/georgina-swindells/,2014-02-12,No incident reports were made following the patient's death.,Failure to report incidents following a patient death.,Reporting failure,0.918220043182373,5
22,iss_0016714,https://www.judiciary.uk/prevention-of-future-death-reports/sam-crick/,2017-08-25,No serious incident report was conducted into the preventable death.,Failure to conduct a serious incident investigation following a preventable death.,Investigation failure,0.9151003956794739,6
22,iss_0009247,https://www.judiciary.uk/prevention-of-future-death-reports/volodymyr-korol-prevention-of-future-deaths-report/,2022-04-19,The hospital failed to declare a serious incident following the patient's death.,Failure to report a serious incident following a patient death.,Incident reporting failure,0.9137065410614014,7
22,iss_0005969,https://www.judiciary.uk/prevention-of-future-death-reports/lindy-aston-prevention-of-future-deaths-report/,2023-12-08,A DATIX incident report was not raised following the patient's care and death.,Failure to report a clinical incident following patient death.,Incident reporting failure,0.9106420278549194,8
22,iss_0007965,https://www.judiciary.uk/prevention-of-future-death-reports/teegan-barnard-prevention-of-future-deaths-report/,2023-01-17,The anaesthetic department failed to conduct a morbidity and mortality review following the death.,Failure to conduct a morbidity and mortality review following a patient death.,Clinical governance failure,0.905573844909668,9
22,iss_0021680,https://www.judiciary.uk/prevention-of-future-death-reports/anne-sandever/,2014-09-04,The hospital failed to conduct a sufficient investigation or statutory inquiry into the death.,Failure to conduct a sufficient investigation into a death.,Inadequate investigation,0.9048700332641602,10
22,iss_0012069,https://www.judiciary.uk/prevention-of-future-death-reports/lesley-brass/,2020-05-28,The Plastic Surgery department failed to conduct a required mortality review following an unexpected death.,Failure to conduct a required mortality review following an unexpected death.,Clinical governance failure,0.902614951133728,11
22,iss_0016049,https://www.judiciary.uk/prevention-of-future-death-reports/antony-coughtrey/,2018-01-15,The Probation Service failed to conduct an internal investigation or a Serious Incident Review following the death.,Failure to conduct an internal investigation or serious incident review following a death.,Investigation failure,0.9009881019592285,12
23,iss_0006724,https://www.judiciary.uk/prevention-of-future-death-reports/donna-levy-prevention-of-future-deaths-report/,2023-08-31,No formal referral was made to mental health services.,Failure to refer to mental health services.,Service referral failure,0.9728055000305176,1
23,iss_0002051,https://www.judiciary.uk/prevention-of-future-death-reports/william-armstrong-prevention-of-future-deaths-report/,2025-05-23,The general practitioner failed to refer the deceased for community mental health intervention despite psychiatric recommendations.,Failure to refer a patient for specialist mental health intervention.,Clinical referral failure,0.9554181694984436,2
23,iss_0022596,https://www.judiciary.uk/prevention-of-future-death-reports/david-chatburn/,2014-03-18,The GP failed to refer the patient to psychiatric services for expert diagnosis and management.,Failure to refer a patient to specialist psychiatric services.,Failure to refer,0.951715350151062,3
23,iss_0018680,https://www.judiciary.uk/prevention-of-future-death-reports/terry-latimer/,2016-06-01,A request to refer the case to Mental Health Services was not complied with.,Failure to comply with a referral to mental health services.,Service delivery failure,0.9494305849075317,4
23,iss_0000663,https://www.judiciary.uk/prevention-of-future-death-reports/andrew-hughes-prevention-of-future-deaths-report/,2025-12-05,Greater Manchester Police failed to signpost the caller to mental health services.,Failure to refer an individual to appropriate mental health services.,Service referral failure,0.942118763923645,5
23,iss_0018651,https://www.judiciary.uk/prevention-of-future-death-reports/kevin-dermott/,2016-06-13,A psychiatric referral for a care plan and therapeutic medication was not completed.,Failure to complete a psychiatric referral for care and medication.,Clinical process failure,0.9334757924079895,6
23,iss_0017220,https://www.judiciary.uk/prevention-of-future-death-reports/daniel-dunkley/,2017-05-02,Three referrals for a full mental health assessment were not actioned.,Failure to action mental health assessment referrals.,Service delivery failure,0.9328632354736328,7
23,iss_0021889,https://www.judiciary.uk/prevention-of-future-death-reports/john-thorpe/,2014-07-23,The doctor failed to make a direct referral to mental health services instead of requiring the patient to self-refer.,Failure to provide a direct referral to mental health services.,Referral failure,0.9311306476593018,8
23,iss_0003832,https://www.judiciary.uk/prevention-of-future-death-reports/helen-kerr-prevention-of-future-deaths-report/,2024-09-18,The deceased was not provided with appropriate and timely referrals for mental health treatment.,Failure to provide timely and appropriate mental health treatment referrals.,Clinical care failure,0.9285986423492432,9
23,iss_0009516,https://www.judiciary.uk/prevention-of-future-death-reports/theo-brennan-hulme-prevention-of-future-deaths-report/,2022-02-15,The patient was not referred to the Mental Health Home Treatment Team to explore treatment options.,Failure to refer patient to mental health home treatment team.,Failure to refer,0.928361177444458,10
23,iss_0012228,https://www.judiciary.uk/prevention-of-future-death-reports/jason-pendlebury/,2020-03-12,Greater Manchester Police could not confirm the outcome of a referral to mental health services.,Failure to confirm the outcome of a mental health service referral.,Information transparency,0.9281522035598755,11
23,iss_0021191,https://www.judiciary.uk/prevention-of-future-death-reports/andrew-aitken/,2014-12-15,The discharging psychiatrist failed to make a direct referral to the community mental health team.,Failure to provide a direct referral to the community mental health team.,Clinical handover failure,0.9252879619598389,12
24,iss_0004631,https://www.judiciary.uk/prevention-of-future-death-reports/glennis-connelly-prevention-of-future-deaths-report/,2024-05-31,Medical staff failed to access available allergy information within the Summary Care Records and clinic letters.,Failure to access available patient allergy information in medical records.,Information access failure,0.9636903405189514,1
24,iss_0020287,https://www.judiciary.uk/prevention-of-future-death-reports/alec-mathias/,2015-06-26,Hospital records failed to highlight vital information regarding the patient's drug sensitivity.,Failure to record or display patient drug allergy information in medical records.,Clinical documentation error,0.9497506618499756,2
24,iss_0018588,https://www.judiciary.uk/prevention-of-future-death-reports/peter-rowe/,2016-06-29,Clinical staff failed to verify allergy information with next of kin when the patient's capacity to provide accurate history was impaired.,Failure to verify allergy information when patient capacity is impaired.,Clinical verification failure,0.9384268522262573,3
24,iss_0004630,https://www.judiciary.uk/prevention-of-future-death-reports/glennis-connelly-prevention-of-future-deaths-report/,2024-05-31,The patient's allergy to tazocin was not recorded in the hospital records at Queens Hospital Burton Upon Trent.,Failure to record patient allergy in medical records.,Documentation error,0.936113715171814,4
24,iss_0001450,https://www.judiciary.uk/prevention-of-future-death-reports/margaret-mcnaughton-prevention-of-future-deaths-report/,2025-08-01,Ongoing failures in allergy status verification present a continuing risk to patient safety.,Failure to verify patient allergy status.,Patient safety risk,0.9359747171401978,5
24,iss_0006597,https://www.judiciary.uk/prevention-of-future-death-reports/stephen-cassidy-prevention-of-future-deaths-report/,2023-09-19,Hospital doctors were unable to access vital clinical information regarding patients' allergies.,Inability to access critical patient allergy information in a clinical setting.,Information accessibility,0.9335379600524902,6
24,iss_0017082,https://www.judiciary.uk/prevention-of-future-death-reports/joyce-rumming/,2017-06-06,Inadequate communication exists between different software packages regarding patient allergy information.,Insufficient interoperability of patient allergy information between software systems.,Data interoperability,0.9315627217292786,7
24,iss_0001448,https://www.judiciary.uk/prevention-of-future-death-reports/margaret-mcnaughton-prevention-of-future-deaths-report/,2025-08-01,There is no requirement for prescribers to document that they have personally verified allergy information.,Lack of requirement for prescribers to verify allergy information.,Clinical documentation failure,0.9281868934631348,8
24,iss_0000066,https://www.judiciary.uk/prevention-of-future-death-reports/oriel-vasey-prevention-of-future-deaths-report/,2026-03-04,Clinicians were unable to amend incorrect allergy information in the medical record despite family reports.,Inability to amend incorrect allergy information within medical records.,Data integrity error,0.9263149499893188,9
24,iss_0023139,https://www.judiciary.uk/prevention-of-future-death-reports/desmond-statton/,2013-12-05,Radiographers cannot access allergy and alert information stored on different hospital computer systems.,Inability to access allergy and alert information across disparate hospital computer systems.,Data interoperability,0.922791600227356,10
24,iss_0017081,https://www.judiciary.uk/prevention-of-future-death-reports/joyce-rumming/,2017-06-06,The allergy information was not identified by the Emergency Department staff when reviewing the Ambulance Acute Care Referral Form.,Failure to identify allergy information during clinical document review.,Clinical information error,0.9226822853088379,11
24,iss_0023140,https://www.judiciary.uk/prevention-of-future-death-reports/desmond-statton/,2013-12-05,Clinicians cannot access allergy and alert information recorded on computer programmes in other hospitals.,Lack of interoperability for allergy and alert information between hospital systems.,Data interoperability,0.9223577380180359,12
25,iss_0021598,https://www.judiciary.uk/prevention-of-future-death-reports/satheeskumar-mahatheaven/,2014-09-19,Information sharing between agencies was insufficient.,Inadequate information sharing between agencies.,Information sharing,0.9762965440750122,1
25,iss_0005122,https://www.judiciary.uk/prevention-of-future-death-reports/michaela-hall-prevention-of-future-deaths-report/,2024-03-27,Information sharing between services and agencies was insufficient.,Inadequate information sharing between services and agencies.,Information sharing,0.974648118019104,2
25,iss_0010629,https://www.judiciary.uk/prevention-of-future-death-reports/darrell-spear/,2021-06-08,Communication between agencies regarding information sharing was inadequate.,Inadequate inter-agency communication regarding information sharing.,Information sharing failure,0.9671440720558167,3
25,iss_0012193,https://www.judiciary.uk/prevention-of-future-death-reports/danny-holt-scapens/,2020-03-24,Interagency communication and information sharing between agencies were insufficient.,Insufficient interagency communication and information sharing.,Information sharing failure,0.9562351703643799,4
25,iss_0023640,https://www.judiciary.uk/prevention-of-future-death-reports/dana-baker/,2013-05-29,Communication between the relevant agencies was inadequate.,Inadequate communication between relevant agencies.,Inter-agency communication,0.9498504400253296,5
25,iss_0023071,https://www.judiciary.uk/prevention-of-future-death-reports/christine-williamson/,2013-12-18,Inadequate information sharing between relevant agencies and professionals.,Insufficient information sharing between relevant agencies and professionals.,Information sharing failure,0.9466167688369751,6
25,iss_0009366,https://www.judiciary.uk/prevention-of-future-death-reports/samuel-alban-stanley-prevention-of-future-deaths-report/,2022-03-12,Communication between the various agencies involved was inadequate.,Inadequate communication between involved agencies.,Inter-agency communication,0.9424880743026733,7
25,iss_0012703,https://www.judiciary.uk/prevention-of-future-death-reports/safoora-alam/,2019-12-06,Information sharing between agencies was inconsistent.,Inconsistency in information sharing between agencies.,Information sharing,0.9396944046020508,8
25,iss_0019930,https://www.judiciary.uk/prevention-of-future-death-reports/craig-chappell/,2015-09-08,Information sharing between relevant parties was inadequate.,Inadequate information sharing between relevant parties.,Communication failure,0.9338839650154114,9
25,iss_0016783,https://www.judiciary.uk/prevention-of-future-death-reports/terence-pimm/,2017-08-14,"The sufficiency of information sharing and coordination between the police, hospital trust and probation service.",Inadequate information sharing and coordination between multi-agency services.,Multi-agency coordination,0.9336944818496704,10
25,iss_0017370,https://www.judiciary.uk/prevention-of-future-death-reports/sean-salvin/,2017-04-04,The system for the collation and sharing of information between authorities was insufficient.,Inadequate information sharing and collation between authorities.,Information sharing failure,0.9297295212745667,11
25,iss_0017745,https://www.judiciary.uk/prevention-of-future-death-reports/shane-hardy/,2017-01-16,Insufficient information sharing occurs between agencies involved in providing support services.,Inadequate information sharing between agencies providing support services.,Information sharing failure,0.926994800567627,12
26,iss_0003458,https://www.judiciary.uk/prevention-of-future-death-reports/jagjeet-singh-prevention-of-future-deaths-report/,2024-11-04,A lack of available mental health beds prevented appropriate inpatient care following medical discharge.,Insufficient availability of mental health beds for inpatient care.,Resource scarcity,0.9810521006584167,1
26,iss_0001045,https://www.judiciary.uk/prevention-of-future-death-reports/jack-peatling-prevention-of-future-deaths-report/,2025-10-13,There is a chronic shortage of in-patient mental health beds in Essex and nationally.,Insufficient availability of inpatient mental health beds.,Healthcare resource shortage,0.9795960783958435,2
26,iss_0000407,https://www.judiciary.uk/prevention-of-future-death-reports/martin-bryant-prevention-of-future-deaths-report/,2026-01-19,The lack of available beds for mental health admissions locally and nationally.,Insufficient availability of mental health inpatient beds.,Healthcare resource shortage,0.9719902873039246,3
26,iss_0003510,https://www.judiciary.uk/prevention-of-future-death-reports/malcolm-taylor-prevention-of-future-deaths-report/,2024-10-28,A shortage of mental health beds persists despite efforts to improve patient flow and discharge processes.,Insufficient availability of mental health inpatient beds.,Healthcare resource shortage,0.9719902873039246,4
26,iss_0005606,https://www.judiciary.uk/prevention-of-future-death-reports/nicolas-gerasimidis-prevention-of-future-deaths-report/,2024-01-30,The Cornwall area has insufficient mental health bed capacity relative to its population.,Insufficient mental health bed capacity relative to population size.,Healthcare resource shortage,0.9696415066719055,5
26,iss_0003509,https://www.judiciary.uk/prevention-of-future-death-reports/malcolm-taylor-prevention-of-future-deaths-report/,2024-10-28,There is an insufficient number of mental health hospital beds available to meet patient needs.,Insufficient mental health hospital bed capacity to meet patient demand.,Healthcare resource shortage,0.9683340191841125,6
26,iss_0014338,https://www.judiciary.uk/prevention-of-future-death-reports/anthony-watson/,2019-02-12,The lack of available beds prevents necessary immediate inpatient mental health treatment.,Insufficient inpatient bed capacity prevents necessary mental health treatment.,Resource scarcity,0.9661253094673157,7
26,iss_0006602,https://www.judiciary.uk/prevention-of-future-death-reports/lauren-bridges-prevention-of-future-deaths-report/,2023-09-19,Underfunding of local mental health beds.,Insufficient funding for local mental health inpatient beds.,Healthcare resource shortage,0.9644769430160522,8
26,iss_0004689,https://www.judiciary.uk/prevention-of-future-death-reports/emma-morris-prevention-of-future-deaths-report/,2024-05-21,There is a lack of available inpatient mental health beds nationally.,Insufficient availability of inpatient mental health beds nationally.,Healthcare resource shortage,0.9587312936782837,9
26,iss_0003777,https://www.judiciary.uk/prevention-of-future-death-reports/charne-petit-prevention-of-future-deaths-report/,2024-09-26,The lack of available mental health beds prevented Ms Petit from receiving optimal treatment.,Insufficient availability of mental health beds prevents optimal treatment.,Resource scarcity,0.9488470554351807,10
26,iss_0002162,https://www.judiciary.uk/prevention-of-future-death-reports/james-sheppard-prevention-of-future-deaths-report/,2025-05-08,There are insufficient beds available in psychiatric units to meet patient demand.,Insufficient psychiatric bed capacity to meet patient demand.,Resource shortage,0.948837399482727,11
26,iss_0018421,https://www.judiciary.uk/prevention-of-future-death-reports/rohan-fitzsimons-2/,2016-08-07,The commissioning of inpatient mental health beds by the CCG was insufficient to meet clinical needs.,Inpatient mental health bed capacity is insufficient to meet clinical demand.,Service capacity deficit,0.9351693391799927,12
27,iss_0003739,https://www.judiciary.uk/prevention-of-future-death-reports/kevin-woods-prevention-of-future-deaths-report/,2024-10-03,Significant delays in ambulance handovers at hospitals increase the risk of mortality.,Delayed ambulance handovers at hospitals increase mortality risk.,Emergency care delays,0.9660888314247131,1
27,iss_0002349,https://www.judiciary.uk/prevention-of-future-death-reports/andrew-waters-prevention-of-future-deaths-report/,2025-04-03,Significant ambulance handover delays at the hospital increase mortality risks for patients in the community.,Ambulance handover delays at hospitals increase patient mortality risks.,Healthcare service delays,0.9595261812210083,2
27,iss_0004365,https://www.judiciary.uk/prevention-of-future-death-reports/harry-dunn-prevention-of-future-deaths-report-1/,2024-07-04,Delays in hospital handovers present a risk of future deaths.,Delays in hospital handovers increase the risk of patient mortality.,Patient safety risk,0.9547653198242188,3
27,iss_0008943,https://www.judiciary.uk/prevention-of-future-death-reports/lee-caruana-prevention-of-future-deaths-report/,2022-06-16,High volumes of crews awaiting handover at hospitals create a risk to life.,Excessive ambulance handover delays pose a risk to patient safety.,Operational safety risk,0.9425524473190308,4
27,iss_0007581,https://www.judiciary.uk/prevention-of-future-death-reports/veronica-jenkins-prevention-of-future-deaths-report/,2023-03-31,Handover delays at regional hospitals compromise patient safety.,Delays in hospital handovers compromise patient safety.,Clinical handover risks,0.9387848377227783,5
27,iss_0002127,https://www.judiciary.uk/prevention-of-future-death-reports/james-smith-prevention-of-future-deaths-report/,2025-05-12,Significant ambulance handover delays at hospitals increase mortality risks and reduce emergency response availability.,Ambulance handover delays at hospitals increase mortality risks and reduce service availability.,Emergency service delays,0.9335707426071167,6
27,iss_0006189,https://www.judiciary.uk/prevention-of-future-death-reports/lynda-blackmore-prevention-of-future-deaths-report/,2023-11-15,Delays in hospital handovers pose a risk to the lives of patients requiring emergency treatment.,Delayed hospital handovers risk patient safety during emergency treatment.,Clinical handover risks,0.9323285818099976,7
27,iss_0004990,https://www.judiciary.uk/prevention-of-future-death-reports/jade-griffiths-jones-prevention-of-future-deaths-report/,2024-04-17,Chronic hospital handover delays create a significant risk to life.,Delays in hospital handovers pose a significant risk to patient safety.,Clinical handover risk,0.9198150634765625,8
27,iss_0001959,https://www.judiciary.uk/prevention-of-future-death-reports/jeanette-sidlow-beech-prevention-of-future-deaths-report/,2025-05-29,Significant delays exist during hospital handovers.,Significant delays occur during hospital handovers.,Operational inefficiency,0.9134891033172607,9
27,iss_0006188,https://www.judiciary.uk/prevention-of-future-death-reports/lynda-blackmore-prevention-of-future-deaths-report/,2023-11-15,Handover delays at the hospital were in excess of established Welsh Health Circular targets.,Hospital handover delays exceeded established clinical targets.,Service delivery delays,0.9119863510131836,10
27,iss_0018721,https://www.judiciary.uk/prevention-of-future-death-reports/william-nute/,2016-05-24,Delays in ambulance response and patient transfer increased the risk of death.,Delayed ambulance response and patient transfer increases risk of mortality.,Emergency service delays,0.9076588153839111,11
27,iss_0009978,https://www.judiciary.uk/prevention-of-future-death-reports/shaun-mansell-prevention-of-future-deaths-report/,2021-11-01,There were excessive delays in handing over patients at the hospital.,Excessive delays in patient handover within a hospital setting.,Clinical handover delays,0.9009920358657837,12
28,iss_0023456,https://www.judiciary.uk/prevention-of-future-death-reports/michael-sweeney/,2013-09-23,Police control staff lack sufficient training to recognise and communicate the urgency of acute behavioural disturbances.,Inadequate training for staff to recognise and communicate acute behavioural disturbances.,Training deficiency,0.9673738479614258,1
28,iss_0012363,https://www.judiciary.uk/prevention-of-future-death-reports/jon-james/,2020-02-20,There is a need for national training and guidance on acute behavioural disturbance for emergency responders.,Lack of standardised training and guidance for managing acute behavioural disturbance.,Training and guidance,0.9663243293762207,2
28,iss_0020729,https://www.judiciary.uk/prevention-of-future-death-reports/kingsley-burrell/,2015-03-20,There is a lack of national training regarding the treatment of acute behavioural disturbance.,Insufficient national training for managing acute behavioural disturbance.,Training deficiency,0.9577105045318604,3
28,iss_0007100,https://www.judiciary.uk/prevention-of-future-death-reports/andre-moura-prevention-of-future-deaths-report/,2023-07-03,Police training failed to enable officers to recognise Acute Behaviour Disturbance in real-life settings.,Inadequate training for recognising acute behaviour disturbance in real-world scenarios.,Training deficiency,0.9519571661949158,4
28,iss_0000195,https://www.judiciary.uk/prevention-of-future-death-reports/josh-tarrant-1-prevention-of-future-deaths-report/,2026-02-09,Prison and healthcare staff lacked training to recognise the signs of Acute Behavioural Disturbance.,Staff lacked training to recognise signs of acute behavioural disturbance.,Inadequate staff training,0.9298647046089172,5
28,iss_0000220,https://www.judiciary.uk/prevention-of-future-death-reports/josh-tarrant-3-prevention-of-future-deaths-report/,2026-02-09,Prison and healthcare staff lacked training to recognise the signs of Acute Behavioural Disturbance.,Staff lacked training to recognise signs of acute behavioural disturbance.,Inadequate staff training,0.9298647046089172,6
28,iss_0000227,https://www.judiciary.uk/prevention-of-future-death-reports/josh-tarrant-2-prevention-of-future-deaths-report/,2026-02-09,Prison staff and healthcare staff lacked training in identifying Acute Behavioural Disturbance.,Staff lack sufficient training to identify Acute Behavioural Disturbance.,Inadequate staff training,0.9297592639923096,7
28,iss_0012986,https://www.judiciary.uk/prevention-of-future-death-reports/douglas-oak/,2019-10-24,There is no national guidance on the training of ambulance staff regarding Acute Behavioural Disturbance.,Lack of national guidance for training ambulance staff on acute behavioural disturbance.,Training guidance deficiency,0.9263877868652344,8
28,iss_0000324,https://www.judiciary.uk/prevention-of-future-death-reports/scott-taylor-prevention-of-future-deaths-report/,2026-02-02,There is a discrepancy in training for Police Officers and Special Constables regarding the recognition of Acute Behavioural Disturbance.,Inconsistent training for officers regarding the recognition of Acute Behavioural Disturbance.,Training inconsistency,0.926354706287384,9
28,iss_0013502,https://www.judiciary.uk/prevention-of-future-death-reports/darren-cumberbatch/,2019-07-16,Probation hostel staff lacked awareness and training regarding acute behavioural disturbance.,Staff lack sufficient training and awareness regarding acute behavioural disturbance.,Staff training deficiency,0.9220660924911499,10
28,iss_0004503,https://www.judiciary.uk/prevention-of-future-death-reports/harry-vass-prevention-of-future-deaths-report/,2024-06-18,Mental health nursing staff lacked sufficient knowledge regarding Acute Behavioural Disturbance (ABD).,Insufficient staff knowledge regarding Acute Behavioural Disturbance management.,Training and competence,0.9190598130226135,11
28,iss_0012988,https://www.judiciary.uk/prevention-of-future-death-reports/douglas-oak/,2019-10-24,There is a lack of general awareness regarding Acute Behavioural Disturbance within first aid training manuals.,Insufficient awareness of acute behavioural disturbance in first aid training manuals.,Training inadequacy,0.9173557758331299,12
29,iss_0005265,https://www.judiciary.uk/prevention-of-future-death-reports/ronald-jepson-prevention-of-future-deaths-report/,2024-03-11,Care home staff lacked sufficient training to manage emergency situations effectively.,Inadequate staff training for managing emergency situations.,Training deficiency,0.9759148955345154,1
29,iss_0002868,https://www.judiciary.uk/prevention-of-future-death-reports/2025-0045-prevention-of-future-deaths-report/,2025-01-20,There may be a lack of appropriate or effective training for staff regarding emergency protocols.,Inadequate staff training regarding emergency protocols.,Training deficiency,0.9705590009689331,2
29,iss_0017490,https://www.judiciary.uk/prevention-of-future-death-reports/james-obrien/,2017-03-13,Staff were not adequately trained to respond to emergencies.,Inadequate staff training for emergency response.,Training deficiency,0.9702585935592651,3
29,iss_0009121,https://www.judiciary.uk/prevention-of-future-death-reports/cristofaro-priolo-prevention-of-future-deaths-report/,2022-05-11,Nursing staff lacked sufficient training to manage choking and cardiac arrest emergencies.,Inadequate staff training for managing medical emergencies.,Training deficiency,0.959790825843811,4
29,iss_0004724,https://www.judiciary.uk/prevention-of-future-death-reports/luke-pearce-prevention-of-future-deaths-report/,2024-05-16,Staff training regarding cell entry during medical emergencies is inadequate.,Inadequate staff training for medical emergency procedures.,Training deficiency,0.9556888341903687,5
29,iss_0016851,https://www.judiciary.uk/prevention-of-future-death-reports/maureen-colclough/,2017-07-27,Staff lacked adequate training to recognise an emergency situation.,Insufficient staff training for emergency recognition.,Training deficiency,0.9470396637916565,6
29,iss_0005651,https://www.judiciary.uk/prevention-of-future-death-reports/thomas-langley-prevention-of-future-deaths-report/,2024-01-23,Staff lack sufficient online and face-to-face practical training to manage medical emergencies.,Inadequate training for managing medical emergencies.,Training deficiency,0.9351450204849243,7
29,iss_0004725,https://www.judiciary.uk/prevention-of-future-death-reports/luke-pearce-prevention-of-future-deaths-report/,2024-05-16,Staff training on the appropriate use of Code Blue and Code Red communications is insufficient.,Inadequate staff training on emergency communication protocols.,Training deficiency,0.9330719113349915,8
29,iss_0011360,https://www.judiciary.uk/prevention-of-future-death-reports/michael-woods/,2021-01-18,Staff at shooting ranges lack regular emergency response training for serious incidents.,Lack of regular emergency response training for staff.,Training deficiency,0.9298819303512573,9
29,iss_0002419,https://www.judiciary.uk/prevention-of-future-death-reports/william-grieve-prevention-of-future-deaths-report/,2025-03-19,Staff training needs regarding risk assessment protocols are not being addressed.,Inadequate staff training regarding risk assessment protocols.,Training deficiency,0.9237247705459595,10
29,iss_0021944,https://www.judiciary.uk/prevention-of-future-death-reports/adam-williams/,2014-07-14,Nursing staff training regarding communication between healthcare staff during emergencies may be inadequate.,Inadequate training for healthcare staff regarding emergency communication protocols.,Staff training deficiency,0.916304349899292,11
29,iss_0018279,https://www.judiciary.uk/prevention-of-future-death-reports/beverley-upton/,2016-09-07,Staff received insufficient training regarding risk awareness and health and safety matters.,Inadequate staff training regarding health and safety risks.,Training deficiency,0.9119114875793457,12
30,iss_0011456,https://www.judiciary.uk/prevention-of-future-death-reports/andrew-gibbins/,2020-12-17,Information regarding the patient's suicidal ideation was not communicated to clinical staff.,Failure to communicate patient suicidal ideation to clinical staff.,Communication failure,0.9670928120613098,1
30,iss_0022802,https://www.judiciary.uk/prevention-of-future-death-reports/lisa-inkin/,2014-02-13,There is a failure to notify patients and their families when information regarding suicidal ideation is received.,Failure to notify patients and families regarding suicidal ideation information.,Communication failure,0.950904369354248,2
30,iss_0007895,https://www.judiciary.uk/prevention-of-future-death-reports/andrew-shirley-prevention-of-future-deaths-report/,2023-01-27,Clinical information regarding suicidal ideation was not relayed to the Duty Governor.,Failure to communicate clinical information regarding suicidal ideation to the Duty Governor.,Information sharing failure,0.9473558664321899,3
30,iss_0010564,https://www.judiciary.uk/prevention-of-future-death-reports/hazel-binks/,2021-06-23,GP practice administration failed to communicate concerns regarding suicidal thoughts to the GP.,Failure to communicate patient suicidal ideation to a general practitioner.,Communication failure,0.946695864200592,4
30,iss_0004511,https://www.judiciary.uk/prevention-of-future-death-reports/jacob-shorter-prevention-of-future-deaths-report/,2024-06-18,Information regarding previous suicidal ideation was not shared with the foster carer or the pathways team.,Failure to communicate information regarding previous suicidal ideation to relevant parties.,Information sharing failure,0.9409662485122681,5
30,iss_0012796,https://www.judiciary.uk/prevention-of-future-death-reports/gary-leyland/,2019-11-20,The Probation Service failed to contact a medical practitioner or mental health services following reports of suicidal ideation.,Failure to notify medical or mental health services regarding suicidal ideation.,Failure to notify,0.9394370317459106,6
30,iss_0000701,https://www.judiciary.uk/prevention-of-future-death-reports/aminata-coulibaly-prevention-of-future-deaths-report/,2025-11-26,Essex Police failed to update the mental health Trust regarding emails expressing suicidal ideation.,Failure to communicate information regarding suicidal ideation to relevant health authorities.,Information sharing failure,0.9388350248336792,7
30,iss_0011648,https://www.judiciary.uk/prevention-of-future-death-reports/imane-bouasbia/,2020-11-12,Officer 1 failed to communicate suicidal ideation during the handover to Officer 2.,Failure to communicate suicidal ideation during staff handover.,Communication failure,0.9381461143493652,8
30,iss_0011457,https://www.judiciary.uk/prevention-of-future-death-reports/andrew-gibbins/,2020-12-17,The patient's presentation and expressed suicidal intent were not reported to the Wedgewood unit or the staff nurse.,Failure to report patient suicidal intent to clinical staff.,Communication failure,0.9299580454826355,9
30,iss_0021371,https://www.judiciary.uk/prevention-of-future-death-reports/roseanne-cooke/,2014-11-10,The severity of family concerns regarding suicidal ideation was not communicated to the Recovery Team.,Failure to communicate the severity of suicidal ideation to the recovery team.,Communication failure,0.9278287887573242,10
30,iss_0022801,https://www.judiciary.uk/prevention-of-future-death-reports/lisa-inkin/,2014-02-13,Ward staff failed to appropriately escalate information regarding a patient's suicidal intent.,Failure to escalate information regarding a patient's suicidal intent.,Clinical escalation failure,0.9267845153808594,11
30,iss_0015644,https://www.judiciary.uk/prevention-of-future-death-reports/joanne-richardson/,2018-05-08,There is a failure to follow up or document communications following reports of suicidal ideation to the Crisis Team.,Failure to document or follow up on communications regarding suicidal ideation.,Clinical documentation failure,0.926611065864563,12
31,iss_0002551,https://www.judiciary.uk/prevention-of-future-death-reports/jack-shields-prevention-of-future-deaths-report/,2025-03-04,The crew failed to recognise the patient's clinical deterioration.,Failure to recognise clinical deterioration in a patient.,Clinical monitoring failure,0.9881695508956909,1
31,iss_0022417,https://www.judiciary.uk/prevention-of-future-death-reports/sari-keen/,2014-04-16,Staff failed to recognise the patient's deteriorating condition.,Failure to recognise clinical deterioration in a patient.,Clinical monitoring failure,0.9881695508956909,2
31,iss_0016139,https://www.judiciary.uk/prevention-of-future-death-reports/lindsey-parker/,2017-12-19,Staff failed to adequately recognise and escalate the deterioration of a patient.,Failure to recognise and escalate clinical deterioration of a patient.,Clinical escalation failure,0.982944130897522,3
31,iss_0008120,https://www.judiciary.uk/prevention-of-future-death-reports/mary-nwanonyiri-prevention-of-future-deaths-report/,2022-12-01,Nursing staff failed to recognise the acute clinical severity of the patient's condition.,Failure to recognise acute clinical deterioration in a patient.,Clinical assessment failure,0.9784077405929565,4
31,iss_0011105,https://www.judiciary.uk/prevention-of-future-death-reports/james-herbertson/,2021-03-15,The multi-disciplinary team failed to identify that the deceased was becoming acutely unwell.,Failure to recognise acute clinical deterioration in a patient.,Clinical deterioration recognition,0.9784077405929565,5
31,iss_0009077,https://www.judiciary.uk/prevention-of-future-death-reports/thomas-smith-prevention-of-future-deaths-report/,2022-05-16,Staff failed to identify signs of potential clinical deterioration.,Failure to recognise signs of clinical deterioration.,Clinical monitoring failure,0.978105366230011,6
31,iss_0006047,https://www.judiciary.uk/prevention-of-future-death-reports/katherine-flynn-prevention-of-future-deaths-report/,2023-11-30,Nursing staff failed to appreciate the full clinical picture despite evidence of leakage and reduced drainage.,Failure to recognise clinical deterioration despite available evidence.,Clinical assessment failure,0.9770690202713013,7
31,iss_0015400,https://www.judiciary.uk/prevention-of-future-death-reports/margaret-stemp/,2018-06-25,Call handlers failed to recognise the deteriorating condition of the patients.,Failure to recognise deteriorating patient clinical condition.,Clinical assessment failure,0.9753429889678955,8
31,iss_0008278,https://www.judiciary.uk/prevention-of-future-death-reports/lynn-moss-prevention-of-future-deaths-report/,2022-11-04,Clinical staff missed opportunities to recognise the deterioration of a patient's condition.,Failure to recognise clinical deterioration in patients.,Clinical monitoring failure,0.9642854928970337,9
31,iss_0004488,https://www.judiciary.uk/prevention-of-future-death-reports/chloe-hunt-prevention-of-future-deaths-report/,2024-06-19,Changes in oxygen requirements and heart rate were not recognised as signs of deterioration.,Failure to recognise physiological signs of clinical deterioration.,Clinical monitoring failure,0.9599279761314392,10
31,iss_0005513,https://www.judiciary.uk/prevention-of-future-death-reports/brian-james-prevention-of-future-deaths-report/,2024-02-07,Callers may fail to recognise or report a deterioration in a patient's condition.,Failure to recognise or report deteriorating patient condition.,Clinical monitoring failure,0.9585253000259399,11
31,iss_0018385,https://www.judiciary.uk/prevention-of-future-death-reports/jean-stockley/,2016-08-12,"Clinical staff failed to recognise acute deterioration, potentially attributing physiological symptoms to patient anxiety.",Failure to recognise acute clinical deterioration in patients.,Clinical deterioration recognition,0.9581464529037476,12
32,iss_0008378,https://www.judiciary.uk/prevention-of-future-death-reports/seth-thind-prevention-of-future-deaths-report/,2022-10-17,The bridge lacks sufficient physical safety measures to prevent individuals from climbing over the railings.,Insufficient physical barriers to prevent climbing over bridge railings.,Physical safety hazards,0.9725106954574585,1
32,iss_0010262,https://www.judiciary.uk/prevention-of-future-death-reports/joseph-dent-prevention-of-future-deaths-report/,2021-09-06,The bridge lacks effective measures to prevent persons climbing over the parapet.,Inadequate measures to prevent climbing over the bridge parapet.,Fall prevention,0.945342481136322,2
32,iss_0020757,https://www.judiciary.uk/prevention-of-future-death-reports/alasdair-penny/,2015-03-17,There is a lack of physical barriers to prevent individuals from jumping from the bridge.,Absence of physical barriers to prevent falls from the bridge.,Physical safety hazard,0.9443590044975281,3
32,iss_0014943,https://www.judiciary.uk/prevention-of-future-death-reports/jordan-sheils/,2018-10-16,Existing measures for deterring falls from the bridge are insufficient.,Inadequate measures to prevent falls from the bridge.,Safety barrier inadequacy,0.9333544373512268,4
32,iss_0018772,https://www.judiciary.uk/prevention-of-future-death-reports/archie-hall/,2016-05-12,The concrete wall on the river side of the bridge is too low to prevent climbing.,Bridge parapet height is insufficient to prevent climbing.,Physical security risk,0.932453989982605,5
32,iss_0018773,https://www.judiciary.uk/prevention-of-future-death-reports/archie-hall/,2016-05-12,The bridge wall lacks any physical deterrents to prevent individuals from climbing onto it.,Lack of physical deterrents to prevent climbing on bridge walls.,Physical security deficiency,0.9272106885910034,6
32,iss_0019131,https://www.judiciary.uk/prevention-of-future-death-reports/jakovas-fofonovas/,2016-03-01,There are no measures to prevent the railings from being climbed.,Lack of measures to prevent climbing of railings.,Physical security risk,0.9242545366287231,7
32,iss_0017779,https://www.judiciary.uk/prevention-of-future-death-reports/simon-charles/,2016-12-28,Natural barriers are not utilised at the cliff edge to prevent falls.,Lack of physical barriers at cliff edges to prevent falls.,Fall prevention,0.9206039905548096,8
32,iss_0015524,https://www.judiciary.uk/prevention-of-future-death-reports/george-dyson/,2018-05-29,The appropriateness of protective safety measures on the bridge requires urgent review.,Inadequate protective safety measures on the bridge.,Safety measure inadequacy,0.9182213544845581,9
32,iss_0012523,https://www.judiciary.uk/prevention-of-future-death-reports/annette-lewis/,2020-01-13,There are no fences to protect the public from falling over the edge of the cliff at Tennyson Down.,Lack of physical barriers to prevent falls from cliff edges.,Fall hazards,0.9177975058555603,10
32,iss_0020756,https://www.judiciary.uk/prevention-of-future-death-reports/alasdair-penny/,2015-03-17,The bridge railings are of a height that allows them to be easily mounted.,Bridge railings are of insufficient height to prevent climbing.,Physical safety hazard,0.9158334732055664,11
32,iss_0018227,https://www.judiciary.uk/prevention-of-future-death-reports/charles-pitcher/,2016-09-19,The bridge lacks sufficient precautions and appropriate notices compared to other significant bridges.,Inadequate safety precautions and signage on a bridge.,Safety infrastructure deficiency,0.912251889705658,12
33,iss_0017870,https://www.judiciary.uk/prevention-of-future-death-reports/carol-leesley/,2016-12-12,The GP's safeguarding referral was not acted upon despite an automated acknowledgement being received.,Failure to act upon a received safeguarding referral.,Safeguarding process failure,0.9615994691848755,1
33,iss_0000698,https://www.judiciary.uk/prevention-of-future-death-reports/aminata-coulibaly-prevention-of-future-deaths-report/,2025-11-26,Essex Partnership University NHS Foundation Trust failed to make a safeguarding referral.,Failure to make a required safeguarding referral.,Safeguarding failure,0.9582194089889526,2
33,iss_0005353,https://www.judiciary.uk/prevention-of-future-death-reports/christopher-vickers-prevention-of-future-deaths-report/,2024-02-29,Agencies failed to instigate safeguarding referrals for formal supervision despite escalating risks.,Failure to initiate safeguarding referrals despite increasing risks.,Safeguarding failure,0.9528730511665344,3
33,iss_0007220,https://www.judiciary.uk/prevention-of-future-death-reports/nicholas-stout-prevention-of-future-deaths-report/,2023-06-15,Safeguarding referrals for children are not being made in all situations that warrant such a referral.,Failure to make required safeguarding referrals for children.,Safeguarding failure,0.9437576532363892,4
33,iss_0010113,https://www.judiciary.uk/prevention-of-future-death-reports/charlotte-duffield-prevention-of-future-deaths-report/,2021-10-05,No safeguarding action was taken following a referral regarding significant concerns for the deceased's safety.,Failure to take safeguarding action following a safety concern referral.,Safeguarding failure,0.9418383836746216,5
33,iss_0002248,https://www.judiciary.uk/prevention-of-future-death-reports/linda-sitch-prevention-of-future-deaths-report/,2025-04-17,Adult Social Care failed to respond to an Adult Safeguarding referral.,Failure to respond to an adult safeguarding referral.,Safeguarding failure,0.9388093948364258,6
33,iss_0002251,https://www.judiciary.uk/prevention-of-future-death-reports/linda-sitch-prevention-of-future-deaths-report/,2025-04-17,The Team Manager failed to consider existing safeguarding information when determining referral priority.,Failure to consider existing safeguarding information when determining referral priority.,Safeguarding oversight,0.9369691014289856,7
33,iss_0004417,https://www.judiciary.uk/prevention-of-future-death-reports/james-capstick-prevention-of-future-deaths-report/,2024-06-25,Social services failed to adequately investigate multiple safeguarding referrals.,Inadequate investigation of safeguarding referrals by social services.,Safeguarding failure,0.9320383071899414,8
33,iss_0002609,https://www.judiciary.uk/prevention-of-future-death-reports/janet-scott-prevention-of-future-deaths-report/,2025-02-20,Staff may fail to make safeguarding referrals if they assume other agencies are already aware of the issue.,Failure to make safeguarding referrals due to assumptions regarding agency awareness.,Safeguarding reporting failure,0.9271695017814636,9
33,iss_0017132,https://www.judiciary.uk/prevention-of-future-death-reports/kevin-morgan/,2017-05-22,The response to the safeguarding alert was insufficient to address serious concerns.,Inadequate response to a safeguarding alert.,Safeguarding failure,0.9264920949935913,10
33,iss_0011313,https://www.judiciary.uk/prevention-of-future-death-reports/christopher-smith-2/,2021-02-03,The hospital failed to act upon a raised safeguarding alert.,Failure to act upon a raised safeguarding alert.,Safeguarding failure,0.9243761301040649,11
33,iss_0007184,https://www.judiciary.uk/prevention-of-future-death-reports/lucy-walles-prevention-of-future-deaths-report/,2023-06-22,The systems for notifying involved agencies of safeguarding referrals.,Ineffective notification systems for communicating safeguarding referrals to relevant agencies.,Communication failure,0.9227842092514038,12
34,iss_0017493,https://www.judiciary.uk/prevention-of-future-death-reports/daphne-cherry/,2017-03-13,Care home staff failed to escalate concerns regarding declining fluid intake to medical professionals.,Failure to escalate clinical concerns to medical professionals.,Clinical escalation failure,0.9683486223220825,1
34,iss_0008242,https://www.judiciary.uk/prevention-of-future-death-reports/roy-travers-prevention-of-future-deaths-report/,2022-11-08,Medical staff failed to escalate the clinical concern regarding malaena in a timely manner.,Failure to escalate clinical concerns in a timely manner.,Clinical escalation failure,0.9650009870529175,2
34,iss_0018852,https://www.judiciary.uk/prevention-of-future-death-reports/laxmi-thakker/,2016-04-28,Clinical concerns were not effectively escalated from junior to senior medical staff.,Failure to escalate clinical concerns from junior to senior medical staff.,Clinical escalation failure,0.9621891975402832,3
34,iss_0011242,https://www.judiciary.uk/prevention-of-future-death-reports/gillian-mckinlay/,2021-02-12,Nursing staff fail to escalate clinical concerns through the nursing or medical hierarchies when interventions fail.,Failure to escalate clinical concerns through established medical or nursing hierarchies.,Clinical escalation failure,0.9617935419082642,4
34,iss_0017446,https://www.judiciary.uk/prevention-of-future-death-reports/james-mallett/,2017-03-16,Nursing staff failed to seek assistance from the senior night team.,Failure to escalate concerns to senior clinical staff.,Escalation failure,0.9554622769355774,5
34,iss_0001011,https://www.judiciary.uk/prevention-of-future-death-reports/tony-duncan-prevention-of-future-deaths-report/,2025-10-15,The psychiatric liaison nurse failed to escalate clinical concerns to a doctor.,Failure to escalate clinical concerns to a medical practitioner.,Clinical escalation failure,0.9553369283676147,6
34,iss_0007427,https://www.judiciary.uk/prevention-of-future-death-reports/james-philliskirk-prevention-of-future-deaths-report/,2023-05-10,Junior staff failed to escalate clinical concerns appropriately.,Failure to escalate clinical concerns appropriately by junior staff.,Clinical escalation failure,0.9553156495094299,7
34,iss_0005062,https://www.judiciary.uk/prevention-of-future-death-reports/stanley-cummins-prevention-of-future-deaths-report/,2024-04-04,The District Nursing team failed to escalate pressure wound issues to other services and professionals as required.,Failure to escalate clinical concerns to relevant professionals and services.,Communication failure,0.9547968506813049,8
34,iss_0003720,https://www.judiciary.uk/prevention-of-future-death-reports/marina-young-prevention-of-future-deaths-report/,2024-10-04,Nursing staff failed to escalate identified clinical problems to senior nursing staff.,Failure to escalate identified clinical problems to senior nursing staff.,Clinical escalation failure,0.9355647563934326,9
34,iss_0001024,https://www.judiciary.uk/prevention-of-future-death-reports/david-jones-prevention-of-future-deaths-report/,2025-10-14,Clinical changes in a patient's condition were not escalated to a senior doctor.,Failure to escalate clinical changes in patient condition to senior medical staff.,Clinical escalation failure,0.9277656078338623,10
34,iss_0013952,https://www.judiciary.uk/prevention-of-future-death-reports/royston-kemp/,2019-04-11,The nurse failed to escalate clinical concerns to medical professionals or arrange a hospital referral.,Failure to escalate clinical concerns or arrange necessary medical referrals.,Clinical escalation failure,0.9243786931037903,11
34,iss_0016108,https://www.judiciary.uk/prevention-of-future-death-reports/michael-drewry/,2017-12-28,The Crisis Team failed to promptly escalate concerns to senior staff to ensure appropriate care management.,Failure to escalate concerns to senior staff for appropriate care management.,Escalation failure,0.9168057441711426,12
35,iss_0016057,https://www.judiciary.uk/prevention-of-future-death-reports/david-buttriss/,2018-01-12,Communication between the GP and mental health services was inadequate.,Inadequate communication between general practitioners and mental health services.,Information sharing failure,0.9525425434112549,1
35,iss_0004844,https://www.judiciary.uk/prevention-of-future-death-reports/evie-davies-prevention-of-future-deaths-report/,2024-05-02,The GP operates in isolation from the mental health team.,Lack of integration between general practice and mental health services.,Service fragmentation,0.9511520862579346,2
35,iss_0002124,https://www.judiciary.uk/prevention-of-future-death-reports/margaret-reece-prevention-of-future-deaths-report/,2025-05-13,There is no reciprocal arrangement for information sharing between the Mental Health Trust and GP surgeries.,Lack of reciprocal information sharing between mental health services and general practitioners.,Information sharing failure,0.9498896598815918,3
35,iss_0008820,https://www.judiciary.uk/prevention-of-future-death-reports/kieran-crimmins-prevention-of-future-deaths-report/,2022-07-12,Communication and information sharing between Primary Mental Health Services and Tier 2 therapy providers are insufficient.,Insufficient information sharing between primary and secondary mental health services.,Information sharing failure,0.9488766193389893,4
35,iss_0001178,https://www.judiciary.uk/prevention-of-future-death-reports/christopher-bird-prevention-of-future-deaths-report/,2025-09-23,A lack of effective coordination between secondary and primary care levels exists regarding mental health referrals.,Inadequate coordination between primary and secondary mental health care services.,Care coordination failure,0.9399408102035522,5
35,iss_0022379,https://www.judiciary.uk/prevention-of-future-death-reports/janet-blackman/,2014-04-29,There is a lack of seamless care delivery between physical and mental health units.,Lack of integrated care between physical and mental health services.,Care fragmentation,0.9394651651382446,6
35,iss_0006884,https://www.judiciary.uk/prevention-of-future-death-reports/kirsty-taylor-prevention-of-future-deaths-report/,2023-07-28,Mental health and physical health services lack sufficient connectivity and inter-service collaboration.,Insufficient integration between mental and physical health services.,Service fragmentation,0.936142086982727,7
35,iss_0013370,https://www.judiciary.uk/prevention-of-future-death-reports/reece-lapina-amarelle/,2019-08-09,Information sharing between the Mental Health Trust and the Substance and Alcohol Misuse Service is insufficient.,Insufficient information sharing between mental health and substance misuse services.,Information sharing,0.9355288743972778,8
35,iss_0017435,https://www.judiciary.uk/prevention-of-future-death-reports/stephen-mcdermott/,2017-03-17,There is a lack of integrated information sharing between mental health and drug and alcohol recovery services.,Insufficient information sharing between mental health and substance misuse services.,Information integration failure,0.9355288743972778,9
35,iss_0005291,https://www.judiciary.uk/prevention-of-future-death-reports/adrian-james-prevention-of-future-deaths-report/,2024-03-07,Communication between the primary care network multidisciplinary team and psychological treatment providers was inadequate.,Inadequate communication between primary care teams and psychological treatment providers.,Communication failure,0.9155161380767822,10
35,iss_0023503,https://www.judiciary.uk/prevention-of-future-death-reports/dunham-2013-0229/,2013-09-12,Information sharing between mental health professionals was ineffective.,Ineffective information sharing between mental health professionals.,Communication failure,0.912148118019104,11
35,iss_0014189,https://www.judiciary.uk/prevention-of-future-death-reports/peter-garvin/,2019-02-27,Communication between the Community Mental Health Team and GPs regarding prescribing must be improved.,Inadequate communication between mental health teams and GPs regarding prescribing.,Communication failure,0.9032347202301025,12
36,iss_0008663,https://www.judiciary.uk/prevention-of-future-death-reports/ernest-bacon-prevention-of-future-deaths-report/,2022-08-06,The patient was not placed on the required sepsis pathway despite clinical triggers.,Failure to initiate required sepsis pathway despite clinical indicators.,Clinical pathway failure,0.9644306898117065,1
36,iss_0007941,https://www.judiciary.uk/prevention-of-future-death-reports/michael-allen-prevention-of-future-deaths-report/,2023-01-19,The sepsis protocol was not effectively initiated.,Failure to effectively initiate the sepsis protocol.,Clinical protocol non-compliance,0.9631251692771912,2
36,iss_0005907,https://www.judiciary.uk/prevention-of-future-death-reports/nuel-junior-dzernjo-prevention-of-future-deaths-report/,2023-12-18,"The sepsis pathway was not followed despite clinical signs of pyrexia, tachycardia, and tachypnoea.",Failure to follow the sepsis pathway despite clinical indicators of sepsis.,Clinical pathway non-compliance,0.9514710903167725,3
36,iss_0006282,https://www.judiciary.uk/prevention-of-future-death-reports/madeleine-lawrence-prevention-of-future-deaths-report/,2023-11-06,Prompt treatment for presumed sepsis was not initiated.,Failure to initiate prompt treatment for suspected sepsis.,Delayed clinical intervention,0.9487717747688293,4
36,iss_0006386,https://www.judiciary.uk/prevention-of-future-death-reports/thomas-doyle-prevention-of-future-deaths-report/,2023-10-20,The Trust failed to commence the required sepsis diagnostic pathway upon admission despite clinical indicators.,Failure to initiate required sepsis diagnostic pathway upon admission.,Clinical pathway failure,0.9483925104141235,5
36,iss_0005228,https://www.judiciary.uk/prevention-of-future-death-reports/ernest-smith-prevention-of-future-deaths-report/,2024-03-14,The Sepsis Protocol was not followed after sepsis was identified.,Failure to follow established sepsis protocol after diagnosis.,Clinical protocol non-compliance,0.9458614587783813,6
36,iss_0018173,https://www.judiciary.uk/prevention-of-future-death-reports/barry-thompson/,2016-10-11,Staff failed to comply with national and local sepsis protocols regarding timely medical review and antibiotic administration.,Failure to comply with established sepsis clinical protocols.,Clinical protocol non-compliance,0.9429110288619995,7
36,iss_0006387,https://www.judiciary.uk/prevention-of-future-death-reports/thomas-doyle-prevention-of-future-deaths-report/,2023-10-20,There were multiple missed opportunities to initiate the sepsis diagnostic process within twenty-four hours of admission.,Failure to initiate sepsis diagnostics within twenty-four hours of admission.,Diagnostic delay,0.9428060054779053,8
36,iss_0004356,https://www.judiciary.uk/prevention-of-future-death-reports/david-morris-prevention-of-future-deaths-report/,2024-07-04,Staff failed to escalate care and initiate treatment following the identification of sepsis symptoms.,Failure to escalate care and initiate treatment following identification of sepsis symptoms.,Clinical escalation failure,0.940101146697998,9
36,iss_0005908,https://www.judiciary.uk/prevention-of-future-death-reports/nuel-junior-dzernjo-prevention-of-future-deaths-report/,2023-12-18,The paediatric registrar failed to initiate the sepsis protocol because they attributed symptoms solely to chicken pox.,Failure to initiate sepsis protocol due to misdiagnosis of symptoms.,Diagnostic error,0.9387153387069702,10
36,iss_0015456,https://www.judiciary.uk/prevention-of-future-death-reports/patricia-palin/,2018-06-19,Sepsis six care bundles were not followed in accordance with guidelines.,Failure to follow sepsis care bundle guidelines.,Clinical protocol non-compliance,0.9310414791107178,11
36,iss_0001770,https://www.judiciary.uk/prevention-of-future-death-reports/charlotte-alderson-prevention-of-future-deaths-report/,2025-06-18,There is a need for the rapid development of measures to assist clinicians in the early identification and treatment of sepsis.,Lack of rapid measures for early identification and treatment of sepsis.,Clinical diagnostic delay,0.9278098344802856,12
37,iss_0006211,https://www.judiciary.uk/prevention-of-future-death-reports/igor-szalapski-prevention-of-future-deaths-report-2/,2023-11-13,Staff failed to conduct required welfare checks on Igor during their shifts.,Failure to perform required welfare checks on an individual.,Neglect of duty,0.9544072151184082,1
37,iss_0010761,https://www.judiciary.uk/prevention-of-future-death-reports/liam-kenyon/,2021-05-19,Staff failed to conduct physical welfare checks when the resident failed to respond to knocks on the door.,Failure to conduct physical welfare checks following lack of response.,Failure of supervision,0.9539616107940674,2
37,iss_0006969,https://www.judiciary.uk/prevention-of-future-death-reports/sylvia-pollitt-prevention-of-future-deaths-report/,2023-07-19,The housing association failed to conduct welfare checks following unsuccessful contact by the subcontractor.,Failure to conduct welfare checks after unsuccessful contact attempts.,Failure of duty of,0.9505602121353149,3
37,iss_0021360,https://www.judiciary.uk/prevention-of-future-death-reports/amar-majid/,2014-11-11,Staff failed to check the deceased's well-being despite regular cleaning intervals.,Failure to conduct required welfare checks on deceased individuals.,Neglect of care,0.9392914772033691,4
37,iss_0023477,https://www.judiciary.uk/prevention-of-future-death-reports/clark-2013-0231-2/,2013-09-17,Staff failed to conduct welfare checks on the deceased during the period he was known to be on the landing.,Failure to conduct required welfare checks on a person in care.,Failure of supervision,0.937881588935852,5
37,iss_0002798,https://www.judiciary.uk/prevention-of-future-death-reports/naomi-suleyman-prevention-of-future-deaths-report/,2025-01-29,The LBL out-of-hours social worker failed to conduct the required welfare check upon discharge.,Failure to conduct a required welfare check upon discharge.,Procedural non-compliance,0.9331333637237549,6
37,iss_0010112,https://www.judiciary.uk/prevention-of-future-death-reports/charlotte-duffield-prevention-of-future-deaths-report/,2021-10-05,Adult Social Care failed to conduct a physical welfare check after unsuccessful telephone contact attempts.,Failure to conduct a physical welfare check following unsuccessful telephone contact.,Safeguarding failure,0.9308110475540161,7
37,iss_0014572,https://www.judiciary.uk/prevention-of-future-death-reports/diane-greenslade/,2018-12-21,Staff failed to upgrade the call category or request a police welfare check after failing to contact the resident.,Failure to escalate or request welfare checks following unsuccessful contact.,Procedural non-compliance,0.9279127717018127,8
37,iss_0007959,https://www.judiciary.uk/prevention-of-future-death-reports/john-henderson-prevention-of-future-deaths-report/,2023-01-17,Staff failed to check the welfare of the deceased at the start of the day.,Failure to perform required welfare checks on deceased individuals.,Failure of monitoring,0.9250479340553284,9
37,iss_0005279,https://www.judiciary.uk/prevention-of-future-death-reports/rose-hollingworth-prevention-of-future-deaths-report/,2024-03-08,The carer failed to conduct a proper welfare check during the first visit.,Failure to perform an adequate welfare check during a scheduled visit.,Inadequate care monitoring,0.9210876226425171,10
37,iss_0015245,https://www.judiciary.uk/prevention-of-future-death-reports/richard-barrett/,2018-07-30,The Ambulance Trust failed to request assistance from the police for a welfare check.,Failure to request police assistance for a welfare check.,Emergency service failure,0.9074567556381226,11
37,iss_0022199,https://www.judiciary.uk/prevention-of-future-death-reports/stephen-ward/,2014-05-29,The crisis team did not follow up with the police after receiving no response to their initial welfare check request.,Failure to follow up with police after an unsuccessful welfare check request.,Procedural non-compliance,0.9071815609931946,12
38,iss_0018339,https://www.judiciary.uk/prevention-of-future-death-reports/stephen-cahill/,2016-08-23,The existing gate and fencing provide insufficient deterrence against unauthorised access to the railway line.,Inadequate physical barriers to prevent unauthorised access to the railway.,Security perimeter failure,0.9626041650772095,1
38,iss_0014245,https://www.judiciary.uk/prevention-of-future-death-reports/steven-key/,2019-02-25,The existing wooden fence and gate failed to prevent unauthorised access to the tracks.,Inadequate physical barriers failed to prevent unauthorised access to railway tracks.,Perimeter security failure,0.9614795446395874,2
38,iss_0015110,https://www.judiciary.uk/prevention-of-future-death-reports/kevin-sherwood/,2018-09-11,The railway boundary lacks sufficient physical barriers to prevent unauthorised access.,Insufficient physical barriers to prevent unauthorised railway boundary access.,Inadequate perimeter security,0.9573380947113037,3
38,iss_0015442,https://www.judiciary.uk/prevention-of-future-death-reports/andrew-hanahoe/,2018-06-19,An enclosed footbridge and suitable fencing should be installed to prevent track access.,Lack of physical barriers to prevent unauthorised track access.,Unauthorised track access,0.9567527770996094,4
38,iss_0009710,https://www.judiciary.uk/prevention-of-future-death-reports/gregory-barber-prevention-of-future-deaths-report/,2021-12-24,Access to the railway tracks is not sufficiently curtailed at the identified location.,Inadequate restriction of access to railway tracks.,Unauthorised track access,0.9562645554542542,5
38,iss_0012180,https://www.judiciary.uk/prevention-of-future-death-reports/jordan-aira/,2020-03-30,There were no physical boundaries at the end of the platform to prevent access to the railway tracks.,Lack of physical barriers to prevent access to railway tracks.,Unauthorised track access,0.9534672498703003,6
38,iss_0018422,https://www.judiciary.uk/prevention-of-future-death-reports/susan-hamlett/,2016-08-04,The wooden access gate at Lower Farm Road provides insufficient deterrence against unauthorised entry to the railway line.,Inadequate physical barriers allow unauthorised access to the railway line.,Unauthorised access risk,0.9494308829307556,7
38,iss_0008903,https://www.judiciary.uk/prevention-of-future-death-reports/connor-marron-prevention-of-future-deaths-report/,2022-06-22,The fence separating the venue grounds from the railway track was inadequate to prevent ingress.,Inadequate perimeter fencing allows unauthorised access to the railway track.,Perimeter security failure,0.9396718144416809,8
38,iss_0014244,https://www.judiciary.uk/prevention-of-future-death-reports/steven-key/,2019-02-25,The fencing at the scene was too low to prevent access to the railway line.,Inadequate fencing height fails to prevent unauthorised access to the railway line.,Perimeter security failure,0.9350569844245911,9
38,iss_0015149,https://www.judiciary.uk/prevention-of-future-death-reports/daniel-omahony/,2018-08-30,Anti-trespass measures are not installed at the end of platforms to prevent access to the railway lines.,Lack of anti-trespass measures at platform ends to prevent track access.,Trespass prevention,0.9322001934051514,10
38,iss_0017724,https://www.judiciary.uk/prevention-of-future-death-reports/thomas-coyne/,2017-01-19,There is no physical barrier at the end of platform three to prevent access to the tracks.,Lack of physical barriers to prevent track access at platform ends.,Platform safety hazard,0.9288910627365112,11
38,iss_0018423,https://www.judiciary.uk/prevention-of-future-death-reports/susan-hamlett/,2016-08-04,The wooden fence surrounding the access gate is of inadequate height to prevent access to the tracks.,Inadequate fence height prevents unauthorised access to the tracks.,Perimeter security,0.9012393951416016,12
39,iss_0012781,https://www.judiciary.uk/prevention-of-future-death-reports/maureen-milton/,2019-11-22,There is a lack of awareness regarding the fire risk posed by petrol-based emollient creams.,Insufficient awareness of fire risks from petrol-based emollient creams.,Safety awareness,0.9743553996086121,1
39,iss_0015491,https://www.judiciary.uk/prevention-of-future-death-reports/kevin-freely/,2018-06-07,The fire hazard of paraffin-based emollient creams is not being sufficiently addressed by patients and care organisations.,Inadequate management of fire risks associated with paraffin-based emollient creams.,Fire safety risk,0.9722245931625366,2
39,iss_0020030,https://www.judiciary.uk/prevention-of-future-death-reports/john-hills/,2015-08-11,The potential fire risks of lower percentage paraffin-based emollient creams have not been adequately assessed or addressed.,Inadequate assessment of fire risks in low-percentage paraffin-based emollient creams.,Product safety risk,0.9640944004058838,3
39,iss_0016903,https://www.judiciary.uk/prevention-of-future-death-reports/pauline-taylor-2/,2017-07-21,Care homes may lack awareness of the fire risks associated with low-paraffin emollient creams.,Lack of awareness regarding fire risks from low-paraffin emollient creams in care homes.,Fire safety awareness,0.9556012153625488,4
39,iss_0020028,https://www.judiciary.uk/prevention-of-future-death-reports/john-hills/,2015-08-11,Prescribing clinicians and pharmacies failed to consider or communicate the fire risks of paraffin-based emollients to the resident and care staff.,Failure to communicate fire risks associated with paraffin-based emollients.,Information communication failure,0.9511866569519043,5
39,iss_0010385,https://www.judiciary.uk/prevention-of-future-death-reports/pauline-allison-prevention-of-future-deaths-report/,2021-08-03,"There is insufficient awareness among families, carers, and GPs regarding the fire risks posed by emollient creams.",Insufficient awareness of fire risks associated with emollient creams.,Safety awareness deficit,0.9483085870742798,6
39,iss_0020029,https://www.judiciary.uk/prevention-of-future-death-reports/john-hills/,2015-08-11,There is insufficient information provided to care home staff regarding the ignition risks of emollient creams in community settings.,Inadequate information regarding the ignition risks of emollient creams.,Information deficiency,0.946235179901123,7
39,iss_0001367,https://www.judiciary.uk/prevention-of-future-death-reports/james-rownsley-prevention-of-future-deaths-report/,2025-08-12,There is a lack of awareness among professionals and the public regarding emollient fire risks.,Insufficient awareness of fire risks associated with emollients.,Safety awareness,0.9450819492340088,8
39,iss_0016900,https://www.judiciary.uk/prevention-of-future-death-reports/pauline-taylor-2/,2017-07-21,Healthcare professionals in hospital and community settings may lack awareness of the fire risks posed by low-paraffin emollient creams.,Healthcare professionals lack awareness of fire risks from low-paraffin emollient creams.,Safety awareness deficit,0.9406607747077942,9
39,iss_0016898,https://www.judiciary.uk/prevention-of-future-death-reports/pauline-taylor-2/,2017-07-21,Emollient creams containing low levels of paraffin pose a potential fire hazard.,Paraffin content in emollient creams poses a fire hazard.,Flammability risk,0.9193176031112671,10
39,iss_0016901,https://www.judiciary.uk/prevention-of-future-death-reports/pauline-taylor-2/,2017-07-21,Members of the public purchasing emollient creams over the counter are not verbally warned of potential fire hazards.,Lack of verbal warnings regarding fire hazards when purchasing emollient creams.,Product safety communication,0.9018632173538208,11
39,iss_0015510,https://www.judiciary.uk/prevention-of-future-death-reports/brian-bicat/,2018-05-29,Paraffin-based emollients pose a potential fire hazard risk.,Paraffin-based emollients present a potential fire hazard.,Fire safety risk,0.892247200012207,12
40,iss_0016982,https://www.judiciary.uk/prevention-of-future-death-reports/john-ramsden/,2017-07-06,The pharmacy failed to deliver prescribed medication in a timely manner.,Failure to deliver prescribed medication in a timely manner.,Service delivery delay,0.9636802077293396,1
40,iss_0002530,https://www.judiciary.uk/prevention-of-future-death-reports/raymond-jennings-prevention-of-future-deaths-report/,2025-03-06,The care home failed to promptly administer prescribed antibiotics.,Failure to administer prescribed medication in a timely manner.,Medication administration error,0.9566482901573181,2
40,iss_0021725,https://www.judiciary.uk/prevention-of-future-death-reports/martin-hill-2/,2014-08-22,Prescribed Pabrinex was not administered to the patient.,Failure to administer prescribed medication to a patient.,Medication administration error,0.9543866515159607,3
40,iss_0022737,https://www.judiciary.uk/prevention-of-future-death-reports/herta-woods/,2014-02-26,Prescribed Oramorph was not administered to the patient.,Failure to administer prescribed medication to a patient.,Medication administration error,0.9543866515159607,4
40,iss_0018354,https://www.judiciary.uk/prevention-of-future-death-reports/george-watson/,2016-08-19,The hospital failed to ensure patients were discharged with necessary oral pain relief.,Failure to provide necessary medication upon patient discharge.,Medication management error,0.9458047151565552,5
40,iss_0018855,https://www.judiciary.uk/prevention-of-future-death-reports/patrick-mcgagh/,2016-04-28,The patient was not provided with prescribed antibiotics upon discharge from the hospital.,Failure to provide prescribed medication upon hospital discharge.,Medication administration error,0.9399478435516357,6
40,iss_0003009,https://www.judiciary.uk/prevention-of-future-death-reports/david-crompton-prevention-of-future-deaths-report/,2024-12-31,The pharmacy failed to supply essential anti-epileptic medication promptly on two separate occasions.,Failure to provide essential medication in a timely manner.,Medication supply delay,0.9387609362602234,7
40,iss_0022500,https://www.judiciary.uk/prevention-of-future-death-reports/leslie-harding/,2014-04-08,The surgery failed to provide necessary prescriptions for Clexane over several periods.,Failure to provide necessary prescriptions for medication over multiple periods.,Prescription omission,0.9322285652160645,8
40,iss_0018734,https://www.judiciary.uk/prevention-of-future-death-reports/rodney-blair/,2016-05-19,The prisoner was not referred to a GP to continue his existing antidepressant prescription.,Failure to provide continuity of care for existing medication prescriptions.,Healthcare continuity,0.9193177223205566,9
40,iss_0010076,https://www.judiciary.uk/prevention-of-future-death-reports/darren-lawrence-prevention-of-future-deaths-report/,2021-10-15,The GP practice failed to ensure the prescribed medication was issued despite receiving clinical requests.,Failure to issue prescribed medication following clinical requests.,Medication administration error,0.9159315228462219,10
40,iss_0012777,https://www.judiciary.uk/prevention-of-future-death-reports/david-potts/,2019-11-26,The prescribed Beriplex was not administered in a timely manner.,Delayed administration of prescribed medication.,Medication administration error,0.9149366021156311,11
40,iss_0015452,https://www.judiciary.uk/prevention-of-future-death-reports/patricia-palin/,2018-06-19,"Essential prescribed medication was not in stock, causing a delay in administration.",Delay in medication administration due to lack of stock.,Medication availability,0.9057251811027527,12
41,iss_0022654,https://www.judiciary.uk/prevention-of-future-death-reports/afifa-qaisar/,2014-03-10,Nursing records failed to accurately confirm whether drugs were actually administered to the patient.,Inaccurate documentation of medication administration in nursing records.,Documentation error,0.9718528985977173,1
41,iss_0012047,https://www.judiciary.uk/prevention-of-future-death-reports/mildred-horrex/,2020-06-08,Medication administration records were inaccurate.,Inaccuracy in medication administration records.,Documentation error,0.9610246419906616,2
41,iss_0000568,https://www.judiciary.uk/prevention-of-future-death-reports/valerie-gibson-prevention-of-future-deaths-report/,2025-12-17,Medication administration was incorrectly recorded on the electronic medication record by different registered nurses.,Inaccurate recording of medication administration in electronic records.,Documentation error,0.9589492678642273,3
41,iss_0021056,https://www.judiciary.uk/prevention-of-future-death-reports/philip-smith/,2015-01-21,Nursing staff failed to record the administration of Tramadol.,Failure to record medication administration.,Documentation error,0.9437354803085327,4
41,iss_0006964,https://www.judiciary.uk/prevention-of-future-death-reports/shane-west-prevention-of-future-deaths-report/,2023-07-19,There were discrepancies between nursing notes and prescription charts regarding laxative administration.,Discrepancies between nursing documentation and medication administration records.,Documentation inconsistency,0.9434438943862915,5
41,iss_0020804,https://www.judiciary.uk/prevention-of-future-death-reports/leonardus-vries/,2015-03-09,Documentary deficiencies prevented precise tracking of administered controlled medication.,Inaccurate documentation of administered controlled medication.,Medication administration errors,0.9377485513687134,6
41,iss_0006741,https://www.judiciary.uk/prevention-of-future-death-reports/miss-c-prevention-of-future-deaths-report/,2023-08-25,There were discrepancies between the clinical notes and the drug chart regarding the amount of dextrose administered.,Discrepancies between clinical notes and medication charts regarding administered doses.,Documentation inconsistency,0.9321740865707397,7
41,iss_0014545,https://www.judiciary.uk/prevention-of-future-death-reports/janice-davies/,2018-12-31,Clinical observations were not documented following administration of oramorph.,Failure to document clinical observations after medication administration.,Documentation failure,0.9226604700088501,8
41,iss_0004743,https://www.judiciary.uk/prevention-of-future-death-reports/margaret-clement-prevention-of-future-deaths-report/,2024-05-14,Nursing records on Reedyford ward were inadequate regarding medication recording and medical review requests.,Inadequate nursing documentation regarding medication administration and medical review requests.,Clinical documentation failure,0.9212626218795776,9
41,iss_0006414,https://www.judiciary.uk/prevention-of-future-death-reports/jason-bayley-prevention-of-future-deaths-report/,2023-10-17,Inaccurate documentation of medication administration poses a risk to patient safety.,Inaccurate documentation of medication administration risks patient safety.,Clinical documentation error,0.9201115965843201,10
41,iss_0020295,https://www.judiciary.uk/prevention-of-future-death-reports/lottie-reid/,2015-06-25,The electronic medication administration chart did not match the discharge letter and prescription.,Discrepancy between electronic medication records and discharge documentation.,Medication documentation error,0.8990879058837891,11
41,iss_0016614,https://www.judiciary.uk/prevention-of-future-death-reports/james-maddox/,2017-09-17,A clerical error led to the failure to recognise aspirin administration by the ambulance service.,Failure to record medication administration due to a clerical error.,Documentation error,0.8954682350158691,12
42,iss_0002562,https://www.judiciary.uk/prevention-of-future-death-reports/lachlan-campbell-1-prevention-of-future-deaths-report/,2025-02-28,Information sharing between the South Western Ambulance Service and Devon and Cornwall Police was inadequate.,Inadequate information sharing between emergency services.,Inter-agency communication,0.9711048603057861,1
42,iss_0012231,https://www.judiciary.uk/prevention-of-future-death-reports/jason-pendlebury/,2020-03-12,"Communication systems between the police, ambulance service, GPs, and mental health professionals were inadequate.",Inadequate communication between emergency services and healthcare professionals.,Inter-agency communication,0.9695202112197876,2
42,iss_0019179,https://www.judiciary.uk/prevention-of-future-death-reports/lisa-day/,2016-02-23,Communication between the 111 service and the London Ambulance Service was ineffective.,Ineffective communication between emergency services.,Inter-agency communication,0.9535133838653564,3
42,iss_0000703,https://www.judiciary.uk/prevention-of-future-death-reports/aminata-coulibaly-prevention-of-future-deaths-report/,2025-11-26,Essex Police failed to share details of a distressed phone call with the mental health Trust.,Failure to share critical information between emergency services and healthcare providers.,Information sharing failure,0.9462372064590454,4
42,iss_0022925,https://www.judiciary.uk/prevention-of-future-death-reports/paul-rogerson/,2014-01-22,Communication between Police Control and the Fire and Rescue Service during rescues is insufficient.,Insufficient communication between emergency services during rescue operations.,Inter-agency communication,0.943718433380127,5
42,iss_0011566,https://www.judiciary.uk/prevention-of-future-death-reports/agnes-marchessou/,2020-11-27,Police officers failed to communicate crucial information from the bus driver to the ambulance crew and hospital staff.,Failure to communicate critical information between emergency responders and medical staff.,Communication failure,0.9437081217765808,6
42,iss_0020750,https://www.judiciary.uk/prevention-of-future-death-reports/grant-benson/,2015-03-18,There is a lack of a joined-up approach between different emergency services.,Lack of coordination between different emergency services.,Inter-agency coordination,0.939016580581665,7
42,iss_0014466,https://www.judiciary.uk/prevention-of-future-death-reports/mark-harris/,2019-01-17,There is no agreed protocol between the ambulance and police services to facilitate effective communication.,Lack of standardised communication protocols between emergency services.,Inter-agency communication,0.932914137840271,8
42,iss_0007258,https://www.judiciary.uk/prevention-of-future-death-reports/ivan-ignatov-prevention-of-future-deaths-report/,2023-06-08,A lack of direct communication channels between emergency services and search and rescue agencies causes operational misunderstandings.,Insufficient communication channels between emergency services and search and rescue agencies.,Inter-agency communication failure,0.9214863777160645,9
42,iss_0013479,https://www.judiciary.uk/prevention-of-future-death-reports/richard-carlon/,2019-07-22,Communication between emergency services and mental health teams was inadequate.,Inadequate communication between emergency services and mental health teams.,Inter-agency communication,0.9149587154388428,10
42,iss_0009919,https://www.judiciary.uk/prevention-of-future-death-reports/joseph-martin-prevention-of-future-deaths-report/,2021-11-16,The police failed to communicate urgent medical history to hospital staff during a mental health crisis.,Failure to communicate critical medical information during a crisis.,Information handover failure,0.8906773328781128,11
42,iss_0010864,https://www.judiciary.uk/prevention-of-future-death-reports/richard-ormond/,2021-05-05,Prison staff failed to communicate critical patient information to the ambulance service promptly.,Failure to communicate critical patient information to emergency services promptly.,Communication failure,0.8815537691116333,12
43,iss_0009447,https://www.judiciary.uk/prevention-of-future-death-reports/vijaykumar-gadhavi-prevention-of-future-deaths-report/,2022-02-28,The allocated nurse failed to conduct a required risk assessment.,Failure to conduct a required risk assessment.,Clinical negligence,0.9676386713981628,1
43,iss_0020249,https://www.judiciary.uk/prevention-of-future-death-reports/tommy-faisali/,2015-07-06,Mental health teams are failing to complete or document necessary risk assessments.,Failure to complete or document required risk assessments.,Clinical documentation failure,0.9603720903396606,2
43,iss_0002057,https://www.judiciary.uk/prevention-of-future-death-reports/george-fraser-prevention-of-future-deaths-report/,2025-05-23,The Mental Health and Wellbeing Team failed to conduct a robust risk assessment.,Failure to conduct a robust risk assessment.,Inadequate risk management,0.9587047100067139,3
43,iss_0010285,https://www.judiciary.uk/prevention-of-future-death-reports/hazel-wiltshire-prevention-of-future-deaths-report/,2021-09-01,No risk assessments were completed across the three wards despite identified fall risks.,Failure to complete risk assessments despite identified risks.,Risk management failure,0.9578782320022583,4
43,iss_0001013,https://www.judiciary.uk/prevention-of-future-death-reports/tony-duncan-prevention-of-future-deaths-report/,2025-10-15,No evidence exists that a formal risk assessment was completed despite recognised risks to self and others.,Failure to complete a formal risk assessment despite identified risks.,Risk management failure,0.9557150602340698,5
43,iss_0014155,https://www.judiciary.uk/prevention-of-future-death-reports/david-mobsby/,2019-03-11,No risk assessments were undertaken for specific work tasks.,Failure to conduct risk assessments for specific work tasks.,Risk assessment failure,0.9463040828704834,6
43,iss_0007065,https://www.judiciary.uk/prevention-of-future-death-reports/chrisitian-tuvi-prevention-of-future-deaths-report/,2023-07-10,Site-specific risk assessments were not completed.,Failure to complete site-specific risk assessments.,Risk assessment failure,0.9392672777175903,7
43,iss_0006514,https://www.judiciary.uk/prevention-of-future-death-reports/paula-lenihan-prevention-of-future-deaths-report/,2023-10-02,There is an ongoing failure within the Trust to ensure the satisfactory completion of risk assessments.,Failure to ensure the satisfactory completion of risk assessments.,Risk management failure,0.9326629042625427,8
43,iss_0005713,https://www.judiciary.uk/prevention-of-future-death-reports/nadia-wyatt-prevention-of-future-deaths-report/,2024-01-15,Failure to undertake or record risk assessments at appropriate stages.,Failure to conduct or document risk assessments at required stages.,Risk management failure,0.9312501549720764,9
43,iss_0016905,https://www.judiciary.uk/prevention-of-future-death-reports/pauline-taylor-2/,2017-07-21,Locala failed to undertake a further risk assessment following a significant change in the patient's circumstances.,Failure to conduct a risk assessment following a significant change in circumstances.,Risk assessment failure,0.9292144775390625,10
43,iss_0011017,https://www.judiciary.uk/prevention-of-future-death-reports/john-brumfitt/,2021-04-06,Opportunities to assess risks and take preventative action were missed.,Failure to identify risks and implement preventative measures.,Risk management failure,0.9200124740600586,11
43,iss_0022288,https://www.judiciary.uk/prevention-of-future-death-reports/gary-richards/,2014-05-09,Clinical staff failed to utilise appropriate risk assessment tools.,Failure to use appropriate risk assessment tools.,Clinical process failure,0.9079183340072632,12
44,iss_0021373,https://www.judiciary.uk/prevention-of-future-death-reports/mark-hancock/,2014-11-10,Multi-disciplinary team meeting records were not maintained.,Failure to maintain multi-disciplinary team meeting records.,Record keeping failure,0.9545063972473145,1
44,iss_0017012,https://www.judiciary.uk/prevention-of-future-death-reports/robert-cardwell/,2017-06-23,Record keeping during multidisciplinary team meetings was insufficient.,Inadequate documentation of multidisciplinary team meetings.,Inadequate record keeping,0.9539939761161804,2
44,iss_0018036,https://www.judiciary.uk/prevention-of-future-death-reports/michaela-thompson/,2016-11-02,Multi-disciplinary team meetings were inadequately documented in the case notes.,Inadequate documentation of multidisciplinary team meetings in case notes.,Incomplete clinical documentation,0.9539731740951538,3
44,iss_0014791,https://www.judiciary.uk/prevention-of-future-death-reports/thomas-jackson/,2018-11-13,The conduct of multi-disciplinary team meetings is inadequate.,Inadequate conduct of multidisciplinary team meetings.,Meeting management,0.9499813318252563,4
44,iss_0006098,https://www.judiciary.uk/prevention-of-future-death-reports/teresa-chmielek-prevention-of-future-deaths-report/,2023-11-24,The SPoE Nurse failed to include information regarding a recent suicide attempt in the screening MDT meeting notes.,Failure to record critical clinical information in multidisciplinary team meeting notes.,Clinical documentation error,0.9487175345420837,5
44,iss_0023490,https://www.judiciary.uk/prevention-of-future-death-reports/reggie-johns/,2013-09-16,Prison staff failed to hold a multi-disciplinary meeting as required by Prison Service Order 2700.,Failure to conduct required multi-disciplinary meetings.,Procedural non-compliance,0.9321622848510742,6
44,iss_0011693,https://www.judiciary.uk/prevention-of-future-death-reports/linda-doherty/,2020-11-05,Procedures to ensure MDT meeting recommendations are actioned were inadequate.,Inadequate procedures for actioning multidisciplinary team meeting recommendations.,Clinical governance failure,0.919920802116394,7
44,iss_0014241,https://www.judiciary.uk/prevention-of-future-death-reports/keith-heatley/,2019-02-26,Multidisciplinary team meetings were not consistently recorded within the clinical notes.,Inconsistent recording of multidisciplinary team meetings in clinical notes.,Documentation deficiency,0.9168927669525146,8
44,iss_0003636,https://www.judiciary.uk/prevention-of-future-death-reports/locket-williams-prevention-of-future-deaths-report/,2024-10-14,CAMHS staff do not always attend or engage with Core Group Meetings.,Staff failure to attend or engage with multidisciplinary meetings.,Professional engagement,0.9120809435844421,9
44,iss_0018861,https://www.judiciary.uk/prevention-of-future-death-reports/ernest-higgs/,2016-04-27,The GP failed to record clinical advice in the multi-disciplinary notes.,Failure to record clinical advice in multi-disciplinary notes.,Incomplete clinical documentation,0.9114094972610474,10
44,iss_0017010,https://www.judiciary.uk/prevention-of-future-death-reports/robert-cardwell/,2017-06-23,The multidisciplinary team failed to discuss a patient despite receiving information regarding their care needs.,Failure to conduct multidisciplinary team discussions regarding patient care needs.,Communication failure,0.9105967283248901,11
44,iss_0002113,https://www.judiciary.uk/prevention-of-future-death-reports/tina-doig-prevention-of-future-deaths-report/,2025-05-16,A multidisciplinary team meeting was not held to discuss the proposed treatment and risks.,Failure to hold a multidisciplinary team meeting to discuss treatment and risks.,Clinical governance failure,0.9098637700080872,12
45,iss_0011809,https://www.judiciary.uk/prevention-of-future-death-reports/daphne-mckenna/,2020-10-01,There is a lack of safety signage to alert the public to the danger.,Insufficient safety signage to warn of potential hazards.,Inadequate safety warnings,0.9622135758399963,1
45,iss_0021161,https://www.judiciary.uk/prevention-of-future-death-reports/kevin-lawrence/,2014-12-18,Existing warning signage is insufficiently large and positioned too low.,Warning signage is inadequate in size and placement.,Inadequate safety signage,0.9527575969696045,2
45,iss_0021536,https://www.judiciary.uk/prevention-of-future-death-reports/kai-lambe/,2014-10-06,Safety signage at the site is insufficient.,Inadequate safety signage at the site.,Safety signage deficiency,0.9463157653808594,3
45,iss_0015593,https://www.judiciary.uk/prevention-of-future-death-reports/hans-peter-schmidt/,2018-05-14,There is a lack of warning signs and pictograms at public locations within the resort.,Insufficient warning signage and pictograms at public locations.,Inadequate safety signage,0.9320266246795654,4
45,iss_0000093,https://www.judiciary.uk/prevention-of-future-death-reports/william-webb-prevention-of-future-deaths-report/,2026-02-26,There is no signage nearby to alert the public to potential risks.,Lack of warning signage for potential hazards.,Inadequate safety signage,0.931272566318512,5
45,iss_0011531,https://www.judiciary.uk/prevention-of-future-death-reports/william-israel/,2020-12-03,Warning signage at the station is insufficiently prominent and lacks adequate highlighting.,Warning signage is insufficiently prominent and lacks adequate highlighting.,Inadequate safety signage,0.9268710613250732,6
45,iss_0020971,https://www.judiciary.uk/prevention-of-future-death-reports/jordan-roberts/,2015-02-06,Existing warning signs are too small and difficult to notice.,Warning signs are insufficiently sized and lack visibility.,Inadequate signage,0.9259658455848694,7
45,iss_0004966,https://www.judiciary.uk/prevention-of-future-death-reports/david-carpenter-prevention-of-future-deaths-report/,2024-04-22,Public warning signs regarding the danger zone are insufficiently visible.,Warning signs for danger zones are insufficiently visible.,Inadequate safety signage,0.924979031085968,8
45,iss_0002789,https://www.judiciary.uk/prevention-of-future-death-reports/alex-crook-prevention-of-future-deaths-report/,2025-01-30,There is an urgent need for life-saving equipment and improved signage at the site.,Inadequate emergency equipment and safety signage at the site.,Safety equipment deficiency,0.8799552917480469,9
45,iss_0022847,https://www.judiciary.uk/prevention-of-future-death-reports/daniel-jones/,2014-02-03,The roadside warning triangle sign at the junction is insufficiently visible to road users.,Roadside warning signage is insufficiently visible to road users.,Inadequate visibility,0.877110481262207,10
45,iss_0009843,https://www.judiciary.uk/prevention-of-future-death-reports/jordan-mhlanga-veira-prevention-of-future-deaths-report/,2021-11-26,"Warning signs, throw ropes, and buoys should be considered for the site.",Inadequate provision of safety signage and rescue equipment at the site.,Safety equipment deficiency,0.8537712097167969,11
46,iss_0012163,https://www.judiciary.uk/prevention-of-future-death-reports/edna-davenport/,2020-04-03,Staff failed to perform neurological observations following a visible head injury.,Failure to perform neurological observations following a head injury.,Clinical monitoring failure,0.9699575901031494,1
46,iss_0016428,https://www.judiciary.uk/prevention-of-future-death-reports/william-bergman/,2017-10-31,The staff nurse failed to perform immediate general and neurological observations following the head injury.,Failure to perform required neurological observations following a head injury.,Clinical monitoring failure,0.9666911363601685,2
46,iss_0021032,https://www.judiciary.uk/prevention-of-future-death-reports/john-matthews/,2015-01-29,Neurological observations were not instituted as required.,Failure to perform required neurological observations.,Clinical monitoring failure,0.9535163640975952,3
46,iss_0022720,https://www.judiciary.uk/prevention-of-future-death-reports/peter-norman-nott/,2014-02-28,Trained staff failed to undertake neurological observations following a fall.,Failure to perform required neurological observations following a patient fall.,Clinical monitoring failure,0.9499503374099731,4
46,iss_0021786,https://www.judiciary.uk/prevention-of-future-death-reports/vivian-hunt/,2014-08-06,Neurological observations were not performed following a fall and a facial injury.,Failure to perform neurological observations following a fall and facial injury.,Clinical monitoring failure,0.9494497179985046,5
46,iss_0018265,https://www.judiciary.uk/prevention-of-future-death-reports/dildar-shariff/,2016-09-07,No CT scan or neurological observations were performed following the patient's initial fall.,Failure to perform CT scan or neurological observations following a patient fall.,Clinical monitoring failure,0.9355807304382324,6
46,iss_0014470,https://www.judiciary.uk/prevention-of-future-death-reports/john-preece/,2019-01-15,Registered nurses and support workers failed to conduct appropriate neurological observations.,Failure to conduct appropriate neurological observations.,Clinical monitoring failure,0.9303925037384033,7
46,iss_0000468,https://www.judiciary.uk/prevention-of-future-death-reports/sarah-heaver-prevention-of-future-deaths-report/,2026-01-09,Structured neurological observations were not undertaken for a patient presenting with a low GCS.,Failure to perform structured neurological observations for a patient with low GCS.,Clinical monitoring failure,0.9220623970031738,8
46,iss_0023097,https://www.judiciary.uk/prevention-of-future-death-reports/elsie-may-treece/,2013-12-16,A head CT scan was not performed following a patient's initial fall.,Failure to perform a head CT scan following a patient fall.,Diagnostic omission,0.9087979793548584,9
46,iss_0010458,https://www.judiciary.uk/prevention-of-future-death-reports/fred-reynolds/,2021-07-15,Neurological observations were not continued following the head injury.,Failure to continue neurological observations following a head injury.,Clinical monitoring failure,0.8927603960037231,10
46,iss_0000102,https://www.judiciary.uk/prevention-of-future-death-reports/urmila-patel-prevention-of-future-deaths-report/,2026-02-26,The duty doctor failed to refer the patient for an urgent CT head scan following the fall.,Failure to refer a patient for an urgent CT head scan after a fall.,Clinical referral failure,0.8878682851791382,11
47,iss_0016434,https://www.judiciary.uk/prevention-of-future-death-reports/jane-powell/,2017-10-30,Individuals can easily obtain large quantities of prescription-only medication via the internet.,Unregulated online access to large quantities of prescription-only medicines.,Medicinal misuse,0.9750840663909912,1
47,iss_0002226,https://www.judiciary.uk/prevention-of-future-death-reports/christopher-brazil-prevention-of-future-deaths-report/,2025-04-23,Unregulated websites offering prescription-only medicines and controlled drugs are easily accessible via online searches.,Unregulated online access to prescription-only medicines and controlled drugs.,Unauthorised pharmaceutical access,0.969213604927063,2
47,iss_0022750,https://www.judiciary.uk/prevention-of-future-death-reports/hazel-polkinghorn/,2014-02-26,The ease with which non-prescribed medication can be acquired from the internet.,Unregulated access to non-prescribed medication via the internet.,Pharmaceutical access control,0.9631816148757935,3
47,iss_0012718,https://www.judiciary.uk/prevention-of-future-death-reports/gemma-macdonald/,2019-12-05,Large quantities of medication are available for purchase online.,Unregulated online availability of large quantities of medication.,Pharmaceutical access,0.9604414701461792,4
47,iss_0020444,https://www.judiciary.uk/prevention-of-future-death-reports/jacques-lakeman/,2015-05-15,The lack of regulation regarding the supply of drugs via the Internet.,Unregulated online drug supply.,Regulatory oversight,0.9467486143112183,5
47,iss_0020661,https://www.judiciary.uk/prevention-of-future-death-reports/jason-houghton/,2015-03-30,There is no regulation of the supply of drugs via the internet.,Unregulated online drug supply.,Regulatory oversight,0.9467486143112183,6
47,iss_0021466,https://www.judiciary.uk/prevention-of-future-death-reports/samuel-duckworth/,2014-10-20,Prescription-only medicines are easily accessible via the internet without medical supervision.,Unsupervised access to prescription-only medicines via the internet.,Unregulated medicine access,0.9425536394119263,7
47,iss_0012848,https://www.judiciary.uk/prevention-of-future-death-reports/deborah-headspeath/,2019-11-18,Unregulated online suppliers allow patients to access uncoordinated quantities of prescription-only medication.,Unregulated online suppliers enable uncoordinated access to prescription-only medicines.,Medicinal regulation,0.928734302520752,8
47,iss_0005838,https://www.judiciary.uk/prevention-of-future-death-reports/kimberley-liu-prevention-of-future-deaths-report/,2023-12-21,There is a lack of oversight regarding the availability and access to unregulated medication websites.,Insufficient oversight of access to unregulated medication websites.,Regulatory oversight,0.924346923828125,9
47,iss_0016435,https://www.judiciary.uk/prevention-of-future-death-reports/jane-powell/,2017-10-30,There is insufficient evidence of regulatory action to address the online procurement of medication.,Inadequate regulatory oversight of online medication procurement.,Regulatory oversight,0.9218067526817322,10
47,iss_0023607,https://www.judiciary.uk/prevention-of-future-death-reports/dimitar-shtarbov/,2013-08-08,Seasonal workers frequently obtain prescription-only medicines from abroad without clinical oversight.,Unsupervised acquisition of prescription-only medicines from overseas.,Unregulated medication access,0.9116523861885071,11
48,iss_0005869,https://www.judiciary.uk/prevention-of-future-death-reports/chloe-macdermott-prevention-of-future-deaths-report/,2023-12-19,"Online forums encourage, assist, and counsel suicide through the provision of information and methods.",Online forums provide information and assistance for committing suicide.,Self-harm promotion,0.9661701917648315,1
48,iss_0002476,https://www.judiciary.uk/prevention-of-future-death-reports/rhiannon-williams-prevention-of-future-deaths-report/,2025-03-12,Unmoderated online forums provide instructions on methods of suicide.,Online forums provide instructions for methods of suicide.,Self-harm content,0.962096631526947,2
48,iss_0006356,https://www.judiciary.uk/prevention-of-future-death-reports/bronwen-morgan-prevention-of-future-deaths-report/,2023-10-25,Online forums facilitate self-harm and suicide by providing information on methods and substances.,Online forums provide information regarding methods for self-harm and suicide.,Self-harm promotion,0.9582672119140625,3
48,iss_0005791,https://www.judiciary.uk/prevention-of-future-death-reports/adrian-gallagher-prevention-of-future-deaths-report/,2023-12-28,Online platforms provide step-by-step instructions for committing suicide.,Online platforms provide instructions for committing suicide.,Self-harm content,0.9569847583770752,4
48,iss_0011878,https://www.judiciary.uk/prevention-of-future-death-reports/joseph-nihill/,2020-09-18,Online platforms may be actively promoting specific methods of suicide.,Online platforms promoting specific methods of suicide.,Self-harm promotion,0.9415413737297058,5
48,iss_0005308,https://www.judiciary.uk/prevention-of-future-death-reports/isabella-shere-prevention-of-future-deaths-report/,2024-03-05,Online platforms provide information regarding methods of ending life.,Online platforms provide information on methods of self-harm.,Self-harm content,0.9385039210319519,6
48,iss_0005360,https://www.judiciary.uk/prevention-of-future-death-reports/daniel-tucker-prevention-of-future-deaths-report/,2024-02-29,Online forums provide easy access to information regarding methods and sources for suicide.,Online forums facilitate access to information regarding suicide methods and sources.,Self-harm content,0.9346957206726074,7
48,iss_0009887,https://www.judiciary.uk/prevention-of-future-death-reports/berenice-bell-prevention-of-future-deaths-report/,2021-11-22,Online platforms provide information that assists individuals in planning self-harm.,Online platforms provide information that facilitates the planning of self-harm.,Self-harm promotion,0.9040951132774353,8
48,iss_0011615,https://www.judiciary.uk/prevention-of-future-death-reports/jason-thompson/,2020-11-20,"Online content may actively promote specific methods of suicide, potentially constituting assistance to suicide.",Online content promoting specific methods of suicide.,Self-harm promotion,0.902962863445282,9
48,iss_0005795,https://www.judiciary.uk/prevention-of-future-death-reports/adrian-gallagher-prevention-of-future-deaths-report/,2023-12-28,Retailers like Amazon host materials that encourage or assist in suicide.,Platforms hosting content that encourages or assists in suicide.,Self-harm content,0.9026343822479248,10
48,iss_0012739,https://www.judiciary.uk/prevention-of-future-death-reports/callie-lewis/,2019-12-03,Online suicide forums provide advice on misleading mental health professionals and perfecting suicide methods.,Online forums provide instructions for self-harm and deceiving mental health professionals.,Self-harm promotion,0.8922788500785828,11
49,iss_0011070,https://www.judiciary.uk/prevention-of-future-death-reports/clara-freeman/,2021-03-26,Care staff failed to communicate changes in the deceased's clinical condition to the ambulance service.,Failure to communicate changes in clinical condition to emergency services.,Communication failure,0.9764314889907837,1
49,iss_0009895,https://www.judiciary.uk/prevention-of-future-death-reports/robert-ellery-prevention-of-future-deaths-report/,2021-11-19,Lack of communication impeded the relaying of clinical information to the ambulance service.,Failure to communicate clinical information to the ambulance service.,Communication failure,0.9546540975570679,2
49,iss_0006836,https://www.judiciary.uk/prevention-of-future-death-reports/linda-oldland-prevention-of-future-deaths-report/,2023-08-14,The care home failed to communicate the GP's clinical plan for suspected sepsis to the ambulance service.,Failure to communicate clinical plans to emergency services.,Communication failure,0.9533588886260986,3
49,iss_0022237,https://www.judiciary.uk/prevention-of-future-death-reports/mark-bartholomew/,2014-05-21,Staff failed to provide essential patient information to the emergency controller.,Failure to communicate essential patient information to the emergency controller.,Communication failure,0.9484233856201172,4
49,iss_0005959,https://www.judiciary.uk/prevention-of-future-death-reports/claire-briggs-prevention-of-future-deaths-report/,2023-12-08,Police officers were unable to effectively convey the seriousness of the patient's condition to the ambulance service.,Failure to communicate patient clinical urgency to emergency services.,Communication failure,0.948002815246582,5
49,iss_0003286,https://www.judiciary.uk/prevention-of-future-death-reports/elan-adams-prevention-of-future-deaths-report/,2024-11-26,Nursing staff failed to communicate essential clinical information to the emergency controller.,Failure to communicate essential clinical information to the emergency controller.,Communication failure,0.9472381472587585,6
49,iss_0015542,https://www.judiciary.uk/prevention-of-future-death-reports/andrew-crane/,2018-05-22,Critical information regarding a patient's lack of breathing was not communicated to the ambulance service.,Failure to communicate critical patient respiratory status to emergency services.,Communication failure,0.9434263706207275,7
49,iss_0010865,https://www.judiciary.uk/prevention-of-future-death-reports/richard-ormond/,2021-05-05,The prison control room failed to relay vital clinical details to enable a Category 1 emergency response.,Failure to communicate critical clinical information for emergency response.,Communication failure,0.9365012049674988,8
49,iss_0019321,https://www.judiciary.uk/prevention-of-future-death-reports/ronald-volante/,2016-01-28,Call handlers failed to notify emergency services of the change in the deceased's clinical presentation.,Failure to notify emergency services of changes in clinical presentation.,Communication failure,0.9321920275688171,9
49,iss_0023436,https://www.judiciary.uk/prevention-of-future-death-reports/david-selman/,2013-09-25,Information regarding the patient's changing condition was not relayed to the ambulance crew.,Failure to communicate changes in patient condition to the ambulance crew.,Communication failure,0.9221335649490356,10
49,iss_0021284,https://www.judiciary.uk/prevention-of-future-death-reports/william-hafele/,2014-11-24,The decision to reclassify the individual from missing to absent was not communicated to the hospital.,Failure to communicate a change in patient status to the hospital.,Communication failure,0.907272458076477,11
50,iss_0005451,https://www.judiciary.uk/prevention-of-future-death-reports/thomas-loxton-prevention-of-future-deaths-report/,2024-02-15,Black Country Healthcare NHS Foundation Trust has numerous outstanding recommendations from its Root Cause Analysis report.,Failure to implement recommendations from a root cause analysis report.,Audit non-compliance,0.9748740196228027,1
50,iss_0019256,https://www.judiciary.uk/prevention-of-future-death-reports/margaret-hions/,2016-02-12,Recommendations from the Root Cause Analysis Investigation report may not have been implemented.,Failure to implement recommendations from root cause analysis investigations.,Corrective action failure,0.9732110500335693,2
50,iss_0016135,https://www.judiciary.uk/prevention-of-future-death-reports/naomi-sourbut/,2017-12-19,Recommendations from the root cause analysis investigation may not have been implemented by the relevant teams.,Failure to implement recommendations from root cause analyses.,Remediation non-compliance,0.9707659482955933,3
50,iss_0008651,https://www.judiciary.uk/prevention-of-future-death-reports/gerwyn-rees-prevention-of-future-deaths-report/,2022-08-08,The Trust failed to identify and implement learning following the Root Cause Analysis.,Failure to implement lessons learned from root cause analysis.,Learning implementation failure,0.9612950086593628,4
50,iss_0013906,https://www.judiciary.uk/prevention-of-future-death-reports/roger-neaves/,2019-04-18,The Hospital Trust has not confirmed whether recommendations from the Root Cause Analysis have been implemented.,Failure to confirm implementation of root cause analysis recommendations.,Compliance monitoring,0.9498175382614136,5
50,iss_0006128,https://www.judiciary.uk/prevention-of-future-death-reports/philip-malone-prevention-of-future-deaths-report/,2023-11-23,The Trust failed to implement remedial action following the Root Cause Analysis report.,Failure to implement remedial actions following a root cause analysis.,Remediation failure,0.9468148946762085,6
50,iss_0016617,https://www.judiciary.uk/prevention-of-future-death-reports/james-maddox/,2017-09-17,The Trust failed to implement strategies to prevent repeated clinical failures following a Root Cause Analysis.,Failure to implement preventative measures following a root cause analysis.,Clinical governance failure,0.9360219240188599,7
50,iss_0016466,https://www.judiciary.uk/prevention-of-future-death-reports/liam-oldsworth/,2017-10-20,There has been a failure to implement recommendations from the Serious Incident Analysis report.,Failure to implement recommendations from a serious incident analysis report.,Non-compliance with recommendations,0.9308868646621704,8
50,iss_0010461,https://www.judiciary.uk/prevention-of-future-death-reports/henry-holcombe-prevention-of-future-deaths-report/,2021-07-15,The Trust failed to implement effective actions following serious incident reports.,Failure to implement effective actions following serious incident reports.,Incident management failure,0.9013766646385193,9
50,iss_0022142,https://www.judiciary.uk/prevention-of-future-death-reports/frances-bell/,2014-06-06,No Root Cause Analysis investigation was conducted to identify lessons learned and an action plan.,Failure to conduct root cause analysis and develop an action plan.,Investigation deficiency,0.8954728841781616,10
50,iss_0017259,https://www.judiciary.uk/prevention-of-future-death-reports/jamie-elliott/,2017-04-25,The Trust failed to implement changes identified during a previous Serious Incident Review.,Failure to implement recommendations from a previous serious incident review.,Governance failure,0.8939655423164368,11
51,iss_0003627,https://www.judiciary.uk/prevention-of-future-death-reports/stephen-sleaford-prevention-of-future-deaths-report/,2024-10-14,Many prison officers lack first aid and cardiopulmonary resuscitation training.,Insufficient first aid and CPR training for prison officers.,Training deficiency,0.9888410568237305,1
51,iss_0020680,https://www.judiciary.uk/prevention-of-future-death-reports/keith-murphy/,2015-03-25,Prison staff lack adequate first aid and CPR training.,Inadequate first aid and CPR training for prison staff.,Staff training deficiency,0.9761193990707397,2
51,iss_0006615,https://www.judiciary.uk/prevention-of-future-death-reports/amarjit-singh-prevention-of-future-deaths-report/,2023-09-18,Prison officers lack sufficient ongoing first aid training.,Inadequate ongoing first aid training for prison officers.,Training deficiency,0.9749054908752441,3
51,iss_0005534,https://www.judiciary.uk/prevention-of-future-death-reports/liam-turner-prevention-of-future-deaths-report/,2024-02-05,There is no mandatory requirement for prison officers to maintain up-to-date basic first aid and CPR training.,Lack of mandatory first aid and CPR training for prison officers.,Training deficiency,0.9741356372833252,4
51,iss_0013638,https://www.judiciary.uk/prevention-of-future-death-reports/ryan-trimmer/,2019-06-21,Prison staff lack sufficient first aid training.,Inadequate first aid training for prison staff.,Training deficiency,0.9670103788375854,5
51,iss_0000211,https://www.judiciary.uk/prevention-of-future-death-reports/gareth-chumber-kelly-prevention-of-future-deaths-report/,2026-02-09,"Prison officers lack regular, mandatory training in basic life support and resuscitation.",Lack of mandatory basic life support and resuscitation training for prison officers.,Training deficiency,0.9573087692260742,6
51,iss_0023295,https://www.judiciary.uk/prevention-of-future-death-reports/martin-2013-280/,2013-10-30,There is a lack of regular refresher training in basic life support for prison officers.,Insufficient regular refresher training in basic life support for prison officers.,Training deficiency,0.9471997022628784,7
51,iss_0018877,https://www.judiciary.uk/prevention-of-future-death-reports/derrick-rose-fowler/,2016-04-21,There is no national requirement for all prison officers to be first aid trained.,Lack of mandatory first aid training for all prison officers.,Training deficiency,0.9425684809684753,8
51,iss_0022856,https://www.judiciary.uk/prevention-of-future-death-reports/ryan-clark/,2014-02-03,Prison Officers lacked sufficient training in the administration of first aid and CPR.,Inadequate training for prison officers in first aid and CPR administration.,Training deficiency,0.938157320022583,9
51,iss_0017385,https://www.judiciary.uk/prevention-of-future-death-reports/ondrej-suha/,2017-03-30,Basic resuscitation training should be included in prison officer training.,Inclusion of basic resuscitation training in prison officer training programmes.,Training deficiency,0.8972845077514648,10
52,iss_0006947,https://www.judiciary.uk/prevention-of-future-death-reports/kenneth-rippon-prevention-of-future-deaths-report/,2023-07-19,"Clinicians failed to involve family members in care, safety, and discharge planning.",Failure to involve families in patient care and discharge planning.,Inadequate stakeholder engagement,0.9701539278030396,1
52,iss_0014767,https://www.judiciary.uk/prevention-of-future-death-reports/emmett-gillah/,2018-11-16,The family was not engaged or consulted during the patient's discharge process.,Failure to involve or consult the family during the patient discharge process.,Communication failure,0.9555727243423462,2
52,iss_0014881,https://www.judiciary.uk/prevention-of-future-death-reports/eileen-cooke/,2018-10-25,The discharge process failed to involve the patient's family.,Failure to involve the patient's family in the discharge process.,Communication failure,0.9478541612625122,3
52,iss_0004940,https://www.judiciary.uk/prevention-of-future-death-reports/emmanuel-ladapo-prevention-of-future-deaths-report/,2024-04-23,The service failed to engage with the patient's family regarding his care.,Failure to involve the patient's family in care planning.,Communication failure,0.9430422782897949,4
52,iss_0019391,https://www.judiciary.uk/prevention-of-future-death-reports/emily-voukelatou/,2016-01-11,The policy of not routinely involving family members in patient care should be reconsidered.,Lack of routine family involvement in patient care.,Patient care involvement,0.9406202435493469,5
52,iss_0022884,https://www.judiciary.uk/prevention-of-future-death-reports/leslie-pates/,2014-01-30,Hospital and social services staff failed to consider the wishes and views of the family prior to discharge.,Failure to consider family views and wishes prior to patient discharge.,Inadequate consultation,0.9326744079589844,6
52,iss_0013135,https://www.judiciary.uk/prevention-of-future-death-reports/ceara-thacker-prevention-of-future-deaths-report/,2019-09-30,Medical professionals failed to discuss involving the patient's family in her care plan.,Failure to discuss involving family members in the patient care plan.,Communication failure,0.9275878667831421,7
52,iss_0006394,https://www.judiciary.uk/prevention-of-future-death-reports/michael-hindes-prevention-of-future-deaths-report/,2023-10-20,Clinical staff failed to encourage the involvement of the patient's family in their care.,Failure to encourage patient family involvement in clinical care.,Inadequate patient involvement,0.9270987510681152,8
52,iss_0007282,https://www.judiciary.uk/prevention-of-future-death-reports/brenda-shield-prevention-of-future-deaths-report/,2023-06-07,There is a recurring failure to involve carers and families in the discharge process.,Failure to involve carers and families in the discharge process.,Inadequate stakeholder engagement,0.9142848253250122,9
52,iss_0000250,https://www.judiciary.uk/prevention-of-future-death-reports/roger-smith-prevention-of-future-deaths-report/,2026-02-06,Communication processes failed to allow patients and families to engage with and inform clinical decisions.,Failure to facilitate patient and family involvement in clinical decision-making.,Communication failure,0.9003461599349976,10
53,iss_0008588,https://www.judiciary.uk/prevention-of-future-death-reports/eliot-harris-prevention-of-future-deaths-report/,2022-08-22,Care plans were not kept up to date.,Care plans were not maintained up to date.,Documentation management,0.9484698176383972,1
53,iss_0001846,https://www.judiciary.uk/prevention-of-future-death-reports/maureen-powell-prevention-of-future-deaths-report/,2025-06-11,Care plans were not updated regularly or when circumstances changed.,Care plans are not updated regularly or following changes in circumstances.,Care documentation failure,0.9424231052398682,2
53,iss_0013347,https://www.judiciary.uk/prevention-of-future-death-reports/geraint-hughes/,2019-08-16,Care plans and risk assessments were not regularly updated.,Care plans and risk assessments are not updated regularly.,Documentation maintenance,0.9394451379776001,3
53,iss_0013056,https://www.judiciary.uk/prevention-of-future-death-reports/emily-sims/,2019-10-09,Care plans were not updated to reflect changing needs.,Care plans were not updated to reflect changing requirements.,Inadequate care documentation,0.937879204750061,4
53,iss_0001123,https://www.judiciary.uk/prevention-of-future-death-reports/naomi-aylott-prevention-of-future-deaths-report/,2025-09-29,Formal risk assessments and care plans were not completed or updated.,Risk assessments and care plans are not completed or updated.,Documentation non-compliance,0.9351836442947388,5
53,iss_0011208,https://www.judiciary.uk/prevention-of-future-death-reports/margaret-greenacre-prevention-of-future-deaths-report/,2021-02-17,Care plans were not updated or reviewed to reflect the changing needs of residents.,Care plans are not updated or reviewed to reflect changing resident needs.,Care plan management,0.932662308216095,6
53,iss_0002431,https://www.judiciary.uk/prevention-of-future-death-reports/darren-turner-prevention-of-future-deaths-report/,2025-03-17,The care plan was not appropriately updated or documented in accordance with Trust policy.,Care plans were not updated or documented according to policy.,Documentation non-compliance,0.9267545938491821,7
53,iss_0012102,https://www.judiciary.uk/prevention-of-future-death-reports/mary-brady/,2020-04-24,The care plan was not updated to reflect the resident's behaviour of putting non-food items in her mouth.,Care plans were not updated to reflect changes in resident behaviour.,Care plan documentation,0.9153957962989807,8
53,iss_0012957,https://www.judiciary.uk/prevention-of-future-death-reports/david-kirsch/,2019-10-30,The Caremap was inadequately completed to identify risks and required actions.,Incomplete care plans failing to identify risks and required actions.,Documentation inadequacy,0.8993760943412781,9
53,iss_0008437,https://www.judiciary.uk/prevention-of-future-death-reports/katherine-tyrer-prevention-of-future-deaths-report/,2022-09-30,Risk assessments and care planning documentation fell short of required standards.,Risk assessments and care planning documentation do not meet required standards.,Documentation non-compliance,0.8835808038711548,10
54,iss_0018972,https://www.judiciary.uk/prevention-of-future-death-reports/dorothy-imisson/,2016-04-05,The District Nursing Service failed to follow NICE guidelines.,Failure to adhere to NICE clinical guidelines.,Clinical non-compliance,0.980150580406189,1
54,iss_0023574,https://www.judiciary.uk/prevention-of-future-death-reports/mohammed-chaudhury/,2013-08-20,NICE guidance regarding patient care was not followed.,Failure to adhere to NICE clinical guidance.,Clinical non-compliance,0.9771768450737,2
54,iss_0012421,https://www.judiciary.uk/prevention-of-future-death-reports/joan-howard/,2020-02-10,Staff failed to adhere to guidelines issued by the speech and language therapy team.,Failure to adhere to clinical guidelines.,Non-compliance with protocols,0.9389233589172363,3
54,iss_0019203,https://www.judiciary.uk/prevention-of-future-death-reports/euphemia-aldred/,2016-02-18,The East Lancashire Hospitals Trust Policy Document did not comply with NICE guidance regarding venous thrombo-embolism prophylaxis.,Policy non-compliance with NICE clinical guidance.,Policy non-compliance,0.9354626536369324,4
54,iss_0009998,https://www.judiciary.uk/prevention-of-future-death-reports/alan-hunter-prevention-of-future-deaths-report/,2021-10-25,Ward managers failed to recognise deviations from NICE guidance.,Failure to recognise deviations from clinical guidance.,Clinical compliance failure,0.9346251487731934,5
54,iss_0001777,https://www.judiciary.uk/prevention-of-future-death-reports/terence-colby-prevention-of-future-deaths-report/,2025-06-18,The GP practice provided substantially sub-standard care that failed to follow NICE guidance regarding peripheral arterial disease.,Clinical care failed to adhere to established NICE guidance.,Clinical negligence,0.9311778545379639,6
54,iss_0016625,https://www.judiciary.uk/prevention-of-future-death-reports/david-lindsey/,2017-09-14,"The trust failed to follow NICE guidelines regarding cancer screening, referrals, diagnosis and treatment.",Failure to adhere to NICE clinical guidelines for cancer care.,Clinical guideline non-compliance,0.9289098978042603,7
54,iss_0004292,https://www.judiciary.uk/prevention-of-future-death-reports/phephisa-mabusa-prevention-of-future-deaths-report/,2024-07-15,The Trust had not decided how to address the departure from national clinical guidance.,Failure to address deviations from national clinical guidance.,Clinical governance failure,0.9275026321411133,8
54,iss_0018121,https://www.judiciary.uk/prevention-of-future-death-reports/victoria-halliday/,2016-10-20,NICE guidelines regarding clinical reviews and professional responsibilities were not followed.,Failure to adhere to NICE clinical guidelines and professional responsibilities.,Regulatory non-compliance,0.9193763732910156,9
54,iss_0014755,https://www.judiciary.uk/prevention-of-future-death-reports/sarah-kiff/,2018-11-20,GPs failed to follow NICE cancer referral guidance.,Failure to adhere to NICE clinical guidance for cancer referrals.,Clinical guideline non-compliance,0.890440046787262,10
55,iss_0005735,https://www.judiciary.uk/prevention-of-future-death-reports/tom-sweeting-prevention-of-future-deaths-report/,2024-01-09,Communication between the hospital and the General Practice was inadequate regarding the provision of prescribed antidepressant medication.,Inadequate communication between hospital and general practice regarding prescribed medication.,Information sharing failure,0.9717612266540527,1
55,iss_0022279,https://www.judiciary.uk/prevention-of-future-death-reports/jordan-mills/,2014-05-12,There were communication failures between the hospital and the GP surgery regarding medication procurement.,Failure of communication between hospital and GP regarding medication procurement.,Communication failure,0.95415198802948,2
55,iss_0000623,https://www.judiciary.uk/prevention-of-future-death-reports/urielle-kuyenga-prevention-of-future-deaths-report/,2025-12-09,Breakdown of communication between hospital specialists and the GP regarding medication dispensation.,Failure of communication between specialists and GPs regarding medication dispensation.,Communication failure,0.9484496116638184,3
55,iss_0013564,https://www.judiciary.uk/prevention-of-future-death-reports/miriam-tighe/,2019-07-04,A lack of communication between GPs and the psychiatrist led to unsafe prescribing of sedatives and antipsychotics.,Inadequate communication between clinicians regarding medication prescribing.,Clinical communication failure,0.9458333253860474,4
55,iss_0006792,https://www.judiciary.uk/prevention-of-future-death-reports/juanita-nti-prevention-of-future-deaths-report/,2023-08-18,The GP and pharmacist failed to communicate to ensure safe medication administration.,Failure of communication between GP and pharmacist regarding medication administration.,Communication failure,0.9413337111473083,5
55,iss_0014825,https://www.judiciary.uk/prevention-of-future-death-reports/patricia-chambers/,2018-11-04,The communication of the Discharge Medication Summary to relevant parties is inadequate.,Inadequate communication of discharge medication summaries to relevant parties.,Information transfer failure,0.933387815952301,6
55,iss_0016846,https://www.judiciary.uk/prevention-of-future-death-reports/percy-jacks/,2017-07-27,The system for the hospital to contact the GP was inadequate.,Inadequate communication system between hospital and general practitioner.,Communication failure,0.9246852397918701,7
55,iss_0000080,https://www.judiciary.uk/prevention-of-future-death-reports/louis-saunders-prevention-of-future-deaths-report/,2026-02-27,The GP and the private clinic were both prescribing ADHD medication without awareness of the other's involvement.,Lack of communication between healthcare providers regarding medication prescribing.,Clinical communication failure,0.9173433184623718,8
55,iss_0019463,https://www.judiciary.uk/prevention-of-future-death-reports/james-graham-2/,2015-12-17,A lack of communication existed between the general practitioner and the podiatrist during the patient's consultation.,Inadequate communication between a general practitioner and a specialist.,Communication failure,0.914771318435669,9
56,iss_0015720,https://www.judiciary.uk/prevention-of-future-death-reports/george-goldby/,2018-04-11,Inadequate monitoring allowed high-risk residents to eat without required supervision.,Insufficient supervision of high-risk residents during meal times.,Inadequate monitoring,0.9618319272994995,1
56,iss_0000132,https://www.judiciary.uk/prevention-of-future-death-reports/jane-fenwick-prevention-of-future-deaths-report/,2026-02-19,The care home failed to supervise the resident during meals despite care plan recommendations.,Failure to provide required supervision during mealtimes in a care setting.,Supervision failure,0.9579991102218628,2
56,iss_0019381,https://www.judiciary.uk/prevention-of-future-death-reports/lee-rigby/,2016-01-14,Staff failed to understand that the requirement to observe the resident at all times included continuous visual monitoring during meals.,Failure to maintain continuous visual monitoring of residents during meals.,Supervision failure,0.9424698948860168,3
56,iss_0019000,https://www.judiciary.uk/prevention-of-future-death-reports/pamela-thurston/,2016-03-29,The procedure for monitoring resident feeding was inadequate.,Inadequate monitoring of resident feeding procedures.,Care monitoring failure,0.9311639070510864,4
56,iss_0019001,https://www.judiciary.uk/prevention-of-future-death-reports/pamela-thurston/,2016-03-29,Staff failed to provide necessary supervision while the resident was eating.,Failure to provide necessary supervision during mealtime.,Inadequate supervision,0.9203046560287476,5
56,iss_0003888,https://www.judiciary.uk/prevention-of-future-death-reports/john-howlett-prevention-of-future-deaths-report/,2024-09-06,The care home lacked robust systems to monitor residents' nutritional and fluid intake.,Inadequate monitoring of residents' nutritional and fluid intake.,Care monitoring failure,0.9091018438339233,6
56,iss_0008577,https://www.judiciary.uk/prevention-of-future-death-reports/charles-evans-prevention-of-future-deaths-report/,2022-08-25,No staff members were required to be present in the dining room during mealtimes.,Lack of staff supervision in the dining area during mealtimes.,Inadequate supervision,0.9066604971885681,7
56,iss_0007719,https://www.judiciary.uk/prevention-of-future-death-reports/peter-seaby-prevention-of-future-deaths-report/,2023-02-27,An informal approach to meal preparation and supervision arrangements was used.,Inadequate meal preparation and supervision arrangements.,Supervision and care,0.8986200094223022,8
56,iss_0000116,https://www.judiciary.uk/prevention-of-future-death-reports/patrick-griffin-prevention-of-future-deaths-report/,2026-02-24,The resident's need for support with dietary and fluid intake was not adequately met.,Inadequate support with dietary and fluid intake for a resident.,Nutritional care failure,0.855374813079834,9
57,iss_0009048,https://www.judiciary.uk/prevention-of-future-death-reports/elizabeth-mills-prevention-of-future-deaths-report/,2022-05-25,Medical record-keeping and documentation were of a poor standard.,Medical records and documentation are maintained to a poor standard.,Inadequate documentation,0.9576606750488281,1
57,iss_0016526,https://www.judiciary.uk/prevention-of-future-death-reports/marcin-mazurek/,2017-10-07,Medical record keeping was of very poor quality.,Medical records are maintained with poor quality.,Inadequate record keeping,0.9572917222976685,2
57,iss_0016444,https://www.judiciary.uk/prevention-of-future-death-reports/michael-giles/,2017-10-30,Medical records and case notes are inadequate and inconsistent.,Medical records and case notes are inadequate and inconsistent.,Documentation quality,0.9486643075942993,3
57,iss_0021372,https://www.judiciary.uk/prevention-of-future-death-reports/mark-hancock/,2014-11-10,The quality of patient records was poor or non-existent.,Patient records are of poor or non-existent quality.,Inadequate documentation,0.948413610458374,4
57,iss_0000469,https://www.judiciary.uk/prevention-of-future-death-reports/sarah-heaver-prevention-of-future-deaths-report/,2026-01-09,"Medical records were inconsistent, unreliable and incomplete.","Medical records are inconsistent, unreliable and incomplete.",Data integrity,0.9345924258232117,5
57,iss_0019169,https://www.judiciary.uk/prevention-of-future-death-reports/wilfred-pearson/,2016-02-24,"Medical and nursing records lacked sufficient clarity, accuracy, and completeness.","Medical and nursing records are insufficiently clear, accurate, or complete.",Inadequate clinical documentation,0.934093713760376,6
57,iss_0013975,https://www.judiciary.uk/prevention-of-future-death-reports/tina-tait/,2019-04-08,The quality of clinical record keeping is poor and includes illegible documentation.,Clinical records are poorly maintained and contain illegible documentation.,Clinical documentation quality,0.9284423589706421,7
57,iss_0018619,https://www.judiciary.uk/prevention-of-future-death-reports/michael-hutchence/,2016-06-20,Medical and nursing records lacked sufficient quality and accuracy.,Medical and nursing records lack sufficient quality and accuracy.,Data integrity,0.9202225804328918,8
57,iss_0012797,https://www.judiciary.uk/prevention-of-future-death-reports/gary-leyland/,2019-11-20,The quality and standard of documentation and information recording at Spring Street were poor.,Poor quality and standard of documentation and information recording.,Inadequate documentation,0.9170806407928467,9
58,iss_0011311,https://www.judiciary.uk/prevention-of-future-death-reports/christopher-smith-2/,2021-02-03,The hospital failed to inform the family of the patient's discharge.,Failure to notify family members of a patient's discharge.,Communication failure,0.9913493394851685,1
58,iss_0023442,https://www.judiciary.uk/prevention-of-future-death-reports/hudson-2013-0243/,2013-09-24,The hospital failed to notify the family of the patient's discharge despite previous contact during their hospitalisation.,Failure to notify family members of a patient's discharge.,Communication failure,0.9913493394851685,2
58,iss_0021540,https://www.judiciary.uk/prevention-of-future-death-reports/john-andrews/,2014-10-03,The patient's family were not notified of his discharge from hospital.,Failure to notify family members of a patient's hospital discharge.,Communication failure,0.9844710826873779,3
58,iss_0011103,https://www.judiciary.uk/prevention-of-future-death-reports/james-herbertson/,2021-03-15,The discharge process failed to notify the deceased's family of his release from hospital care.,Failure to notify next of kin regarding patient discharge.,Communication failure,0.9817157983779907,4
58,iss_0018054,https://www.judiciary.uk/prevention-of-future-death-reports/james-flynn/,2016-10-31,The discharge process failed to ensure family members were informed of the patient's return.,Failure to notify family members during the patient discharge process.,Communication failure,0.9704523086547852,5
58,iss_0007712,https://www.judiciary.uk/prevention-of-future-death-reports/annabel-findlay-prevention-of-future-deaths-report/,2023-03-01,The hospital failed to contact the next of kin or emergency contacts to facilitate community support upon discharge.,Failure to notify next of kin or emergency contacts upon patient discharge.,Communication failure,0.9593908190727234,6
58,iss_0018396,https://www.judiciary.uk/prevention-of-future-death-reports/anthony-preston/,2016-08-11,The failure to provide immediate notification of discharge left a high-risk patient without necessary support.,Failure to provide timely notification of patient discharge.,Communication failure,0.9490870237350464,7
58,iss_0000824,https://www.judiciary.uk/prevention-of-future-death-reports/ernest-gray-prevention-of-future-deaths-report/,2025-11-07,"The hospital failed to contact the patient's partner, who acted as his primary carer, during the discharge process.",Failure to notify the primary carer during the patient discharge process.,Communication failure,0.9375563263893127,8
58,iss_0015647,https://www.judiciary.uk/prevention-of-future-death-reports/martin-baker/,2018-05-03,The family were not informed of the patient's discharge from psychiatric support.,Failure to notify family members of a patient's discharge from psychiatric support.,Communication failure,0.9340717196464539,9
59,iss_0003897,https://www.judiciary.uk/prevention-of-future-death-reports/90720-2/,2024-09-04,Discharging staff and ambulance personnel failed to alert a doctor to the patient's significant clinical deterioration.,Failure to notify a doctor of significant clinical deterioration during discharge.,Communication failure,0.9639219045639038,1
59,iss_0012057,https://www.judiciary.uk/prevention-of-future-death-reports/omarian-brooks-prevention-of-future-deaths-report/,2020-05-29,The GP was not informed of the patient's clinical deterioration.,Failure to notify the general practitioner of clinical deterioration.,Communication failure,0.9618149399757385,2
59,iss_0017470,https://www.judiciary.uk/prevention-of-future-death-reports/mariana-pinto/,2017-03-14,The crisis line nurse failed to advise the husband to contact emergency services during an urgent deterioration.,Failure to advise contacting emergency services during clinical deterioration.,Clinical advice failure,0.951650857925415,3
59,iss_0009638,https://www.judiciary.uk/prevention-of-future-death-reports/michelle-whitehead-prevention-of-future-deaths-report/,2022-01-19,The duty doctor could not be reached despite the patient's deteriorating condition.,Failure to contact the duty doctor during patient deterioration.,Clinical communication failure,0.9491072297096252,4
59,iss_0019209,https://www.judiciary.uk/prevention-of-future-death-reports/matthew-crowley/,2016-02-17,On-call consultants were not adequately informed of the patient's clinical deterioration.,Failure to notify on-call consultants of patient clinical deterioration.,Communication failure,0.9433367848396301,5
59,iss_0013182,https://www.judiciary.uk/prevention-of-future-death-reports/iain-macinnes/,2019-09-24,The trust failed to inform the family of the patient's deteriorating condition and transfer to the Home Treatment Team.,Failure to notify family of patient deterioration and transfer of care.,Communication failure,0.9319608211517334,6
59,iss_0021810,https://www.judiciary.uk/prevention-of-future-death-reports/john-shelley/,2014-07-31,Emergency services were not contacted despite clear signs of deteriorating health.,Failure to contact emergency services during a medical deterioration.,Emergency response failure,0.9243311882019043,7
59,iss_0009405,https://www.judiciary.uk/prevention-of-future-death-reports/joyce-dennis-prevention-of-future-deaths-report/,2022-03-07,Staff failed to escalate concerns to the GP despite the resident's visible deterioration.,Failure to escalate clinical deterioration to a general practitioner.,Clinical escalation failure,0.9192655682563782,8
59,iss_0001015,https://www.judiciary.uk/prevention-of-future-death-reports/tony-duncan-prevention-of-future-deaths-report/,2025-10-15,"Staff failed to alert the GP, family, or crisis teams when the deceased left the hospital in distress.",Failure to notify relevant parties of a patient's clinical distress upon discharge.,Communication failure,0.9127127528190613,9
60,iss_0022611,https://www.judiciary.uk/prevention-of-future-death-reports/charles-bradley/,2014-03-17,The recording of the patient's fall was inadequate and lacked essential detail.,Inadequate documentation of a patient fall.,Clinical documentation error,0.9675527811050415,1
60,iss_0021057,https://www.judiciary.uk/prevention-of-future-death-reports/philip-smith/,2015-01-21,Nursing staff failed to provide detailed documentation regarding the patient's fall.,Inadequate documentation of a patient fall by nursing staff.,Clinical documentation failure,0.9581973552703857,2
60,iss_0001759,https://www.judiciary.uk/prevention-of-future-death-reports/vera-fortey-prevention-of-future-deaths-report/,2025-06-19,Staff failed to provide contemporaneous documentation of a significant fall in the resident's records.,Failure to provide contemporaneous documentation of a significant resident fall.,Documentation failure,0.9578253030776978,3
60,iss_0020822,https://www.judiciary.uk/prevention-of-future-death-reports/emmeline-hampson/,2015-03-06,Documentation and record keeping regarding falls and changes in resident condition were inadequate.,Inadequate documentation of resident falls and changes in condition.,Record keeping failure,0.9548938274383545,4
60,iss_0021980,https://www.judiciary.uk/prevention-of-future-death-reports/stanley-bere/,2014-07-04,Important information regarding patient falls was not being recorded.,Failure to record essential information regarding patient falls.,Incomplete clinical documentation,0.9510023593902588,5
60,iss_0015598,https://www.judiciary.uk/prevention-of-future-death-reports/charles-grainger/,2018-05-12,Internal investigations into patient falls were insufficient and lacked necessary scrutiny of clinical documentation.,Inadequate investigation and scrutiny of clinical documentation regarding patient falls.,Clinical investigation failure,0.943954348564148,6
60,iss_0004491,https://www.judiciary.uk/prevention-of-future-death-reports/maureen-woollen-prevention-of-future-deaths-report/,2024-06-19,Medical assistance was not sought when the resident was found on the floor.,Failure to seek medical assistance following a resident fall.,Failure to provide care,0.9287447929382324,7
60,iss_0002006,https://www.judiciary.uk/prevention-of-future-death-reports/sarah-hill-prevention-of-future-deaths-report/,2025-05-26,Falls and collapses on the ward were not reported.,Failure to report patient falls and collapses within the ward.,Incident reporting failure,0.928646445274353,8
60,iss_0018957,https://www.judiciary.uk/prevention-of-future-death-reports/vincent-smith/,2016-04-06,Insufficient steps were taken to assess and act upon the resident's vulnerability following an initial fall.,Failure to adequately assess and address resident vulnerability following a fall.,Inadequate vulnerability assessment,0.9271944761276245,9
61,iss_0018368,https://www.judiciary.uk/prevention-of-future-death-reports/harry-glibbery/,2016-08-16,Pharmacy reviews failed to identify the incorrect Clexane dosage.,Failure to identify incorrect medication dosage during pharmacy review.,Medication error,0.9505565762519836,1
61,iss_0005465,https://www.judiciary.uk/prevention-of-future-death-reports/joshua-burgess-prevention-of-future-deaths-report/,2024-02-13,The GP surgery failed to update the prescribed dosage despite receiving notification of changes.,Failure to update prescribed medication dosage following notification of changes.,Medication error,0.943724513053894,2
61,iss_0001984,https://www.judiciary.uk/prevention-of-future-death-reports/julie-beasley-prevention-of-future-deaths-report/,2025-05-28,Staff failed to scrutinise medication changes and made errors regarding dosages.,Failure to review medication changes resulting in incorrect dosages.,Medication administration error,0.9383430480957031,3
61,iss_0006790,https://www.judiciary.uk/prevention-of-future-death-reports/juanita-nti-prevention-of-future-deaths-report/,2023-08-18,The pharmacist failed to identify the error in the prescription concentration.,Failure to identify incorrect medication concentration in a prescription.,Prescription error,0.9376189708709717,4
61,iss_0011159,https://www.judiciary.uk/prevention-of-future-death-reports/helen-mclean/,2021-03-03,The nursing home failed to cross-reference prescribed medication with requested medication.,Failure to cross-reference prescribed medication with requested medication.,Medication administration error,0.9343547821044922,5
61,iss_0020044,https://www.judiciary.uk/prevention-of-future-death-reports/kathleen-neville/,2015-08-07,The primary pharmacy review failed to identify an error in the drug chart.,Failure to detect a medication error during pharmacy review.,Medication error detection,0.9135607481002808,6
61,iss_0016858,https://www.judiciary.uk/prevention-of-future-death-reports/songul-bozdag/,2017-07-26,The drug card was not updated to reflect the increased prescription of risperidone.,Medication records were not updated to reflect changes in prescription dosage.,Inaccurate medical documentation,0.8945321440696716,7
61,iss_0022898,https://www.judiciary.uk/prevention-of-future-death-reports/judith-marshall/,2014-01-27,The pharmacy's checking system failed to detect a significant dispensing error involving a controlled opiate.,Failure of pharmacy checking system to detect a dispensing error.,Dispensing error detection,0.8935426473617554,8
61,iss_0008951,https://www.judiciary.uk/prevention-of-future-death-reports/marjorie-walker-prevention-of-future-deaths-report/,2022-06-15,The Morphine Sulphate prescription was not amended to reflect the change to a Buprenorphine patch.,Prescription was not updated to reflect a change in medication.,Medication prescription error,0.8676013350486755,9
62,iss_0009119,https://www.judiciary.uk/prevention-of-future-death-reports/cristofaro-priolo-prevention-of-future-deaths-report/,2022-05-11,Staff failed to initiate timely cardiopulmonary resuscitation.,Failure to initiate timely cardiopulmonary resuscitation.,Delayed clinical intervention,0.9620093107223511,1
62,iss_0018888,https://www.judiciary.uk/prevention-of-future-death-reports/christopher-brand/,2016-04-21,Nursing staff did not immediately commence CPR upon finding the patient unresponsive.,Delay in commencing cardiopulmonary resuscitation for an unresponsive patient.,Delayed emergency response,0.9548214673995972,2
62,iss_0002301,https://www.judiciary.uk/prevention-of-future-death-reports/ivy-dixon-prevention-of-future-deaths-report/,2025-04-09,Care home staff failed to perform CPR when the patient became unresponsive.,Failure to perform cardiopulmonary resuscitation on an unresponsive patient.,Failure to provide care,0.9497154951095581,3
62,iss_0021137,https://www.judiciary.uk/prevention-of-future-death-reports/noreen-porter/,2014-12-22,Staff failed to perform CPR when the deceased collapsed.,Failure to perform cardiopulmonary resuscitation following a collapse.,Failure to provide care,0.9382614493370056,4
62,iss_0018889,https://www.judiciary.uk/prevention-of-future-death-reports/christopher-brand/,2016-04-21,A delay occurred in commencing CPR while staff sought senior assistance.,Delay in commencing cardiopulmonary resuscitation due to seeking senior assistance.,Clinical delay,0.9339559674263,5
62,iss_0011964,https://www.judiciary.uk/prevention-of-future-death-reports/moses-boardman/,2020-08-11,Staff failed to commence CPR despite the presence of a potentially reversible cause for collapse.,Failure to initiate cardiopulmonary resuscitation despite a reversible cause for collapse.,Clinical mismanagement,0.9325979948043823,6
62,iss_0009826,https://www.judiciary.uk/prevention-of-future-death-reports/khadija-ahmed-prevention-of-future-deaths-report/,2021-12-02,Staff members failed to attempt cardiopulmonary resuscitation when the child became unresponsive.,Failure to perform cardiopulmonary resuscitation on an unresponsive child.,Failure to provide care,0.9257689714431763,7
62,iss_0013611,https://www.judiciary.uk/prevention-of-future-death-reports/darren-mcguin/,2019-06-26,A delay occurred between finding the prisoner unresponsive and the commencement of CPR.,Delay in commencing CPR after identifying an unresponsive individual.,Delayed medical response,0.9173975586891174,8
62,iss_0005533,https://www.judiciary.uk/prevention-of-future-death-reports/liam-turner-prevention-of-future-deaths-report/,2024-02-05,Cardiopulmonary resuscitation was not commenced by prison officers until the arrival of healthcare staff and paramedics.,Delay in commencing cardiopulmonary resuscitation by prison staff.,Emergency response delay,0.9151791334152222,9
63,iss_0022577,https://www.judiciary.uk/prevention-of-future-death-reports/sean-morley/,2014-03-24,The road lacks street lighting.,Inadequate street lighting on the road.,Infrastructure deficiency,0.9906296133995056,1
63,iss_0002529,https://www.judiciary.uk/prevention-of-future-death-reports/arsalan-baig-prevention-of-future-deaths-report/,2025-03-06,The street lighting was inadequate.,Inadequate street lighting.,Public infrastructure safety,0.9882510900497437,2
63,iss_0017567,https://www.judiciary.uk/prevention-of-future-death-reports/luke-mumford/,2017-02-23,The road lacks illumination at night.,Inadequate street lighting at night.,Infrastructure safety,0.9845730066299438,3
63,iss_0002522,https://www.judiciary.uk/prevention-of-future-death-reports/mohammed-khan-prevention-of-future-deaths-report/,2025-03-06,Street lighting at the junction of Dryden Street and Buck Street was insufficient.,Inadequate street lighting at a road junction.,Public lighting safety,0.982664942741394,4
63,iss_0012465,https://www.judiciary.uk/prevention-of-future-death-reports/beryl-fricker/,2020-01-28,The street lighting at the junction of Lake Road and Upwey Avenue is inadequate.,Inadequate street lighting at a road junction.,Infrastructure safety,0.982664942741394,5
63,iss_0004146,https://www.judiciary.uk/prevention-of-future-death-reports/scott-punshon-prevention-of-future-deaths-report/,2024-07-29,Road lighting was inadequate.,Inadequate road lighting.,Infrastructure safety,0.9801771640777588,6
63,iss_0013878,https://www.judiciary.uk/prevention-of-future-death-reports/william-hignett/,2019-04-26,The road is unlit during hours of darkness.,Inadequate street lighting during hours of darkness.,Infrastructure safety,0.9795445203781128,7
63,iss_0020894,https://www.judiciary.uk/prevention-of-future-death-reports/maria-nekrasova/,2015-02-20,"Street lighting levels are insufficient, creating areas of darkness on the carriageway.",Inadequate street lighting levels on the carriageway.,Illumination deficiency,0.9737962484359741,8
63,iss_0020491,https://www.judiciary.uk/prevention-of-future-death-reports/julios-catachanas/,2015-05-01,Street lighting was not present at the junction.,Absence of street lighting at a junction.,Inadequate street lighting,0.9720256924629211,9
64,iss_0012006,https://www.judiciary.uk/prevention-of-future-death-reports/john-cheetham/,2020-07-13,Inadequate bed capacity led to prolonged waiting times in the Emergency Department.,Insufficient bed capacity causing prolonged emergency department waiting times.,Resource inadequacy,0.9823853969573975,1
64,iss_0008496,https://www.judiciary.uk/prevention-of-future-death-reports/maureen-harrop-prevention-of-future-deaths-report/,2022-09-14,A lack of bed capacity caused a prolonged stay in the Emergency Department.,Insufficient bed capacity causing prolonged emergency department stays.,Capacity constraints,0.9764289259910583,2
64,iss_0011821,https://www.judiciary.uk/prevention-of-future-death-reports/joseph-cheetham/,2020-09-30,A lack of bed capacity resulted in a frail and vulnerable patient waiting in the Emergency Department for over 24 hours.,Inadequate bed capacity causing prolonged waiting times in the Emergency Department.,Capacity and flow,0.9750244617462158,3
64,iss_0003098,https://www.judiciary.uk/prevention-of-future-death-reports/matthew-sheldrick-2-prevention-of-future-deaths-report/,2024-12-16,A lack of inpatient beds leads to unacceptable waiting times in A&E for patients in mental health crisis.,Insufficient inpatient beds causing excessive waiting times in emergency departments.,Resource scarcity,0.9517613053321838,4
64,iss_0002628,https://www.judiciary.uk/prevention-of-future-death-reports/kenneth-clayton-prevention-of-future-deaths-report/,2025-02-19,Prolonged waiting times for inpatient beds in the Emergency Department are a systemic issue.,Prolonged waiting times for inpatient beds in emergency departments.,Patient flow delays,0.9457626342773438,5
64,iss_0012322,https://www.judiciary.uk/prevention-of-future-death-reports/beryl-holland/,2020-02-25,Patients remained in the Emergency Department for significant periods while awaiting suitable ward beds.,Prolonged emergency department boarding due to lack of available ward beds.,Patient flow delays,0.9425338506698608,6
64,iss_0002743,https://www.judiciary.uk/prevention-of-future-death-reports/dorothy-reid-prevention-of-future-deaths-report/,2025-02-04,A lack of available beds in the hospital causes patients to wait in the emergency department.,Insufficient hospital bed capacity leads to emergency department boarding.,Capacity constraints,0.935267448425293,7
64,iss_0008277,https://www.judiciary.uk/prevention-of-future-death-reports/lynn-moss-prevention-of-future-deaths-report/,2022-11-04,Delays in bed availability caused prolonged stays in the Emergency Department.,Delayed bed availability causing prolonged emergency department stays.,Patient flow delays,0.9251754283905029,8
64,iss_0007987,https://www.judiciary.uk/prevention-of-future-death-reports/leroy-hamilton-prevention-of-future-deaths-report/,2023-01-11,A lack of available beds results in acutely ill patients being left unattended in emergency departments.,Inadequate bed capacity leads to unattended patients in emergency departments.,Resource shortage,0.9166610836982727,9
65,iss_0011935,https://www.judiciary.uk/prevention-of-future-death-reports/sian-hewitt/,2020-08-21,Staff failed to carry out a VTE risk assessment in breach of protocol.,Failure to perform required venous thromboembolism risk assessments.,Clinical protocol non-compliance,0.9868252873420715,1
65,iss_0016225,https://www.judiciary.uk/prevention-of-future-death-reports/gordon-thornhill/,2017-12-04,A junior doctor failed to complete the mandatory VTE risk assessment.,Failure to complete mandatory venous thromboembolism risk assessments.,Clinical documentation failure,0.9813605546951294,2
65,iss_0020945,https://www.judiciary.uk/prevention-of-future-death-reports/francoise-snape/,2015-02-13,No venous thromboembolism assessment was performed for the deceased.,Failure to perform venous thromboembolism assessment.,Clinical assessment omission,0.9750409722328186,3
65,iss_0004030,https://www.judiciary.uk/prevention-of-future-death-reports/nimo-osman-prevention-of-future-deaths-report/,2024-08-12,There are failures in completing required Venous Thromboembolism risk assessments on admission.,Failure to complete required venous thromboembolism risk assessments on admission.,Clinical assessment failure,0.9741535782814026,4
65,iss_0006052,https://www.judiciary.uk/prevention-of-future-death-reports/ann-pearce-prevention-of-future-deaths-report/,2023-11-28,No Venous Thromboembolism assessment was undertaken during the patient's admission or on discharge.,Failure to perform venous thromboembolism assessment during admission or discharge.,Clinical assessment failure,0.9721866250038147,5
65,iss_0008513,https://www.judiciary.uk/prevention-of-future-death-reports/deline-etienne-prevention-of-future-deaths-report/,2022-09-12,Staff failed to assess the patient for venous thromboembolism risk.,Failure to assess patient risk for venous thromboembolism.,Clinical assessment failure,0.9635803699493408,6
65,iss_0010902,https://www.judiciary.uk/prevention-of-future-death-reports/alvin-black/,2021-04-30,The clinical system failed to identify the failure to conduct a required venous thromboembolism risk review.,Failure to identify missing required venous thromboembolism risk reviews.,Clinical monitoring failure,0.9497602581977844,7
65,iss_0010104,https://www.judiciary.uk/prevention-of-future-death-reports/vivien-brunning-prevention-of-future-deaths-report/,2021-10-12,Required venous thromboembolism reviews were not undertaken following admission.,Failure to perform required venous thromboembolism reviews following admission.,Clinical review failure,0.944583535194397,8
65,iss_0007928,https://www.judiciary.uk/prevention-of-future-death-reports/sophia-ayuk-prevention-of-future-deaths-report/,2023-01-20,Ms Ayuk was not assessed for venous thromboembolism risk in contravention of trust policy.,Failure to assess risk of venous thromboembolism in accordance with policy.,Clinical assessment failure,0.9428708553314209,9
66,iss_0009565,https://www.judiciary.uk/prevention-of-future-death-reports/joy-burgess-prevention-of-future-deaths-report/,2022-02-04,Patients face excessively long waiting lists for psychological therapies.,Excessive waiting times for psychological therapies.,Healthcare access delay,0.982138991355896,1
66,iss_0021358,https://www.judiciary.uk/prevention-of-future-death-reports/rowena-golton/,2014-11-11,Waiting times for access to psychological therapy are significantly long.,Excessive waiting times for access to psychological therapy.,Healthcare access delays,0.9808135032653809,2
66,iss_0005604,https://www.judiciary.uk/prevention-of-future-death-reports/nicolas-gerasimidis-prevention-of-future-deaths-report/,2024-01-30,The waiting list for Cognitive Behavioural Therapy with Exposure Response Prevention was one year.,Excessive waiting times for specialised psychological therapy.,Service accessibility,0.9779306650161743,3
66,iss_0007977,https://www.judiciary.uk/prevention-of-future-death-reports/lucy-jones-prevention-of-future-deaths-report/,2023-01-11,The patient remained on a waiting list for Cognitive Behavioural Therapy for over two years.,Excessive waiting times for cognitive behavioural therapy.,Service delay,0.9776973128318787,4
66,iss_0016550,https://www.judiciary.uk/prevention-of-future-death-reports/sofia-legg/,2017-10-04,The six-month waiting list for CBT was excessively long.,Excessive waiting times for cognitive behavioural therapy.,Service delay,0.9776973128318787,5
66,iss_0004431,https://www.judiciary.uk/prevention-of-future-death-reports/isobel-stapleton-prevention-of-future-deaths-report/,2024-06-25,The waiting list for necessary psychotherapy is several months long.,Excessive waiting times for essential psychotherapy services.,Healthcare access delay,0.9678444862365723,6
66,iss_0014327,https://www.judiciary.uk/prevention-of-future-death-reports/heather-carey/,2019-02-12,The waiting list for psychotherapy assessment and treatment is excessively long.,Excessive waiting times for psychotherapy assessment and treatment.,Service accessibility,0.9670161604881287,7
66,iss_0014403,https://www.judiciary.uk/prevention-of-future-death-reports/conor-crutchley/,2019-01-28,Significant waiting times exist for service users referred for talking therapies.,Excessive waiting times for referred talking therapies.,Service access delays,0.952405571937561,8
66,iss_0015505,https://www.judiciary.uk/prevention-of-future-death-reports/john-derwent/,2018-06-04,The waiting time for cognitive behavioural therapy significantly exceeded the target time.,Waiting times for cognitive behavioural therapy exceed target thresholds.,Service delivery delays,0.9502506256103516,9
67,iss_0017350,https://www.judiciary.uk/prevention-of-future-death-reports/ronald-bennett/,2017-04-05,A lack of available hospital beds prevents the timely admission of patients.,Insufficient hospital bed capacity prevents timely patient admission.,Healthcare resource shortage,0.9686476588249207,1
67,iss_0005605,https://www.judiciary.uk/prevention-of-future-death-reports/nicolas-gerasimidis-prevention-of-future-deaths-report/,2024-01-30,A lack of available hospital beds prevented necessary informal admission.,Insufficient hospital bed capacity prevented necessary admission.,Resource scarcity,0.9648869037628174,2
67,iss_0013145,https://www.judiciary.uk/prevention-of-future-death-reports/anthony-mccormack-2/,2019-09-27,A shortage of inpatient beds prevented the deceased from receiving necessary hospital treatment.,Inadequate inpatient bed capacity prevented necessary medical treatment.,Resource shortage,0.9618710875511169,3
67,iss_0018485,https://www.judiciary.uk/prevention-of-future-death-reports/patricia-cleghorn/,2016-07-25,A lack of available inpatient beds prevented necessary hospital admission.,Inability to admit patients due to insufficient inpatient bed capacity.,Capacity constraints,0.9590961933135986,4
67,iss_0014364,https://www.judiciary.uk/prevention-of-future-death-reports/stephen-kennedy/,2019-02-07,A lack of available acute beds prevented necessary inpatient treatment.,Insufficient acute bed capacity prevented necessary inpatient treatment.,Resource scarcity,0.9421746730804443,5
67,iss_0011820,https://www.judiciary.uk/prevention-of-future-death-reports/joseph-cheetham/,2020-09-30,Acute bed shortages prevented direct hospital admission for a patient identified as needing hospitalisation.,Inability to admit patients due to acute hospital bed shortages.,Capacity constraints,0.9411593079566956,6
67,iss_0007837,https://www.judiciary.uk/prevention-of-future-death-reports/benjamin-stanley-prevention-of-future-deaths-report/,2023-02-04,A lack of available beds prevents direct admission to hospital wards.,Insufficient hospital bed capacity prevents direct admission to wards.,Resource shortage,0.939728856086731,7
67,iss_0017156,https://www.judiciary.uk/prevention-of-future-death-reports/lilly-baxandall/,2017-05-17,Insufficient bed availability causes delays in admitting patients to the hospital.,Inadequate bed capacity causes delays in patient admission.,Resource shortage,0.9383754134178162,8
67,iss_0010256,https://www.judiciary.uk/prevention-of-future-death-reports/roger-phelps-prevention-of-future-deaths-report/,2021-09-07,A lack of available beds in the Heart Unit prevented timely specialist treatment.,Insufficient bed capacity prevented timely specialist treatment.,Resource shortage,0.9284297227859497,9
68,iss_0011388,https://www.judiciary.uk/prevention-of-future-death-reports/john-berrow/,2021-01-07,There is no formal process for improving learning from clinical incidents amongst practitioners.,Lack of a formal process for learning from clinical incidents.,Clinical governance,0.9563042521476746,1
68,iss_0004337,https://www.judiciary.uk/prevention-of-future-death-reports/nancy-rogers-prevention-of-future-deaths-report/,2024-07-09,There has been a failure to implement clinical learning or teaching following similar fatal outcomes.,Failure to implement clinical learning following fatal incidents.,Learning failure,0.9559985399246216,2
68,iss_0002389,https://www.judiciary.uk/prevention-of-future-death-reports/derek-cole-prevention-of-future-deaths-report/,2025-03-26,The GP practice lacks a sufficient system to ensure learning from clinical incidents.,Inadequate systems for learning from clinical incidents.,Clinical governance,0.9547311067581177,3
68,iss_0003008,https://www.judiciary.uk/prevention-of-future-death-reports/victor-knowles-prevention-of-future-deaths-report/,2025-01-02,No mechanism existed for learning lessons from deaths occurring at the nursing home.,Lack of a mechanism for learning from fatalities in a care setting.,Incident learning failure,0.9432098865509033,4
68,iss_0001243,https://www.judiciary.uk/prevention-of-future-death-reports/mabel-williams-prevention-of-future-deaths-report-2/,2025-09-10,The Trust failed to achieve timely changes in practice following serious clinical incidents.,Failure to implement timely practice changes following serious clinical incidents.,Clinical governance failure,0.9346925616264343,5
68,iss_0005104,https://www.judiciary.uk/prevention-of-future-death-reports/ellen-woolnough-prevention-of-future-deaths-report/,2024-03-28,The failure to introduce new processes for investigating serious patient incidents.,Failure to implement new processes for investigating serious patient incidents.,Incident investigation failure,0.9041512608528137,6
68,iss_0016422,https://www.judiciary.uk/prevention-of-future-death-reports/kate-pierce/,2017-10-31,The Health Board lacks clearly defined and consistently applied criteria for ensuring learning opportunities from clinical incidents are actively sought.,Lack of defined criteria for identifying learning opportunities from clinical incidents.,Clinical governance failure,0.8929656147956848,7
68,iss_0002925,https://www.judiciary.uk/prevention-of-future-death-reports/aarav-chopra-prevention-of-future-deaths-report/,2025-01-13,There is no effective mechanism to ensure immediate learning from deaths at the earliest opportunity.,Lack of mechanisms for timely learning from fatalities.,Learning from incidents,0.8848827481269836,8
69,iss_0001602,https://www.judiciary.uk/prevention-of-future-death-reports/patricia-heaviside-prevention-of-future-deaths-report/,2025-07-10,The care home failed to apply for Deprivation of Liberty Safeguards assessments for residents lacking mental capacity.,Failure to apply for Deprivation of Liberty Safeguards for residents lacking mental capacity.,Regulatory non-compliance,0.9674530625343323,1
69,iss_0018939,https://www.judiciary.uk/prevention-of-future-death-reports/dennis-bennett/,2016-04-12,Insufficient consideration was given to whether a Deprivation of Liberty Safeguards application was necessary for a patient in end-stage palliative care.,Failure to assess the necessity of a Deprivation of Liberty Safeguards application.,Legal compliance failure,0.9624058604240417,2
69,iss_0018838,https://www.judiciary.uk/prevention-of-future-death-reports/jack-molyneux/,2016-04-29,Staff failed to implement a Deprivation of Liberty Safeguards order for a patient lacking mental capacity.,Failure to implement a Deprivation of Liberty Safeguards order.,Compliance failure,0.9605425596237183,3
69,iss_0018428,https://www.judiciary.uk/prevention-of-future-death-reports/winston-harris/,2016-08-03,The local authority failed to process DOLS applications in a timely manner for vulnerable individuals.,Failure to process Deprivation of Liberty Safeguards applications in a timely manner.,Administrative delay,0.9601249694824219,4
69,iss_0017914,https://www.judiciary.uk/prevention-of-future-death-reports/brian-gerrard/,2016-12-05,Deprivation of Liberty Safeguards procedures were not correctly implemented.,Failure to correctly implement Deprivation of Liberty Safeguards procedures.,Procedural non-compliance,0.9585849046707153,5
69,iss_0018427,https://www.judiciary.uk/prevention-of-future-death-reports/winston-harris/,2016-08-03,Hospital staff failed to consider an emergency DOLS following an attempted escape from the ward.,Failure to consider an emergency Deprivation of Liberty Safeguards application.,Safeguarding failure,0.9469517469406128,6
69,iss_0021028,https://www.judiciary.uk/prevention-of-future-death-reports/margaret-flemming/,2015-01-29,The best interests assessment for the Deprivation of Liberty Safeguards was significantly delayed.,Significant delay in the best interests assessment for Deprivation of Liberty Safeguards.,Procedural delay,0.9273111820220947,7
69,iss_0018445,https://www.judiciary.uk/prevention-of-future-death-reports/leslie-morrison/,2016-07-28,No formal mental capacity assessment or DoLS authorisation was undertaken in the community.,Failure to conduct formal mental capacity assessments or Deprivation of Liberty Safeguards authorisations.,Legal compliance failure,0.9138510227203369,8
70,iss_0002050,https://www.judiciary.uk/prevention-of-future-death-reports/kelly-walsh-prevention-of-future-deaths-report/,2025-05-23,Publicly accessible websites provide instructions on sourcing and administering lethal poisons and medications.,Websites providing instructions for sourcing and administering lethal substances.,Dangerous content,0.9779360294342041,1
70,iss_0002056,https://www.judiciary.uk/prevention-of-future-death-reports/william-armstrong-prevention-of-future-deaths-report/,2025-05-23,Publicly accessible websites provide instructions on sourcing and administering lethal poisons and medications.,Websites providing instructions for sourcing and administering lethal substances.,Dangerous content,0.9779360294342041,2
70,iss_0002040,https://www.judiciary.uk/prevention-of-future-death-reports/andrew-brown-prevention-of-future-deaths-report-2/,2025-05-23,Online platforms provide instructions on sourcing and administering lethal poisons and medications.,Instructions for sourcing and administering lethal substances are provided online.,Harmful content,0.9599705934524536,3
70,iss_0002030,https://www.judiciary.uk/prevention-of-future-death-reports/chantelle-williams-prevention-of-future-deaths-report/,2025-05-23,Online platforms provide accessible information on sourcing lethal poisons and preparing them for administration.,Online access to instructions for sourcing and preparing lethal substances.,Dangerous content,0.9598920345306396,4
70,iss_0002064,https://www.judiciary.uk/prevention-of-future-death-reports/matthew-oreilly-prevention-of-future-deaths-report/,2025-05-23,Online platforms provide instructions on accessing lethal poisons and preparing them for administration.,Instructions for accessing and preparing lethal substances are provided online.,Dangerous content,0.959186315536499,5
70,iss_0002035,https://www.judiciary.uk/prevention-of-future-death-reports/samuel-dickenson-prevention-of-future-deaths-report/,2025-05-23,Publicly accessible websites provide instructions on sourcing poisons and preparing them for administration to cause death.,Websites providing instructions for sourcing and preparing lethal poisons.,Dangerous content,0.9549097418785095,6
70,iss_0002045,https://www.judiciary.uk/prevention-of-future-death-reports/mathew-price-prevention-of-future-deaths-report/,2025-05-23,International websites provide accessible instructions on sourcing lethal poisons and preparing them for administration.,Websites provide instructions for sourcing and preparing lethal poisons.,Dangerous content,0.9359055757522583,7
70,iss_0002025,https://www.judiciary.uk/prevention-of-future-death-reports/shaun-bass-prevention-of-future-deaths-report/,2025-05-23,Websites exist that provide instructions on accessing and administering poisons to facilitate suicide.,Websites providing instructions for using poisons to facilitate suicide.,Self-harm promotion,0.9231622219085693,8
71,iss_0002259,https://www.judiciary.uk/prevention-of-future-death-reports/sarah-cunningham-prevention-of-future-deaths-report/,2025-04-16,There is a lack of concrete planning to implement learning from previous investigations into passenger fatalities.,Failure to implement lessons learned from previous fatal investigations.,Safety management failure,0.96390700340271,1
71,iss_0005158,https://www.judiciary.uk/prevention-of-future-death-reports/alexander-lyalushko-prevention-of-future-deaths-report-2/,2024-03-25,There is insufficient review and learning from deaths to prevent future occurrences.,Inadequate review and learning from fatalities to prevent recurrence.,Learning from incidents,0.9549790620803833,2
71,iss_0006914,https://www.judiciary.uk/prevention-of-future-death-reports/philip-evans-prevention-of-future-deaths-report/,2023-07-22,The Health Board has failed to implement necessary learning to prevent similar deaths.,Failure to implement lessons learned to prevent recurrence of fatal incidents.,Institutional learning failure,0.9522212743759155,3
71,iss_0017728,https://www.judiciary.uk/prevention-of-future-death-reports/michael-parke/,2017-01-18,The Trust failed to learn from previous avoidable deaths.,Failure to learn from previous avoidable deaths.,Learning from incidents,0.9367458820343018,4
71,iss_0017736,https://www.judiciary.uk/prevention-of-future-death-reports/amanda-coulthard/,2017-01-18,The Trust failed to learn from previous avoidable deaths.,Failure to learn from previous avoidable deaths.,Learning from incidents,0.9367458820343018,5
71,iss_0007403,https://www.judiciary.uk/prevention-of-future-death-reports/drew-howe-prevention-of-future-deaths-report/,2023-05-15,The Trust has failed to derive all available learning from the death.,Failure to fully utilise lessons learned from a fatality.,Learning failure,0.9358833432197571,6
71,iss_0008403,https://www.judiciary.uk/prevention-of-future-death-reports/charles-stringer-prevention-of-future-deaths-report/,2022-10-10,Surrey County Council failed to demonstrate reflection or learning following the death.,Failure to demonstrate learning or reflection following a fatality.,Lack of organisational learning,0.9243473410606384,7
71,iss_0008494,https://www.judiciary.uk/prevention-of-future-death-reports/adam-gallagher-prevention-of-future-deaths-report/,2022-09-14,There is a lack of sufficient safeguards to prevent future deaths in similar circumstances.,Insufficient safeguards to prevent recurrence of fatal incidents.,Safety control inadequacy,0.9132493734359741,8
72,iss_0009929,https://www.judiciary.uk/prevention-of-future-death-reports/daniel-hall-prevention-of-future-deaths-report/,2021-11-10,There were excessive delays for students to access mental health support services.,Excessive delays in accessing mental health support services.,Service delivery delay,0.9710133671760559,1
72,iss_0005216,https://www.judiciary.uk/prevention-of-future-death-reports/tobias-mannering-jones-prevention-of-future-deaths-report/,2024-03-14,Long waiting lists for mental health services prevent timely access to support.,Delayed access to mental health services due to long waiting lists.,Service accessibility,0.9696754217147827,2
72,iss_0004560,https://www.judiciary.uk/prevention-of-future-death-reports/sailor-court-prevention-of-future-deaths-report/,2024-06-10,The waiting time for mental health assessments was unacceptably long.,Excessive waiting times for mental health assessments.,Service delivery delays,0.962823212146759,3
72,iss_0022642,https://www.judiciary.uk/prevention-of-future-death-reports/lorna-cullens/,2014-03-11,Patients frequently waited in excess of two hours for mental health assessments.,Excessive waiting times for mental health assessments.,Service delivery delays,0.962823212146759,4
72,iss_0014229,https://www.judiciary.uk/prevention-of-future-death-reports/danyon-chesters/,2019-02-26,There were significant delays in accessing NHS mental health services.,Significant delays in accessing NHS mental health services.,Service delivery delays,0.9532206654548645,5
72,iss_0016359,https://www.judiciary.uk/prevention-of-future-death-reports/john-haines/,2017-11-16,Access to Healthy Minds is hindered by long waiting times.,Long waiting times hinder access to mental health services.,Service accessibility,0.944098949432373,6
72,iss_0002286,https://www.judiciary.uk/prevention-of-future-death-reports/robert-smith-prevention-of-future-deaths-report/,2025-04-10,Significant waiting lists exist for mental health therapy services.,Long waiting lists for mental health therapy services.,Healthcare access,0.9228324890136719,7
72,iss_0012276,https://www.judiciary.uk/prevention-of-future-death-reports/shaun-turner/,2020-03-03,Delays in accessing appropriate mental health services and support.,Delayed access to appropriate mental health services and support.,Healthcare access delays,0.9222865700721741,8
73,iss_0002951,https://www.judiciary.uk/prevention-of-future-death-reports/john-liddle-prevention-of-future-deaths-report/,2025-01-09,The 40 miles per hour speed limit is unsafe for this stretch of road.,The speed limit is inappropriate for the road conditions.,Road safety risk,0.981518566608429,1
73,iss_0019657,https://www.judiciary.uk/prevention-of-future-death-reports/florence-lowe/,2015-10-29,"The statutory speed limit of 60 mph is inappropriate for a road with residential properties, a petrol station, and a hotel.",The statutory speed limit is inappropriate for the road environment.,Inadequate speed limits,0.9761667251586914,2
73,iss_0019570,https://www.judiciary.uk/prevention-of-future-death-reports/jonathan-hawes/,2015-11-24,The national speed limit on Cowleaze Hill is unsafe for the road's blind bends and camber.,The speed limit is unsafe for the road geometry.,Road safety risk,0.9534294009208679,3
73,iss_0004158,https://www.judiciary.uk/prevention-of-future-death-reports/jennifer-and-marion-bunyan-prevention-of-future-deaths-report/,2024-07-26,The 60 mph speed limit on this rural road is unsafe due to the road design.,Speed limits are inappropriate for the road design.,Road safety design,0.9511186480522156,4
73,iss_0012723,https://www.judiciary.uk/prevention-of-future-death-reports/darren-wilson/,2019-12-05,The speed limit at the location is insufficient to ensure safety.,The speed limit is insufficient to ensure safety.,Inadequate speed regulation,0.9507780075073242,5
73,iss_0022371,https://www.judiciary.uk/prevention-of-future-death-reports/sukbir-singh-rana-mandip-singh/,2014-04-30,The 60 mph speed limit may be inappropriate for a country lane with limited lighting and numerous bends.,Speed limit is inappropriate for road conditions and visibility.,Road safety risk,0.949880838394165,6
73,iss_0013880,https://www.judiciary.uk/prevention-of-future-death-reports/william-hignett/,2019-04-26,The national speed limit is inappropriate for the location.,The national speed limit is unsuitable for the specific location.,Inappropriate speed limits,0.9263659715652466,7
73,iss_0020349,https://www.judiciary.uk/prevention-of-future-death-reports/deborah-roberts/,2015-06-11,The current 70 mph speed limit fails to mitigate identified safety risks.,The existing speed limit is insufficient to mitigate identified safety risks.,Inadequate speed regulation,0.8923108577728271,8
74,iss_0016529,https://www.judiciary.uk/prevention-of-future-death-reports/levi-cronin/,2017-10-06,Information sharing between healthcare staff and prison staff was inadequate.,Inadequate information sharing between healthcare and prison staff.,Communication failure,0.9795849919319153,1
74,iss_0020273,https://www.judiciary.uk/prevention-of-future-death-reports/blaise-farry/,2015-06-30,Information exchange between healthcare and prison staff was inadequate.,Inadequate information exchange between healthcare and prison staff.,Communication failure,0.9786078333854675,2
74,iss_0017096,https://www.judiciary.uk/prevention-of-future-death-reports/jonathan-palmer/,2017-05-31,There is no effective system for families to provide relevant medical information to prison staff with assurance of dissemination.,Lack of reliable mechanism for communicating medical information to prison staff.,Information sharing failure,0.9530569314956665,3
74,iss_0004552,https://www.judiciary.uk/prevention-of-future-death-reports/yuri-hatton-prevention-of-future-deaths-report/,2024-06-11,"Communication between prison staff and healthcare staff was inadequate, particularly during handovers.",Inadequate communication between prison and healthcare staff during handovers.,Communication failure,0.9524235725402832,4
74,iss_0016070,https://www.judiciary.uk/prevention-of-future-death-reports/john-chapman/,2018-01-11,A mechanism does not exist to routinely share prisoner well-being information between prison staff and medical staff during reception.,Lack of formal information sharing between prison and medical staff during reception.,Information sharing failure,0.9467785358428955,5
74,iss_0014861,https://www.judiciary.uk/prevention-of-future-death-reports/thomas-mcauley/,2018-10-29,A fail-safe mechanism is missing to ensure medical assessments of vulnerable individuals are shared with prison medical staff.,Lack of a fail-safe mechanism for sharing medical assessments with prison staff.,Information sharing failure,0.9450497627258301,6
74,iss_0014087,https://www.judiciary.uk/prevention-of-future-death-reports/john-wright-3/,2019-03-21,There is an inadequate system for sharing critical risk documentation amongst prison and healthcare staff in reception.,Inadequate sharing of critical risk documentation between prison and healthcare staff.,Information sharing failure,0.9405327439308167,7
74,iss_0005698,https://www.judiciary.uk/prevention-of-future-death-reports/trevor-monerville-prevention-of-future-deaths-report/,2024-01-16,"Communication between healthcare staff, prison staff, and families was inadequate.","Inadequate communication between healthcare, prison staff, and families.",Communication failure,0.9131556749343872,8
75,iss_0016619,https://www.judiciary.uk/prevention-of-future-death-reports/reginald-dixon/,2017-09-15,The second 999 call was incorrectly triaged as a category 3 response.,An emergency call was incorrectly triaged to an inappropriate response category.,Emergency triage error,0.9721817970275879,1
75,iss_0013264,https://www.judiciary.uk/prevention-of-future-death-reports/arthur-jepson/,2019-09-16,The initial triage of the emergency call was incorrect.,Incorrect initial triage of an emergency call.,Emergency response error,0.9639604687690735,2
75,iss_0010501,https://www.judiciary.uk/prevention-of-future-death-reports/nadeem-ahmed/,2021-07-08,Two calls to the London Ambulance Service were incorrectly triaged.,Incorrect triage of emergency service calls.,Service triage error,0.9511948823928833,3
75,iss_0013731,https://www.judiciary.uk/prevention-of-future-death-reports/christopher-williams-2/,2019-05-31,The call handler used an incorrect triage algorithm during the emergency call.,Incorrect triage algorithm used during an emergency call.,Procedural error,0.94573974609375,4
75,iss_0008877,https://www.judiciary.uk/prevention-of-future-death-reports/grenville-wait-prevention-of-future-deaths-report/,2022-06-24,"Emergency calls are being incorrectly coded, resulting in inappropriate response categories.","Emergency calls are incorrectly categorised, leading to inappropriate response types.",Data misclassification,0.9346295595169067,5
75,iss_0010720,https://www.judiciary.uk/prevention-of-future-death-reports/matthew-mackell/,2021-05-25,The emergency call was incorrectly categorised as an abandoned 999 call rather than a suicide call.,Emergency calls were incorrectly categorised by type.,Misclassification of incidents,0.9340888857841492,6
75,iss_0012471,https://www.judiciary.uk/prevention-of-future-death-reports/helen-sheath/,2020-01-27,The initial emergency call was incorrectly coded as a Category 3 instead of a Category 2.,Emergency call was incorrectly categorised during initial coding.,Incorrect classification,0.9313388466835022,7
75,iss_0008987,https://www.judiciary.uk/prevention-of-future-death-reports/lilian-behrendt-prevention-of-future-deaths-report/,2022-06-08,The 111 service incorrectly graded the initial emergency call.,Incorrect triage of emergency calls within the 111 service.,Emergency triage error,0.9081352949142456,8
76,iss_0004179,https://www.judiciary.uk/prevention-of-future-death-reports/regan-smith-prevention-of-future-deaths-report/,2024-07-24,There is no national protocol or standard operating procedure for conducting patient handovers at Accident and Emergency units.,Absence of standardised protocols for patient handovers in emergency departments.,Clinical procedural standardisation,0.9648548364639282,1
76,iss_0000158,https://www.judiciary.uk/prevention-of-future-death-reports/james-fitzpatrick-prevention-of-future-deaths-report/,2026-02-12,There is a lack of written national guidance on how clinical handovers should be undertaken.,Absence of national written guidance for clinical handover procedures.,Lack of guidance,0.9635415077209473,2
76,iss_0000159,https://www.judiciary.uk/prevention-of-future-death-reports/james-fitzpatrick-prevention-of-future-deaths-report/,2026-02-12,There is no national guidance for handovers in healthcare settings outside of emergency acute care.,Lack of national guidance for clinical handovers in non-acute healthcare settings.,Clinical governance deficit,0.950176477432251,3
76,iss_0004180,https://www.judiciary.uk/prevention-of-future-death-reports/regan-smith-prevention-of-future-deaths-report/,2024-07-24,There is no national guidance to ensure basic observations are confirmed as being handed over and received by clinical staff.,Lack of national guidance for confirming clinical handover of basic observations.,Clinical handover protocols,0.9461464881896973,4
76,iss_0016908,https://www.judiciary.uk/prevention-of-future-death-reports/james-allbones/,2017-07-21,There is no protocol for face-to-face medical handover.,Lack of a protocol for in-person clinical handover.,Clinical handover protocols,0.9376356601715088,5
76,iss_0003312,https://www.judiciary.uk/prevention-of-future-death-reports/colin-wiles-prevention-of-future-deaths-report/,2024-11-24,There is a lack of criteria for managing patient handovers from ambulances into the Emergency Department.,Insufficient criteria for managing patient handovers from ambulances to emergency departments.,Clinical handover protocols,0.9263649582862854,6
76,iss_0006650,https://www.judiciary.uk/prevention-of-future-death-reports/jack-farrington-prevention-of-future-deaths-report/,2023-09-14,There is no specific structure to ensure accurate information handover for patients arriving at the Emergency Department under detention.,Lack of standardised handover procedures for detained patients entering emergency departments.,Clinical handover process,0.9160088896751404,7
77,iss_0006337,https://www.judiciary.uk/prevention-of-future-death-reports/geoffrey-whatling-prevention-of-future-deaths-report/,2023-10-27,Food and fluid charts were not fully completed.,Incomplete documentation of food and fluid intake.,Documentation inaccuracy,0.9671730995178223,1
77,iss_0007929,https://www.judiciary.uk/prevention-of-future-death-reports/sophia-ayuk-prevention-of-future-deaths-report/,2023-01-20,Instructions to monitor and record food and fluid intake were not adequately followed.,Failure to monitor and record food and fluid intake.,Clinical monitoring failure,0.9615201354026794,2
77,iss_0019980,https://www.judiciary.uk/prevention-of-future-death-reports/elsie-clarke/,2015-08-20,Food and hydration records were not maintained.,Failure to maintain food and hydration records.,Inadequate record keeping,0.9463614225387573,3
77,iss_0007879,https://www.judiciary.uk/prevention-of-future-death-reports/felice-banfield-prevention-of-future-deaths-report/,2023-01-30,Food and fluid charts were not completed to monitor patient hydration and nutrition.,Failure to complete food and fluid intake monitoring charts.,Clinical documentation failure,0.9387660026550293,4
77,iss_0010424,https://www.judiciary.uk/prevention-of-future-death-reports/john-dickinson-prevention-of-future-deaths-report/,2021-07-22,No formal action plan was created to monitor food and fluid intake.,Lack of a formal monitoring plan for food and fluid intake.,Clinical monitoring failure,0.9318352937698364,5
77,iss_0000527,https://www.judiciary.uk/prevention-of-future-death-reports/elaine-griffiths-prevention-of-future-deaths-report/,2025-12-22,Fluid and diet charts were only partially completed on occasion.,Incomplete documentation of fluid and diet charts.,Documentation inaccuracy,0.925529956817627,6
77,iss_0008136,https://www.judiciary.uk/prevention-of-future-death-reports/janice-hopper-prevention-of-future-deaths-report/,2022-11-28,Records of food and fluid consumption lacked accuracy and consistency.,Inaccurate and inconsistent recording of food and fluid intake.,Documentation inaccuracy,0.8997646570205688,7
78,iss_0007968,https://www.judiciary.uk/prevention-of-future-death-reports/teegan-barnard-prevention-of-future-deaths-report/,2023-01-17,The Trust failed to comply with the statutory duty of candour regarding the investigation findings.,Failure to comply with the statutory duty of candour.,Regulatory non-compliance,0.9873936176300049,1
78,iss_0018787,https://www.judiciary.uk/prevention-of-future-death-reports/sally-froggatt/,2016-05-11,Failure to comply with the duty of candour.,Failure to comply with the duty of candour.,Regulatory non-compliance,0.9867498874664307,2
78,iss_0000587,https://www.judiciary.uk/prevention-of-future-death-reports/lee-eustace-prevention-of-future-deaths-report/,2025-12-15,The Trust failed to comply with statutory duties under Regulation 20 regarding the Duty of Candour.,Failure to comply with statutory duty of candour requirements.,Regulatory non-compliance,0.9733597040176392,3
78,iss_0005430,https://www.judiciary.uk/prevention-of-future-death-reports/roberto-bettello-prevention-of-future-deaths-report/,2024-02-16,CNWL failed in its duty of candour regarding the provision of evidence.,Failure to fulfil the duty of candour regarding evidence provision.,Duty of candour,0.9682161808013916,4
78,iss_0014326,https://www.judiciary.uk/prevention-of-future-death-reports/sophie-bennett/,2019-02-13,The Board failed to fulfil its mandatory duty of candour regarding hospital admissions.,Failure to fulfil mandatory duty of candour regarding hospital admissions.,Breach of duty,0.947544515132904,5
78,iss_0003651,https://www.judiciary.uk/prevention-of-future-death-reports/janet-seddon-prevention-of-future-deaths-report/,2024-10-14,The Trust failed to disclose the reporting error to the family in accordance with the Duty of Candour.,Failure to disclose a reporting error in accordance with the Duty of Candour.,Duty of Candour breach,0.9441475868225098,6
78,iss_0003235,https://www.judiciary.uk/prevention-of-future-death-reports/elton-deutekom-prevention-of-future-deaths-report/,2024-12-02,The hospital may not be complying with the duty of candour regarding evidence relevant to deaths.,Failure to comply with the duty of candour regarding death-related evidence.,Regulatory non-compliance,0.938305139541626,7
79,iss_0006802,https://www.judiciary.uk/prevention-of-future-death-reports/malcolm-unwin-prevention-of-future-deaths-report/,2023-08-17,The deceased was not assessed for the use of bed rails during their hospital stay.,Failure to assess the need for bed rails during hospitalisation.,Clinical assessment failure,0.974542498588562,1
79,iss_0001401,https://www.judiciary.uk/prevention-of-future-death-reports/marion-jones-prevention-of-future-deaths-report/,2025-08-07,There have been previous incidents where bed rails were not in place at the care home.,Failure to ensure bed rails are correctly positioned in care settings.,Patient safety equipment,0.9715571403503418,2
79,iss_0016319,https://www.judiciary.uk/prevention-of-future-death-reports/peter-king/,2017-11-20,Bed rails were in use despite assessments recommending they were not required.,Bed rails used contrary to clinical assessment recommendations.,Unauthorised medical intervention,0.9536263346672058,3
79,iss_0016335,https://www.judiciary.uk/prevention-of-future-death-reports/henry-honour/,2017-11-20,Bed rails were utilised when they should not have been.,Inappropriate use of bed rails.,Patient restraint misuse,0.9507486820220947,4
79,iss_0011835,https://www.judiciary.uk/prevention-of-future-death-reports/william-mckibbin/,2020-09-28,Nursing documentation lacks checks to confirm that bed rails are correctly positioned and bed brakes are applied.,Inadequate verification of bed rail positioning and brake application in nursing documentation.,Documentation deficiency,0.9410570859909058,5
79,iss_0001397,https://www.judiciary.uk/prevention-of-future-death-reports/marion-jones-prevention-of-future-deaths-report/,2025-08-07,The pre-admission assessment for bed rails was not conducted or recorded.,Failure to conduct or record pre-admission bed rail assessments.,Clinical assessment failure,0.9380402565002441,6
79,iss_0019506,https://www.judiciary.uk/prevention-of-future-death-reports/elsie-brown/,2015-12-14,No referrals were made to the Falls Team or Derbyshire Community Health regarding bed rails.,Failure to refer bed rail concerns to relevant healthcare teams.,Communication failure,0.9319933652877808,7
80,iss_0004483,https://www.judiciary.uk/prevention-of-future-death-reports/selina-samarina-prevention-of-future-deaths-report/,2024-06-19,The Trust failed to ensure adequate doctor availability across the Emergency and Paediatrics departments.,Inadequate medical staffing levels in emergency and paediatric departments.,Staffing shortages,0.9693777561187744,1
80,iss_0005071,https://www.judiciary.uk/prevention-of-future-death-reports/meha-carneiro-prevention-of-future-deaths-report/,2024-04-03,There were insufficient trained paediatric nurses on duty in the emergency department.,Inadequate staffing levels of trained paediatric nurses in the emergency department.,Staffing shortages,0.9599964618682861,2
80,iss_0001755,https://www.judiciary.uk/prevention-of-future-death-reports/finlay-roberts-prevention-of-future-deaths-report/,2025-06-20,The paediatric emergency department was understaffed.,Insufficient staffing levels in the paediatric emergency department.,Staffing shortages,0.9571965932846069,3
80,iss_0016910,https://www.judiciary.uk/prevention-of-future-death-reports/james-allbones/,2017-07-21,Paediatric staffing levels at Bassetlaw Hospital are insufficient.,Inadequate paediatric staffing levels at a hospital.,Staffing shortages,0.9542713165283203,4
80,iss_0005064,https://www.judiciary.uk/prevention-of-future-death-reports/tommy-gillman-prevention-of-future-deaths-report/,2024-04-04,The paediatric nursing complement in the emergency department is insufficient during periods of high pressure.,Inadequate paediatric nursing staffing levels in the emergency department during peak periods.,Staffing shortages,0.9539308547973633,5
80,iss_0011128,https://www.judiciary.uk/prevention-of-future-death-reports/rodney-gates/,2021-03-08,Insufficient nursing staff levels within the A&E department and on the ward.,Inadequate nursing staff levels in emergency and ward departments.,Staffing shortages,0.9418741464614868,6
80,iss_0002633,https://www.judiciary.uk/prevention-of-future-death-reports/margaret-rodgers-prevention-of-future-deaths-report/,2025-02-19,Nursing staff levels on the ward are sometimes insufficient to meet the needs of high dependency patients.,Inadequate nursing staff levels for high dependency patient requirements.,Staffing inadequacy,0.9035995602607727,7
81,iss_0018120,https://www.judiciary.uk/prevention-of-future-death-reports/victoria-halliday/,2016-10-20,The Care Programme Approach was not adhered to.,Failure to adhere to the Care Programme Approach.,Procedural non-compliance,0.9719763994216919,1
81,iss_0002434,https://www.judiciary.uk/prevention-of-future-death-reports/darren-turner-prevention-of-future-deaths-report/,2025-03-17,The Trust failed to allocate a care coordinator as required under the Care Programme Approach.,Failure to allocate a care coordinator as required by the Care Programme Approach.,Care delivery failure,0.9620229005813599,2
81,iss_0011110,https://www.judiciary.uk/prevention-of-future-death-reports/timothy-steele/,2021-03-15,The Care Programme Approach guidance was not followed correctly.,Failure to follow Care Programme Approach guidance.,Procedural non-compliance,0.9549136161804199,3
81,iss_0021082,https://www.judiciary.uk/prevention-of-future-death-reports/louise-henry/,2015-01-16,The DCC Recovery Team was not following the Care Programme Approach or acting as care co-ordinators.,Failure to follow the Care Programme Approach or act as care co-ordinators.,Care coordination failure,0.9532107710838318,4
81,iss_0010948,https://www.judiciary.uk/prevention-of-future-death-reports/mary-gwanyama/,2021-04-21,The Care Programme Approach was not followed during discharge from the Abraham Cowley Unit.,Failure to follow the Care Programme Approach during patient discharge.,Procedural non-compliance,0.9468532800674438,5
81,iss_0015615,https://www.judiciary.uk/prevention-of-future-death-reports/lewis-colgan/,2018-05-09,There is inconsistent knowledge regarding the policy and application of Care Programme Approach meeting frequency.,Inconsistent application of Care Programme Approach meeting frequency policies.,Policy inconsistency,0.9219536781311035,6
81,iss_0011922,https://www.judiciary.uk/prevention-of-future-death-reports/toby-nieland/,2020-08-26,The deceased was not assigned a care coordinator under an adequate Care Programme Approach.,Failure to assign a care coordinator under an adequate care programme approach.,Care management failure,0.9140432476997375,7
82,iss_0014661,https://www.judiciary.uk/prevention-of-future-death-reports/benjamin-williamson/,2018-12-12,The system fails to adequately serve patients with co-occurring mental health and substance misuse problems.,Inadequate service provision for patients with dual diagnosis.,Service inadequacy,0.9775862693786621,1
82,iss_0011082,https://www.judiciary.uk/prevention-of-future-death-reports/sean-fegan/,2021-03-25,There is a service gap regarding the provision of care for patients with a dual diagnosis.,Inadequate provision of care for patients with a dual diagnosis.,Service delivery gap,0.9754660129547119,2
82,iss_0009923,https://www.judiciary.uk/prevention-of-future-death-reports/emma-burbury-prevention-of-future-deaths-report/,2021-11-11,Services failed to provide adequate support for patients with a dual diagnosis.,Inadequate support for patients with a dual diagnosis.,Service provision failure,0.975439727306366,3
82,iss_0005954,https://www.judiciary.uk/prevention-of-future-death-reports/charlene-roberts-prevention-of-future-deaths-report/,2023-12-08,A lack of specialist inpatient services for patients with dual diagnoses exists.,Insufficient specialist inpatient services for patients with dual diagnoses.,Service provision deficit,0.9642926454544067,4
82,iss_0002588,https://www.judiciary.uk/prevention-of-future-death-reports/amy-padley-prevention-of-future-deaths-report/,2025-02-24,There is a lack of guidance for SUBHB staff on managing patients with both addiction and mental health diagnoses.,Insufficient guidance for staff managing patients with dual diagnosis.,Clinical guidance deficit,0.9421957731246948,5
82,iss_0013369,https://www.judiciary.uk/prevention-of-future-death-reports/reece-lapina-amarelle/,2019-08-09,There is a lack of resources and treatment systems for individuals with serious mental illness and substance misuse histories.,Insufficient resources and treatment systems for dual diagnosis mental health and substance misuse.,Healthcare resource deficiency,0.9395598769187927,6
82,iss_0007360,https://www.judiciary.uk/prevention-of-future-death-reports/samuel-morgan-prevention-of-future-deaths-report/,2023-05-18,Patients with dual diagnoses lack access to a care coordinator to oversee and synthesise professional views across different services.,Lack of care coordination for patients with dual diagnoses.,Healthcare service gaps,0.9381921291351318,7
83,iss_0016744,https://www.judiciary.uk/prevention-of-future-death-reports/dorothy-webb/,2017-08-16,A fracture was not identified during the initial x-ray in February 2017.,Failure to identify a fracture during initial radiographic examination.,Diagnostic error,0.9829673767089844,1
83,iss_0003889,https://www.judiciary.uk/prevention-of-future-death-reports/emilia-allsopp-prevention-of-future-deaths-report/,2024-09-06,Initial x-rays failed to diagnose a fracture.,Failure to diagnose a fracture during initial radiographic examination.,Diagnostic error,0.9719761610031128,2
83,iss_0011390,https://www.judiciary.uk/prevention-of-future-death-reports/hariharan-harichandra/,2021-01-05,The Consultant Radiologist failed to identify the neck fracture during the review.,Failure to identify a fracture during radiological review.,Diagnostic error,0.9710755348205566,3
83,iss_0015986,https://www.judiciary.uk/prevention-of-future-death-reports/joan-betteridge/,2018-01-26,The initial X-ray review failed to detect an undisplaced fracture.,Failure to detect an undisplaced fracture during initial X-ray review.,Diagnostic error,0.9496468901634216,4
83,iss_0019102,https://www.judiciary.uk/prevention-of-future-death-reports/marjorie-booth/,2016-03-04,Hospital staff failed to identify an impacted hip fracture during the initial examination.,Failure to identify a hip fracture during initial clinical examination.,Diagnostic error,0.9459319710731506,5
83,iss_0004021,https://www.judiciary.uk/prevention-of-future-death-reports/douglas-armstrong-prevention-of-future-deaths-report/,2024-08-12,Care agency responders failed to identify a fractured neck of femur.,Failure to identify a fractured neck of femur.,Diagnostic failure,0.9364074468612671,6
83,iss_0018058,https://www.judiciary.uk/prevention-of-future-death-reports/alfred-grimshaw/,2016-10-28,The radiologist failed to report a visible hip fracture identified on an abdominal x-ray.,Failure to report a visible fracture on an imaging study.,Diagnostic omission,0.9338991641998291,7
84,iss_0005072,https://www.judiciary.uk/prevention-of-future-death-reports/meha-carneiro-prevention-of-future-deaths-report/,2024-04-03,Medical and nursing staff failed to recognise the severity of the patient's illness.,Failure to recognise the severity of a patient's clinical condition.,Clinical assessment failure,1.0016809701919556,1
84,iss_0006635,https://www.judiciary.uk/prevention-of-future-death-reports/riya-hirani-prevention-of-future-deaths-report/,2023-09-15,The junior doctor failed to appreciate the severity of the patient's condition.,Failure to recognise the severity of a patient's clinical condition.,Clinical assessment error,1.0016809701919556,2
84,iss_0021872,https://www.judiciary.uk/prevention-of-future-death-reports/nathan-healer/,2014-07-25,The severity of the infant's condition was not appropriately appreciated.,Failure to recognise the severity of a patient's clinical condition.,Clinical assessment error,1.0016809701919556,3
84,iss_0022585,https://www.judiciary.uk/prevention-of-future-death-reports/phyllis-barnes/,2014-03-24,The visiting General Practitioner failed to recognise the seriousness of the patient's condition following recent surgery.,Failure to recognise the severity of a patient's clinical condition.,Clinical assessment error,1.0016809701919556,4
84,iss_0022762,https://www.judiciary.uk/prevention-of-future-death-reports/stephen-palmer/,2014-02-25,Failure to appreciate the severity of the patient's condition following diagnosis.,Failure to recognise the severity of a patient's clinical condition.,Clinical assessment error,1.0016809701919556,5
84,iss_0021182,https://www.judiciary.uk/prevention-of-future-death-reports/mikey-hornby/,2014-12-16,The doctor failed to recognise the clinical seriousness of the infant's condition during the second consultation.,Failure to recognise the clinical severity of a patient's condition.,Diagnostic error,0.9913660883903503,6
84,iss_0022092,https://www.judiciary.uk/prevention-of-future-death-reports/audrey-garland/,2014-06-17,The GP practice failed to recognise the severity of the leg ulceration.,Failure to recognise the severity of a medical condition.,Clinical misdiagnosis,0.9617329239845276,7
85,iss_0005183,https://www.judiciary.uk/prevention-of-future-death-reports/jean-walker-prevention-of-future-deaths-report/,2024-03-20,Delays in offloading patients at hospitals reduced available ambulance resources.,Hospital offloading delays reduce available ambulance resources.,Resource availability,0.9710122346878052,1
85,iss_0006031,https://www.judiciary.uk/prevention-of-future-death-reports/david-briggs-prevention-of-future-deaths-report/,2023-12-01,Delays in offloading patients at hospitals reduced available ambulance resources.,Hospital offloading delays reduce available ambulance resources.,Resource availability,0.9710122346878052,2
85,iss_0007840,https://www.judiciary.uk/prevention-of-future-death-reports/patricia-green-prevention-of-future-deaths-report/,2023-02-04,Delays in offloading patients at emergency departments caused ambulance shortages.,Emergency department offloading delays causing ambulance shortages.,Healthcare resource shortage,0.9699133038520813,3
85,iss_0006962,https://www.judiciary.uk/prevention-of-future-death-reports/bernhard-marek-prevention-of-future-deaths-report/,2023-07-19,Prolonged ambulance offload delays at Emergency Departments.,Prolonged ambulance offload delays at emergency departments.,Healthcare operational delays,0.9512447118759155,4
85,iss_0007188,https://www.judiciary.uk/prevention-of-future-death-reports/jean-frickel-prevention-of-future-deaths-report/,2023-06-21,Inability to offload patients from ambulances causes community delays.,Ambulance offloading delays causing community-wide service disruptions.,Emergency service delays,0.9420866370201111,5
85,iss_0005863,https://www.judiciary.uk/prevention-of-future-death-reports/shaun-parks-prevention-of-future-deaths-report/,2023-12-20,Significant delays in offloading patients at hospitals tied up emergency resources.,Hospital offloading delays causing emergency resource depletion.,Healthcare resource strain,0.9277557134628296,6
85,iss_0015244,https://www.judiciary.uk/prevention-of-future-death-reports/richard-barrett/,2018-07-30,Delays at A&E caused a loss of available ambulance time.,Emergency department delays reducing ambulance availability.,Emergency service delays,0.9261689186096191,7
86,iss_0022746,https://www.judiciary.uk/prevention-of-future-death-reports/samuel-shaw/,2014-02-26,The pedestrian crossing area is unlit.,Insufficient lighting at the pedestrian crossing.,Inadequate lighting,0.9795598983764648,1
86,iss_0020719,https://www.judiciary.uk/prevention-of-future-death-reports/elliott-bignall/,2015-03-23,The foot crossing is poorly lit.,Inadequate lighting at a pedestrian crossing.,Infrastructure safety,0.9710292816162109,2
86,iss_0019857,https://www.judiciary.uk/prevention-of-future-death-reports/john-roberts/,2015-09-28,The nearest pedestrian crossing is insufficiently visible.,Inadequate visibility of the nearest pedestrian crossing.,Road safety visibility,0.9635136127471924,3
86,iss_0012147,https://www.judiciary.uk/prevention-of-future-death-reports/millie-taylor-noonan/,2020-04-15,The road area near the school crossing is unlit.,Insufficient lighting near a school crossing.,Inadequate infrastructure,0.9448526501655579,4
86,iss_0020141,https://www.judiciary.uk/prevention-of-future-death-reports/paul-coxon/,2015-07-20,The designated underpass crossing point lacks illumination.,Insufficient lighting at a designated underpass crossing point.,Inadequate lighting,0.9379450082778931,5
86,iss_0021000,https://www.judiciary.uk/prevention-of-future-death-reports/martha-seaward/,2015-02-02,Visibility at the crossing point is inadequate.,Inadequate visibility at the crossing point.,Visibility impairment,0.936152458190918,6
86,iss_0012017,https://www.judiciary.uk/prevention-of-future-death-reports/bartosz-kusiak/,2020-07-10,The visibility of pedestrians is insufficient for safe stopping distances on the A690.,Insufficient pedestrian visibility for safe stopping distances on the road.,Road safety visibility,0.9191447496414185,7
87,iss_0017077,https://www.judiciary.uk/prevention-of-future-death-reports/callum-smith/,2017-06-07,Healthcare and mental healthcare staff lacked sufficient training on the ACCT process.,Healthcare staff lack sufficient training on the ACCT process.,Inadequate staff training,0.9852950572967529,1
87,iss_0006520,https://www.judiciary.uk/prevention-of-future-death-reports/jack-zarrop-prevention-of-future-deaths-report/,2023-10-02,Agency healthcare staff lack sufficient training in the ACCT process.,Agency healthcare staff lack sufficient training in the ACCT process.,Staff training deficiency,0.9794334173202515,2
87,iss_0017950,https://www.judiciary.uk/prevention-of-future-death-reports/matthew-russell/,2016-11-27,Staff responsible for prisoners must receive adequate foundation and ongoing training in the ACCT procedure.,Staff lack adequate training in the ACCT procedure.,Inadequate staff training,0.9584330320358276,3
87,iss_0009739,https://www.judiciary.uk/prevention-of-future-death-reports/saul-thomas-prevention-of-future-deaths-report/,2021-12-21,A significant proportion of staff at HMP Birmingham lack up-to-date training regarding the ACCT process.,Staff lack up-to-date training regarding the ACCT process.,Inadequate staff training,0.9493762850761414,4
87,iss_0012513,https://www.judiciary.uk/prevention-of-future-death-reports/marlon-watson/,2020-01-14,Healthcare staff lacked a full and proper understanding of the ACCT process.,Healthcare staff lacked sufficient understanding of the ACCT process.,Training and competence,0.9402793645858765,5
87,iss_0000130,https://www.judiciary.uk/prevention-of-future-death-reports/rajwinder-singh-prevention-of-future-deaths-report/,2026-02-19,Agency healthcare staff lacked adequate training regarding ACCT obligations.,Agency healthcare staff lacked adequate training regarding ACCT obligations.,Inadequate staff training,0.9332733750343323,6
88,iss_0000191,https://www.judiciary.uk/prevention-of-future-death-reports/josh-tarrant-1-prevention-of-future-deaths-report/,2026-02-09,Prison staff failed to prevent the smuggling of cocaine into the prison.,Failure to prevent the smuggling of controlled substances into a prison.,Security breach,0.9824182987213135,1
88,iss_0000216,https://www.judiciary.uk/prevention-of-future-death-reports/josh-tarrant-3-prevention-of-future-deaths-report/,2026-02-09,Prison staff failed to prevent the smuggling of cocaine into the prison.,Failure to prevent the smuggling of controlled substances into a prison.,Security breach,0.9824182987213135,2
88,iss_0000223,https://www.judiciary.uk/prevention-of-future-death-reports/josh-tarrant-2-prevention-of-future-deaths-report/,2026-02-09,Prison staff failed to prevent the smuggling of cocaine into the prison.,Failure to prevent the smuggling of controlled substances into a prison.,Security breach,0.9824182987213135,3
88,iss_0006672,https://www.judiciary.uk/prevention-of-future-death-reports/kristopher-tilbury-prevention-of-future-deaths-report/,2023-09-08,The prison fails to prevent prisoners with known substance misuse issues from accessing illicit substances.,Failure to prevent access to illicit substances within a prison environment.,Substance misuse control,0.9728469252586365,4
88,iss_0018824,https://www.judiciary.uk/prevention-of-future-death-reports/ahmedreza-fathi/,2016-05-05,The prison failed to identify and act upon the prisoner's ability to access unauthorised drugs.,Failure to prevent unauthorised access to controlled substances within a prison.,Security breach,0.9534376859664917,5
88,iss_0015933,https://www.judiciary.uk/prevention-of-future-death-reports/timothy-shaw/,2018-02-15,Systems for reducing access to illegal substances within the prison were insufficient.,Inadequate controls for preventing illegal substance access within prisons.,Substance control failure,0.9302974939346313,6
89,iss_0021560,https://www.judiciary.uk/prevention-of-future-death-reports/derek-hawkins/,2014-09-30,Staff failed to monitor the limitations of the patient's unescorted leave.,Failure to monitor the limitations of unescorted patient leave.,Supervision failure,0.964751124382019,1
89,iss_0000234,https://www.judiciary.uk/prevention-of-future-death-reports/hilary-chapman-prevention-of-future-deaths-report/,2026-02-08,The Trust failed to inform relevant persons when the patient went on unsupervised leave.,Failure to notify relevant persons of unsupervised patient leave.,Notification failure,0.9552282094955444,2
89,iss_0005340,https://www.judiciary.uk/prevention-of-future-death-reports/kenneth-baylis-prevention-of-future-deaths-report/,2024-03-04,Staff failed to assess the patient's mental state and risk before periods of unescorted leave.,Failure to assess patient mental state and risk before unescorted leave.,Clinical assessment failure,0.9454103112220764,3
89,iss_0015865,https://www.judiciary.uk/prevention-of-future-death-reports/rastislav-petrisko/,2018-03-06,The decision to grant unescorted leave was inappropriate given the patient's known risks.,Inappropriate granting of unescorted leave despite known patient risks.,Clinical decision making,0.9392038583755493,4
89,iss_0006316,https://www.judiciary.uk/prevention-of-future-death-reports/gerard-murray-prevention-of-future-deaths-report/,2023-10-27,The door board system for monitoring patient returns after unescorted leave was inadequate.,Inadequate monitoring system for patients returning from unescorted leave.,Patient monitoring failure,0.9291120767593384,5
89,iss_0009225,https://www.judiciary.uk/prevention-of-future-death-reports/matthew-caseby-prevention-of-future-deaths-report/,2022-04-22,Staff failed to inform the nurse in charge that the patient was left unattended.,Failure to notify the nurse in charge of an unattended patient.,Communication failure,0.8955153226852417,6
90,iss_0018332,https://www.judiciary.uk/prevention-of-future-death-reports/pamela-conway/,2016-08-26,Inefficient patient flow within the hospital causes delays in the Emergency Department.,Inefficient patient flow causing delays in the emergency department.,Operational inefficiency,0.9736387729644775,1
90,iss_0006981,https://www.judiciary.uk/prevention-of-future-death-reports/thelma-radmore-prevention-of-future-deaths-report/,2023-07-19,High patient volume and lack of space in the Emergency Department caused delays in patient flow.,Emergency Department overcrowding causing delays in patient flow.,Operational inefficiency,0.9532451629638672,2
90,iss_0016975,https://www.judiciary.uk/prevention-of-future-death-reports/catherine-roberts/,2017-07-07,Inadequate patient flow within the hospital leads to delays in admission.,Inadequate patient flow causing delays in hospital admissions.,Operational inefficiency,0.9455629587173462,3
90,iss_0015392,https://www.judiciary.uk/prevention-of-future-death-reports/margaret-evans/,2018-06-26,Inefficiencies in patient flow within the emergency department persisted despite previous reports.,Persistent inefficiencies in emergency department patient flow.,Operational inefficiency,0.9358309507369995,4
90,iss_0015118,https://www.judiciary.uk/prevention-of-future-death-reports/gladys-williams/,2018-09-10,Inefficiencies in patient flow and hospital admission processes persist.,Inefficiencies in patient flow and hospital admission processes.,Operational inefficiency,0.923179030418396,5
90,iss_0000237,https://www.judiciary.uk/prevention-of-future-death-reports/janet-springall-prevention-of-future-deaths-report/,2026-02-07,High demand on the emergency department causes patients to remain in ambulances for extended periods.,Emergency department overcrowding causes prolonged ambulance handover delays.,Healthcare capacity,0.8972862958908081,6
91,iss_0012734,https://www.judiciary.uk/prevention-of-future-death-reports/luke-jones/,2019-12-03,Novel psychoactive substances remain accessible and available for use within HMP Berwyn.,Access to novel psychoactive substances within a prison environment.,Substance availability,0.9809962511062622,1
91,iss_0000633,https://www.judiciary.uk/prevention-of-future-death-reports/oliver-mulangala-prevention-of-future-deaths-report/,2025-12-08,New psychoactive substances are readily available to prisoners at HMP High Down.,Access to new psychoactive substances within a prison environment.,Substance availability,0.9775977730751038,2
91,iss_0000847,https://www.judiciary.uk/prevention-of-future-death-reports/matthew-singh-prevention-of-future-deaths-report/,2025-11-05,There is continuing availability and use of psychoactive substances at HMP Berwyn.,Ongoing availability and use of psychoactive substances within a prison environment.,Substance misuse,0.9673669338226318,3
91,iss_0000245,https://www.judiciary.uk/prevention-of-future-death-reports/emmett-morrison-prevention-of-future-deaths-report/,2026-02-06,The prevalence of unpredictable and life-threatening Novel Psychoactive Substances remains a significant risk within the prison.,Presence of unpredictable and life-threatening novel psychoactive substances in prison.,Substance abuse risk,0.9587724208831787,4
91,iss_0000848,https://www.judiciary.uk/prevention-of-future-death-reports/matthew-singh-prevention-of-future-deaths-report/,2025-11-05,The use of psychoactive substances poses significant risks to the health of prisoners.,Health risks associated with the use of psychoactive substances in prisons.,Substance misuse,0.9420045614242554,5
91,iss_0015411,https://www.judiciary.uk/prevention-of-future-death-reports/andrew-craig/,2018-06-25,The prison is overwhelmed by the use of illicit psychoactive substances.,Excessive use of illicit psychoactive substances within a prison.,Substance misuse,0.9377639889717102,6
92,iss_0020100,https://www.judiciary.uk/prevention-of-future-death-reports/doreen-england/,2015-07-23,Clinical staff had not received adequate training on pressure sore formation and prevention.,Clinical staff lack adequate training on pressure sore prevention.,Inadequate staff training,0.9689381122589111,1
92,iss_0020099,https://www.judiciary.uk/prevention-of-future-death-reports/doreen-england/,2015-07-23,Staff lacked sufficient knowledge regarding the prevention of pressure sores.,Insufficient staff knowledge regarding pressure sore prevention.,Training deficiency,0.9672000408172607,2
92,iss_0003265,https://www.judiciary.uk/prevention-of-future-death-reports/raymond-reid-prevention-of-future-deaths-report/,2024-11-28,There were gaps in staff knowledge and care regarding the management of pressure sores.,Insufficient staff knowledge and care regarding pressure sore management.,Clinical care deficiency,0.9598698616027832,3
92,iss_0007704,https://www.judiciary.uk/prevention-of-future-death-reports/maureen-dick-prevention-of-future-deaths-report/,2023-03-06,There is no system for mandatory training for clinical staff regarding pressure ulcers.,Lack of mandatory training for clinical staff regarding pressure ulcers.,Training deficiency,0.9585214853286743,4
92,iss_0000706,https://www.judiciary.uk/prevention-of-future-death-reports/celia-phillips-prevention-of-future-death-report/,2025-11-26,"Carers lacked training in skin assessment, pressure sore prevention, and repositioning techniques.",Care staff lack training in pressure ulcer prevention and skin assessment.,Inadequate staff training,0.951507568359375,5
92,iss_0020198,https://www.judiciary.uk/prevention-of-future-death-reports/dorothy-mcdermott/,2015-07-10,Care staff lacked training in the examination and care of pressure sores.,Care staff lacked training in pressure sore examination and management.,Staff training deficiency,0.9513035416603088,6
93,iss_0014040,https://www.judiciary.uk/prevention-of-future-death-reports/colin-bailey/,2019-03-29,A CT scan was not performed following a patient fall and head injury.,Failure to perform a CT scan following a head injury.,Diagnostic omission,0.99367356300354,1
93,iss_0014226,https://www.judiciary.uk/prevention-of-future-death-reports/geoffrey-jackson/,2019-02-26,A CT scan was not performed following a head injury sustained during an unwitnessed fall.,Failure to perform a CT scan following a head injury.,Diagnostic omission,0.99367356300354,2
93,iss_0022942,https://www.judiciary.uk/prevention-of-future-death-reports/selina-broadhurst/,2014-01-17,A CT scan was not performed despite an external scalp injury.,Failure to perform a CT scan following a scalp injury.,Diagnostic omission,0.9706085324287415,3
93,iss_0017957,https://www.judiciary.uk/prevention-of-future-death-reports/beryl-farmer/,2016-11-24,A CT head scan was not performed despite evidence of facial and head injuries.,Failure to perform a CT head scan following head and facial injuries.,Diagnostic omission,0.9702643752098083,4
93,iss_0011464,https://www.judiciary.uk/prevention-of-future-death-reports/robert-goodman/,2020-12-15,The deceased did not receive a computerised tomography scan within eight hours of the head injury.,Failure to perform a CT scan within eight hours of head injury.,Delayed diagnostic investigation,0.9489433765411377,5
93,iss_0001515,https://www.judiciary.uk/prevention-of-future-death-reports/evelyn-chancellor-prevention-of-future-deaths-report/,2025-07-25,The decision to forgo a CT scan following a head injury was inappropriate.,Failure to perform appropriate diagnostic imaging following head injury.,Diagnostic failure,0.9328424334526062,6
94,iss_0015707,https://www.judiciary.uk/prevention-of-future-death-reports/patricia-heslop/,2018-04-12,Care plans were not updated and clinical records were incomplete or inaccurate.,Clinical records and care plans were incomplete or inaccurate.,Documentation inaccuracy,0.9678223729133606,1
94,iss_0016866,https://www.judiciary.uk/prevention-of-future-death-reports/janet-muller/,2017-07-24,"Nursing records, handovers, risk assessments and care plans were incomplete, insufficient and contradictory.",Clinical documentation and care planning were incomplete and inconsistent.,Documentation inadequacy,0.9569368362426758,2
94,iss_0005388,https://www.judiciary.uk/prevention-of-future-death-reports/alissa-norton-prevention-of-future-deaths-report/,2024-02-26,Clinical documentation regarding the infant's care was insufficient.,Clinical documentation of patient care was insufficient.,Inadequate documentation,0.9419487714767456,3
94,iss_0001741,https://www.judiciary.uk/prevention-of-future-death-reports/louise-crane-2-prevention-of-future-deaths-report/,2025-06-23,Information sharing and clinical recording were unsatisfactory.,Clinical documentation and information sharing were inadequate.,Information management,0.9312371611595154,4
94,iss_0018191,https://www.judiciary.uk/prevention-of-future-death-reports/norman-beard/,2016-10-07,Clinical records were not fully maintained and turning charts contained gaps.,Clinical records and turning charts were incomplete.,Incomplete documentation,0.9258624315261841,5
94,iss_0018762,https://www.judiciary.uk/prevention-of-future-death-reports/jonathan-fry/,2016-05-16,"Medical records were inconsistent and incomplete, causing a lack of clarity regarding clinical reviews and the care plan.",Incomplete and inconsistent medical records leading to unclear clinical care plans.,Documentation inaccuracy,0.9237605929374695,6
95,iss_0009299,https://www.judiciary.uk/prevention-of-future-death-reports/fadzai-chitakunye-prevention-of-future-deaths-report/,2022-03-31,Medical records were not transferred between general practitioners in a timely manner.,Delays in the transfer of medical records between general practitioners.,Data transfer delay,0.9751476049423218,1
95,iss_0011991,https://www.judiciary.uk/prevention-of-future-death-reports/amy-hogan/,2020-07-31,Delayed or incomplete transfer of patient data between GP practices places an unfair burden on patients to recall their medical histories.,Incomplete or delayed transfer of patient medical records between GP practices.,Data interoperability failure,0.95282381772995,2
95,iss_0001996,https://www.judiciary.uk/prevention-of-future-death-reports/abdirahman-afrah-prevention-of-future-deaths-report/,2025-05-27,Failure to transfer hospital test results and discharge summaries to GP practices in a timely manner.,Delayed transfer of hospital clinical information to general practitioners.,Information transfer delay,0.9408133029937744,3
95,iss_0019736,https://www.judiciary.uk/prevention-of-future-death-reports/david-baddeley/,2015-10-21,Delays occur in the delivery of paper medical records to new GP practices.,Delays in the delivery of paper medical records to new GP practices.,Data transfer delays,0.9343772530555725,4
95,iss_0017399,https://www.judiciary.uk/prevention-of-future-death-reports/olive-daynes/,2017-03-28,A significant delay occurred in the transfer of clinical correspondence from the hospital to the GP surgery.,Delayed transfer of clinical correspondence from hospital to GP surgery.,Information transfer delay,0.9239291548728943,5
95,iss_0019071,https://www.judiciary.uk/prevention-of-future-death-reports/christine-stevenson/,2016-03-10,Incomplete medical records were transferred between GP practices.,Incomplete medical records transferred between general practices.,Data integrity error,0.9069356322288513,6
96,iss_0002028,https://www.judiciary.uk/prevention-of-future-death-reports/chantelle-williams-prevention-of-future-deaths-report/,2025-05-23,Home Office guidance focuses on malicious misuse rather than deliberate misuse for suicide or self-harm.,Guidance focuses on malicious misuse instead of deliberate self-harm or suicide.,Policy scope error,1.0029947757720947,1
96,iss_0002033,https://www.judiciary.uk/prevention-of-future-death-reports/samuel-dickenson-prevention-of-future-deaths-report/,2025-05-23,Home Office guidance focuses on malicious misuse rather than deliberate misuse for suicide or self-harm.,Guidance focuses on malicious misuse instead of deliberate self-harm or suicide.,Policy scope error,1.0029947757720947,2
96,iss_0002048,https://www.judiciary.uk/prevention-of-future-death-reports/kelly-walsh-prevention-of-future-deaths-report/,2025-05-23,Home Office guidance focuses on malicious misuse rather than deliberate misuse for suicide or self-harm.,Guidance focuses on malicious misuse instead of deliberate self-harm or suicide.,Policy scope error,1.0029947757720947,3
96,iss_0002054,https://www.judiciary.uk/prevention-of-future-death-reports/william-armstrong-prevention-of-future-deaths-report/,2025-05-23,Home Office guidance focuses on malicious misuse rather than deliberate misuse for suicide or self-harm.,Guidance focuses on malicious misuse instead of deliberate self-harm or suicide.,Policy scope error,1.0029947757720947,4
96,iss_0002062,https://www.judiciary.uk/prevention-of-future-death-reports/matthew-oreilly-prevention-of-future-deaths-report/,2025-05-23,Home Office guidance focuses on malicious misuse rather than deliberate misuse for suicide or self-harm.,Guidance focuses on malicious misuse instead of deliberate self-harm or suicide.,Policy scope error,1.0029947757720947,5
96,iss_0002038,https://www.judiciary.uk/prevention-of-future-death-reports/andrew-brown-prevention-of-future-deaths-report-2/,2025-05-23,Home Office guidance focuses on malicious misuse rather than deliberate misuse for self-harm.,Guidance focuses on malicious misuse instead of deliberate self-harm.,Policy scope error,0.9901123046875,6
97,iss_0002350,https://www.judiciary.uk/prevention-of-future-death-reports/andrew-waters-prevention-of-future-deaths-report/,2025-04-03,Emergency department crowding leads to increased mortality risks for patients held in corridors or ambulances.,Emergency department overcrowding increases mortality risks for patients.,Patient safety risk,0.993211567401886,1
97,iss_0002128,https://www.judiciary.uk/prevention-of-future-death-reports/james-smith-prevention-of-future-deaths-report/,2025-05-12,Emergency department overcrowding leads to increased mortality risks for patients held in corridors or ambulances.,Emergency department overcrowding increases patient mortality risks.,Healthcare capacity,0.9925838112831116,2
97,iss_0005146,https://www.judiciary.uk/prevention-of-future-death-reports/robert-prowse-prevention-of-future-deaths-report/,2024-03-25,Emergency department crowding is associated with an increase in excess deaths.,Emergency department overcrowding is associated with increased mortality rates.,Healthcare overcrowding,0.9889408349990845,3
97,iss_0012318,https://www.judiciary.uk/prevention-of-future-death-reports/mohan-acharya/,2020-02-27,Emergency department crowding is associated with increased mortality amongst admitted patients.,Emergency department overcrowding is associated with increased patient mortality.,Patient safety risk,0.9880619049072266,4
97,iss_0015663,https://www.judiciary.uk/prevention-of-future-death-reports/catherine-burns/,2018-04-28,Persistent over-capacity in the Emergency Department poses a risk of future deaths.,Persistent emergency department overcrowding poses a risk of patient mortality.,Healthcare capacity risk,0.9744731187820435,5
97,iss_0012319,https://www.judiciary.uk/prevention-of-future-death-reports/mohan-acharya/,2020-02-27,Overcrowded emergency departments cause approximately 500 deaths per year.,High mortality rates resulting from overcrowding in emergency departments.,Healthcare capacity,0.9306161403656006,6
98,iss_0011993,https://www.judiciary.uk/prevention-of-future-death-reports/reginald-collins/,2020-07-30,Delays in discharge via Adult Social Care resulted in the loss of acute hospital bed capacity.,Delayed hospital discharges reduce acute bed capacity.,Capacity management,0.9673779010772705,1
98,iss_0003783,https://www.judiciary.uk/prevention-of-future-death-reports/george-coulthard-prevention-of-future-deaths-report/,2024-09-24,Delays in hospital discharge caused unnecessary occupation of acute beds and impacted patient care.,Delayed hospital discharges causing acute bed occupancy and impacting patient care.,Patient flow delays,0.9603561162948608,2
98,iss_0002629,https://www.judiciary.uk/prevention-of-future-death-reports/kenneth-clayton-prevention-of-future-deaths-report/,2025-02-19,Delayed discharge of medically ready patients prevents the availability of beds in the hospital.,Delayed discharge of medically ready patients reduces hospital bed availability.,Patient flow management,0.9583384990692139,3
98,iss_0002155,https://www.judiciary.uk/prevention-of-future-death-reports/janet-anderson-prevention-of-future-deaths-report/,2025-05-09,The failure to progress discharge resulted in the unavailability of acute hospital beds for other patients.,Delayed patient discharge causing acute bed unavailability.,Patient flow management,0.9477424025535583,4
98,iss_0005144,https://www.judiciary.uk/prevention-of-future-death-reports/robert-prowse-prevention-of-future-deaths-report/,2024-03-25,Delayed hospital discharges lead to increased pressure on hospital capacity.,Delayed hospital discharges increase pressure on hospital capacity.,Healthcare capacity management,0.9398082494735718,5
98,iss_0009681,https://www.judiciary.uk/prevention-of-future-death-reports/kyriacos-athanasis-prevention-of-future-deaths-report/,2022-01-06,Inability to discharge medically fit patients causes bed shortages and prevents timely admissions.,Delayed discharge of medically fit patients causes bed shortages and admission delays.,Patient flow management,0.9324937462806702,6
99,iss_0021576,https://www.judiciary.uk/prevention-of-future-death-reports/isa-mushtaq/,2014-09-24,There is a lack of detailed national guidance on antepartum CTG assessment.,Insufficient national guidance for antepartum CTG assessment.,Clinical guidance deficiency,0.9603015184402466,1
99,iss_0020931,https://www.judiciary.uk/prevention-of-future-death-reports/mohammed-yousaf/,2015-02-16,There are no national guidelines for interpreting or classifying antenatal CTG tracings.,Absence of national guidelines for interpreting antenatal CTG tracings.,Clinical guideline deficiency,0.9586809873580933,2
99,iss_0002423,https://www.judiciary.uk/prevention-of-future-death-reports/alonzo-wood-prevention-of-future-deaths-report/,2025-03-18,There is insufficient guidance regarding management actions following an abnormal antenatal CTG.,Inadequate guidance for managing abnormal antenatal CTG results.,Clinical guidance deficiency,0.9526039361953735,3
99,iss_0002424,https://www.judiciary.uk/prevention-of-future-death-reports/alonzo-wood-prevention-of-future-deaths-report/,2025-03-18,There is no guidance specifying whether delivery should occur following an abnormal antenatal CTG.,Lack of guidance regarding delivery following an abnormal antenatal CTG.,Clinical guidance deficiency,0.9460141658782959,4
99,iss_0021578,https://www.judiciary.uk/prevention-of-future-death-reports/isa-mushtaq/,2014-09-24,The use of intrapartum NICE guidance for interpreting antenatal CTGs lacks an evidence base.,Lack of evidence base for using NICE guidance to interpret antenatal CTGs.,Insufficient clinical evidence,0.9371461272239685,5
99,iss_0021577,https://www.judiciary.uk/prevention-of-future-death-reports/isa-mushtaq/,2014-09-24,There is no national guidance regarding when CTG abnormalities require urgent delivery.,Lack of national guidance on urgent delivery following CTG abnormalities.,Clinical guidance deficiency,0.9369449615478516,6
100,iss_0023232,https://www.judiciary.uk/prevention-of-future-death-reports/goodwin-2013-0311/,2013-11-20,The internet provides clear and detailed guidance on methods of committing suicide.,Online availability of detailed instructions for committing suicide.,Self-harm content,0.9770091772079468,1
100,iss_0003361,https://www.judiciary.uk/prevention-of-future-death-reports/miranda-avanzi-prevention-of-future-deaths-report/,2024-11-14,Online platforms provide accessible instructions and diagrams for individuals intending to end their own lives.,Online availability of instructions for self-harm or suicide.,Self-harm content,0.9725499749183655,2
100,iss_0003359,https://www.judiciary.uk/prevention-of-future-death-reports/miranda-avanzi-prevention-of-future-deaths-report/,2024-11-14,The ready availability of online guides providing step-by-step instructions for completing suicide is a significant concern.,Easy access to online instructions for committing suicide.,Self-harm content,0.9664632081985474,3
100,iss_0005168,https://www.judiciary.uk/prevention-of-future-death-reports/mary-jones-prevention-of-future-deaths-report-2/,2024-03-21,A book detailing suicide methods is readily available for purchase on Amazon.co.uk.,Availability of instructions for self-harm or suicide.,Self-harm content,0.9473439455032349,4
100,iss_0013869,https://www.judiciary.uk/prevention-of-future-death-reports/bradley-trevarthen/,2019-04-29,The accessibility of online information is normalising self-harm and suicide methods.,Online accessibility of information promotes self-harm and suicide methods.,Harmful content accessibility,0.9419560432434082,5
100,iss_0013870,https://www.judiciary.uk/prevention-of-future-death-reports/bradley-trevarthen/,2019-04-29,There is an excessive abundance of information regarding suicide methods available to young persons online.,Excessive online availability of information regarding suicide methods for young people.,Self-harm content,0.941120982170105,6
101,iss_0004944,https://www.judiciary.uk/prevention-of-future-death-reports/ronald-spencer-prevention-of-future-deaths-report/,2024-04-23,Significant staffing shortages caused delays to patient treatment.,Staffing shortages causing delays in patient treatment.,Resource inadequacy,0.9755508899688721,1
101,iss_0010589,https://www.judiciary.uk/prevention-of-future-death-reports/lesley-mawby/,2021-06-18,Staffing shortages in the dietetic team caused delays in patient assessments.,Staffing shortages causing delays in patient assessments.,Resource inadequacy,0.9678370356559753,2
101,iss_0003962,https://www.judiciary.uk/prevention-of-future-death-reports/juliette-sewell-prevention-of-future-deaths-report/,2024-08-19,Staffing shortages caused significant delays in mental health clinical care.,Staffing shortages causing delays in clinical care delivery.,Resource inadequacy,0.9442459940910339,3
101,iss_0011996,https://www.judiciary.uk/prevention-of-future-death-reports/samuel-garner/,2020-07-27,Clinical staff shortages caused significant delays in performing necessary medical procedures.,Staff shortages causing delays in medical procedures.,Resource deficiency,0.9316129088401794,4
101,iss_0007801,https://www.judiciary.uk/prevention-of-future-death-reports/celia-sanderson-prevention-of-future-deaths-report/,2023-02-10,A shortage of consultant and middle grade doctors delayed senior clinical assessments.,Staffing shortages causing delays in clinical assessments.,Staffing shortages,0.9266986846923828,5
101,iss_0023664,https://www.judiciary.uk/prevention-of-future-death-reports/andrew-john-fallon/,2013-01-07,Inadequate staffing in the Emergency Department led to significant delays in patient treatment.,Insufficient staffing levels causing delays in patient treatment.,Resource inadequacy,0.9195226430892944,6
102,iss_0004079,https://www.judiciary.uk/prevention-of-future-death-reports/malika-hibu-prevention-of-future-deaths-report/,2024-08-07,The canal railing provided insufficient protection for small children.,Inadequate physical barriers to prevent falls into water.,Physical safety hazard,0.9894471168518066,1
102,iss_0020590,https://www.judiciary.uk/prevention-of-future-death-reports/daniel-hodgin/,2015-04-20,"The towpath lacked adequate protection, such as railings, to prevent persons or objects from falling into the river.",Inadequate physical barriers to prevent falls into the water.,Fall protection deficiency,0.9868131875991821,2
102,iss_0019004,https://www.judiciary.uk/prevention-of-future-death-reports/adam-miles/,2016-03-29,There were no rails or effective barriers to segregate drinkers from the canal.,Lack of physical barriers to prevent falls into water.,Water safety hazard,0.9830859899520874,3
102,iss_0008885,https://www.judiciary.uk/prevention-of-future-death-reports/peter-moorby-prevention-of-future-deaths-report/,2022-06-23,The low wall provides insufficient protection against falls into the beck.,Inadequate barrier protection against falls into water.,Fall protection,0.953467845916748,4
102,iss_0019557,https://www.judiciary.uk/prevention-of-future-death-reports/robert-mansfield/,2015-11-26,Certain areas of the Millpond may require fencing.,Inadequate fencing around water features.,Physical safety hazard,0.9439283609390259,5
102,iss_0020561,https://www.judiciary.uk/prevention-of-future-death-reports/jack-rowe/,2015-04-22,The swimming pool lacked a fence.,Absence of a safety fence around a swimming pool.,Physical safety hazard,0.9225358963012695,6
103,iss_0004374,https://www.judiciary.uk/prevention-of-future-death-reports/andrew-story-prevention-of-future-deaths-report/,2024-07-03,"The beach lacked red warning markers, signs or flags to indicate unsafe swimming conditions.",Absence of warning signage or markers for unsafe swimming conditions.,Safety communication failure,0.9657303690910339,1
103,iss_0014194,https://www.judiciary.uk/prevention-of-future-death-reports/shane-gray/,2019-02-27,Signage in the specific area of the lake was inadequate to warn against swimming.,Inadequate signage warning against swimming in the lake area.,Inadequate safety signage,0.9648692607879639,2
103,iss_0008901,https://www.judiciary.uk/prevention-of-future-death-reports/connor-marron-prevention-of-future-deaths-report/,2022-06-22,"There were no signs identifying the stream, its depth, or any warning of danger.",Lack of adequate signage for water depth and potential hazards.,Inadequate safety signage,0.9548969864845276,3
103,iss_0010167,https://www.judiciary.uk/prevention-of-future-death-reports/mohammad-farhan-prevention-of-future-deaths-report/,2021-09-29,Existing signage is aged and fails to make the dangers of swimming sufficiently explicit.,Inadequate signage fails to clearly communicate swimming hazards.,Safety signage inadequacy,0.9452643394470215,4
103,iss_0022700,https://www.judiciary.uk/prevention-of-future-death-reports/ryan-pettengell/,2014-03-04,There is no signage prohibiting swimming in the specific area of the incident.,Absence of signage prohibiting swimming in the area.,Inadequate safety signage,0.9208177328109741,5
103,iss_0020972,https://www.judiciary.uk/prevention-of-future-death-reports/jordan-roberts/,2015-02-06,There is a lack of prominent warning signs highlighting the risk of sudden deep water and strong currents.,Insufficient warning signs regarding deep water and strong currents.,Inadequate safety signage,0.9182820320129395,6
104,iss_0018727,https://www.judiciary.uk/prevention-of-future-death-reports/karen-ravenscroft/,2016-05-23,Mechanical thromboprophylaxis was not applied following the risk assessment.,Failure to implement mechanical thromboprophylaxis following risk assessment.,Clinical care omission,0.9770452380180359,1
104,iss_0019623,https://www.judiciary.uk/prevention-of-future-death-reports/marie-quinn/,2015-11-02,The hospital failed to provide mechanical prophylaxis via Flowtron boots.,Failure to provide mechanical venous thromboembolism prophylaxis.,Clinical care omission,0.958088755607605,2
104,iss_0004610,https://www.judiciary.uk/prevention-of-future-death-reports/susan-edwards-prevention-of-future-deaths-report/,2024-06-04,Clinical staff failed to identify the omission of prescribed mechanical thromboprophylaxis.,Failure to identify omission of prescribed mechanical thromboprophylaxis.,Clinical oversight,0.9509862065315247,3
104,iss_0006270,https://www.judiciary.uk/prevention-of-future-death-reports/irene-white-prevention-of-future-deaths-report/,2023-11-07,The nursing home failed to implement physical or chemical measures to minimise the risk of deep vein thrombosis.,Failure to implement measures to minimise deep vein thrombosis risk.,Clinical safety failure,0.9509626030921936,4
104,iss_0018725,https://www.judiciary.uk/prevention-of-future-death-reports/karen-ravenscroft/,2016-05-23,Appropriate pharmacological thromboprophylaxis was not prescribed despite a high-risk assessment.,Failure to prescribe appropriate pharmacological thromboprophylaxis following high-risk assessment.,Medication omission,0.9458528757095337,5
104,iss_0006271,https://www.judiciary.uk/prevention-of-future-death-reports/irene-white-prevention-of-future-deaths-report/,2023-11-07,The nursing home failed to implement mobilisation strategies beyond basic repositioning to reduce the risk of deep vein thrombosis.,Failure to implement adequate mobilisation strategies to prevent deep vein thrombosis.,Clinical care inadequacy,0.9360127449035645,6
105,iss_0004643,https://www.judiciary.uk/prevention-of-future-death-reports/george-broadhurst-prevention-of-future-deaths-report/,2024-05-29,A shortage of radiologists and trained radiographers causes delays in reporting X-rays.,Staffing shortages in radiology cause delays in diagnostic reporting.,Workforce shortages,0.974335789680481,1
105,iss_0018002,https://www.judiciary.uk/prevention-of-future-death-reports/karen-thorne/,2016-11-11,A national shortage of radiologists is causing delays in reporting radiology.,Radiologist shortages are causing delays in radiology reporting.,Staffing shortages,0.9560643434524536,2
105,iss_0007803,https://www.judiciary.uk/prevention-of-future-death-reports/celia-sanderson-prevention-of-future-deaths-report/,2023-02-10,Shortages of qualified staff caused delays in performing and reporting CT scans.,Staffing shortages causing delays in diagnostic imaging procedures and reporting.,Resource shortages,0.9551588296890259,3
105,iss_0018778,https://www.judiciary.uk/prevention-of-future-death-reports/constance-pridmore/,2016-05-12,A shortage of radiologists within the Trust prevents timely review of diagnostic imaging.,Radiologist shortages prevent timely review of diagnostic imaging.,Staffing shortages,0.9509193301200867,4
105,iss_0016099,https://www.judiciary.uk/prevention-of-future-death-reports/kristina-cross/,2018-01-02,A shortage of consultant radiologists led to a significant delay in reporting plain radiology.,Radiology reporting delays caused by a shortage of consultant radiologists.,Staffing shortages,0.9491497278213501,5
105,iss_0006944,https://www.judiciary.uk/prevention-of-future-death-reports/marianne-erika-prevention-of-future-deaths-report/,2023-07-20,Delays in performing and reporting diagnostic imaging due to national shortages of radiographers and radiologists.,Delays in diagnostic imaging due to shortages of clinical staff.,Staffing shortages,0.9399106502532959,6
106,iss_0021657,https://www.judiciary.uk/prevention-of-future-death-reports/joyce-nelson/,2014-09-09,The patient was not assessed by a doctor for several hours following admission to the Emergency Department.,Delayed medical assessment following admission to the emergency department.,Delayed clinical assessment,0.9689179062843323,1
106,iss_0022826,https://www.judiciary.uk/prevention-of-future-death-reports/keith-martin/,2014-02-05,The delay in initial assessment in A&E following presentation of symptoms.,Delayed initial assessment in emergency departments following symptom presentation.,Clinical assessment delay,0.9530921578407288,2
106,iss_0012053,https://www.judiciary.uk/prevention-of-future-death-reports/allan-watt/,2020-06-03,The patient was not seen by a doctor to be clerked in for several hours after admission.,Delay in clinical assessment following patient admission.,Clinical delay,0.9504662752151489,3
106,iss_0006942,https://www.judiciary.uk/prevention-of-future-death-reports/marianne-erika-prevention-of-future-deaths-report/,2023-07-20,Significant delays in clinical assessment of urgent patients in the Emergency Department.,Delayed clinical assessment of urgent patients in the emergency department.,Clinical delay,0.9465383291244507,4
106,iss_0006719,https://www.judiciary.uk/prevention-of-future-death-reports/harold-pedley-prevention-of-future-deaths-report/,2023-09-01,Patients may not be assessed or spoken to by medical professionals for extended periods due to emergency department pressures.,Delayed clinical assessment due to emergency department pressures.,Delayed medical care,0.9384179711341858,5
106,iss_0022758,https://www.judiciary.uk/prevention-of-future-death-reports/stephen-palmer/,2014-02-25,"Delays in clinical assessment by nursing staff, doctors, and the surgical team.",Delays in clinical assessment by multidisciplinary medical staff.,Clinical assessment delays,0.9255694150924683,6
107,iss_0009380,https://www.judiciary.uk/prevention-of-future-death-reports/joshua-rennard-prevention-of-future-deaths-report/,2022-03-07,The allocation and availability of Approved Mental Health Professional input caused delays in mental health assessments.,Insufficient availability of approved mental health professionals causing assessment delays.,Resource availability,0.9726699590682983,1
107,iss_0018193,https://www.judiciary.uk/prevention-of-future-death-reports/debrata-sircar/,2016-10-07,A delay in the Mental Health Act assessment occurred due to the unavailability of a local authority practitioner.,Delay in Mental Health Act assessment due to practitioner unavailability.,Service delivery delay,0.9665706157684326,2
107,iss_0012463,https://www.judiciary.uk/prevention-of-future-death-reports/thiago-araujo/,2020-01-29,The delay in securing a Mental Health Act assessment is unacceptable.,Delays in obtaining Mental Health Act assessments.,Healthcare service delays,0.9580340385437012,3
107,iss_0013476,https://www.judiciary.uk/prevention-of-future-death-reports/richard-carlon/,2019-07-22,An approved mental health practitioner was unavailable to perform the Mental Health Act assessment.,Unavailability of an approved mental health practitioner for assessment.,Staffing unavailability,0.9388624429702759,4
107,iss_0007466,https://www.judiciary.uk/prevention-of-future-death-reports/ben-shipley-prevention-of-future-deaths-report/,2023-04-27,A systemic delay exists between a Mental Health Act assessment and the availability of a hospital bed.,Delays between Mental Health Act assessments and hospital bed availability.,Service delivery delays,0.9386471509933472,5
107,iss_0008654,https://www.judiciary.uk/prevention-of-future-death-reports/robyn-skilton-prevention-of-future-deaths-report/,2022-08-07,A lack of available child psychiatrists results in long waiting times for assessments.,Insufficient availability of child psychiatrists causing delayed assessments.,Resource shortage,0.9039438962936401,6
108,iss_0020325,https://www.judiciary.uk/prevention-of-future-death-reports/christopher-tandy/,2015-06-19,The lack of prominent signage fails to clearly communicate the reduction in speed limit from 30 mph to 20 mph.,Inadequate signage for communicating changes in speed limits.,Road safety signage,0.9841918349266052,1
108,iss_0008729,https://www.judiciary.uk/prevention-of-future-death-reports/stephen-coombes-prevention-of-future-deaths-report/,2022-07-25,Inadequate road signage failed to clearly communicate the temporary 30 mph speed limit.,Inadequate signage for temporary speed limit changes.,Road safety signage,0.976492702960968,2
108,iss_0015260,https://www.judiciary.uk/prevention-of-future-death-reports/herbert-francis/,2018-07-26,The speed limit along this stretch of road or the provision of advisory signs is inadequate.,Inadequate speed limits or advisory signage on a road section.,Road safety infrastructure,0.9550155401229858,3
108,iss_0008728,https://www.judiciary.uk/prevention-of-future-death-reports/stephen-coombes-prevention-of-future-deaths-report/,2022-07-25,The Highways Authority failed to adequately obscure existing 50 mph speed limit signage.,Inadequate obscuring of existing speed limit signage.,Signage visibility,0.9525769352912903,4
108,iss_0013556,https://www.judiciary.uk/prevention-of-future-death-reports/keith-battman/,2019-07-05,The speed limit sign does not provide sufficient warning to approaching drivers.,Inadequate warning of speed limit changes for approaching drivers.,Road signage inadequacy,0.9515853524208069,5
108,iss_0015258,https://www.judiciary.uk/prevention-of-future-death-reports/herbert-francis/,2018-07-26,National speed limit signs are poorly positioned relative to the junction.,Inadequate positioning of national speed limit signs near junctions.,Road signage visibility,0.9381760358810425,6
109,iss_0017512,https://www.judiciary.uk/prevention-of-future-death-reports/billy-wilson/,2017-03-09,The undergraduate midwifery syllabus lacks sufficient training on CTG tracing interpretation.,Inadequate training on CTG tracing interpretation in the midwifery syllabus.,Curriculum deficiency,0.973981499671936,1
109,iss_0022769,https://www.judiciary.uk/prevention-of-future-death-reports/arthur-brockett-deakins/,2014-02-25,Inadequate training for midwives in the interpretation of CTG traces.,Insufficient training for midwives in interpreting CTG traces.,Clinical training deficiency,0.9726781845092773,2
109,iss_0017515,https://www.judiciary.uk/prevention-of-future-death-reports/billy-wilson/,2017-03-09,"There is no requirement for annual, assessed refresher training in CTG interpretation for practising midwives.",Lack of mandatory annual refresher training for CTG interpretation by midwives.,Training deficiency,0.9653139114379883,3
109,iss_0017513,https://www.judiciary.uk/prevention-of-future-death-reports/billy-wilson/,2017-03-09,"There is a lack of compulsory, assessed training for CTG interpretation in midwifery degree courses.",Absence of mandatory assessed training for CTG interpretation in midwifery curricula.,Training deficiency,0.9650494456291199,4
109,iss_0017572,https://www.judiciary.uk/prevention-of-future-death-reports/maxim-karpovich/,2017-02-22,There is a lack of quality controlled training modules for cardiotocograph interpretation.,Insufficient quality controlled training modules for cardiotocograph interpretation.,Training deficiency,0.9565907716751099,5
109,iss_0017573,https://www.judiciary.uk/prevention-of-future-death-reports/maxim-karpovich/,2017-02-22,There is no mandatory confirmation of competence in cardiotocograph interpretation before entering clinical practice.,Lack of mandatory competence verification for cardiotocograph interpretation in clinical practice.,Clinical competency standards,0.9382060766220093,6
110,iss_0012562,https://www.judiciary.uk/prevention-of-future-death-reports/julie-taylor/,2019-12-24,Emergency Departments and AMUs failed to implement reasonable adjustment care plans for patients with learning disabilities.,Failure to implement reasonable adjustments for patients with learning disabilities.,Failure of reasonable adjustments,0.9688816070556641,1
110,iss_0000019,https://www.judiciary.uk/prevention-of-future-death-reports/john-loannou-prevention-of-future-deaths-report/,2026-03-10,A failure to address communication barriers for a patient with profound learning disabilities resulted in a missed learning opportunity.,Failure to address communication barriers for patients with learning disabilities.,Communication failure,0.9544470310211182,2
110,iss_0003035,https://www.judiciary.uk/prevention-of-future-death-reports/david-lodge-prevention-of-future-deaths-report/,2024-12-23,Reasonable adjustments are not made to assess pain in patients with learning disabilities.,Failure to provide reasonable adjustments for pain assessment in patients with learning disabilities.,Inequitable healthcare access,0.9423325061798096,3
110,iss_0012628,https://www.judiciary.uk/prevention-of-future-death-reports/lewis-mendelson/,2019-12-17,Medical staff lacked sufficient understanding of the patient's complex learning disabilities and communication needs.,Inadequate understanding of patient learning disabilities and communication requirements.,Clinical communication failure,0.9300035834312439,4
110,iss_0020019,https://www.judiciary.uk/prevention-of-future-death-reports/eileen-smith/,2015-08-12,Acute Trusts lack standardised tools to audit the reasonable adjustments made for patients with learning disabilities.,Lack of standardised auditing tools for reasonable adjustments for patients with learning disabilities.,Audit standardisation,0.9272923469543457,5
111,iss_0000399,https://www.judiciary.uk/prevention-of-future-death-reports/dhananji-dona-prevention-of-future-deaths-report/,2026-01-21,The sepsis screening tool was not used during the assessment in the A&E department.,Failure to use the sepsis screening tool during clinical assessment.,Clinical process non-compliance,0.9844167828559875,1
111,iss_0000150,https://www.judiciary.uk/prevention-of-future-death-reports/edward-jones-prevention-of-future-deaths-report-2/,2026-02-13,The hospital trust's Sepsis Screening Tool was not used during the patient's assessment.,Failure to use the prescribed sepsis screening tool during patient assessment.,Clinical process non-compliance,0.9682246446609497,2
111,iss_0000546,https://www.judiciary.uk/prevention-of-future-death-reports/edward-jones-prevention-of-future-deaths-report/,2025-12-18,The hospital trust's Sepsis Screening Tool was not used during the patient's assessment.,Failure to use the prescribed sepsis screening tool during patient assessment.,Clinical process non-compliance,0.9682246446609497,3
111,iss_0012833,https://www.judiciary.uk/prevention-of-future-death-reports/emma-langley/,2019-11-18,The Sepsis Tool was not utilised during the assessment.,Failure to utilise the sepsis assessment tool.,Clinical process non-compliance,0.9577345252037048,4
111,iss_0019761,https://www.judiciary.uk/prevention-of-future-death-reports/caroline-robey/,2015-10-16,Community healthcare providers failed to use a sepsis screening tool.,Failure to utilise sepsis screening tools in community healthcare settings.,Clinical process failure,0.9476580023765564,5
112,iss_0001650,https://www.judiciary.uk/prevention-of-future-death-reports/patrick-coffey-prevention-of-future-deaths-report/,2025-07-07,Hospital audits identified that patient repositioning was not being performed or recorded correctly.,Failure to correctly perform or record patient repositioning.,Clinical care documentation,0.9682886600494385,1
112,iss_0002813,https://www.judiciary.uk/prevention-of-future-death-reports/cynthia-gilbert-prevention-of-future-deaths-report/,2025-01-24,The tissue viability team's instructions regarding repositioning were not implemented by ward staff.,Failure to implement clinical instructions for patient repositioning.,Clinical non-compliance,0.9643752574920654,2
112,iss_0003263,https://www.judiciary.uk/prevention-of-future-death-reports/raymond-reid-prevention-of-future-deaths-report/,2024-11-28,Inadequate repositioning protocols led to long periods without patient movement.,Inadequate protocols for patient repositioning.,Patient care safety,0.9570325016975403,3
112,iss_0007700,https://www.judiciary.uk/prevention-of-future-death-reports/maureen-dick-prevention-of-future-deaths-report/,2023-03-06,Staff failed to reposition the patient in accordance with hospital policy.,Failure to reposition patient according to established policy.,Clinical care non-compliance,0.9560971260070801,4
112,iss_0000200,https://www.judiciary.uk/prevention-of-future-death-reports/janet-tripp-prevention-of-future-deaths-report/,2026-02-09,Staff failed to implement required two-hourly repositioning protocols.,Failure to implement required repositioning protocols.,Protocol non-compliance,0.9470092058181763,5
113,iss_0006311,https://www.judiciary.uk/prevention-of-future-death-reports/andrew-bowles-prevention-of-future-deaths-report/,2023-10-31,The mental health liaison nurse lacked direct access to hospital records during the assessment.,Lack of direct access to medical records during clinical assessment.,Information access limitation,0.9725403785705566,1
113,iss_0023565,https://www.judiciary.uk/prevention-of-future-death-reports/john-walker/,2013-08-21,The clinical assessment was hindered by the unavailability of the patient's previous admission notes and electronic records.,Clinical assessment hindered by unavailable patient medical records.,Information unavailability,0.9618483781814575,2
113,iss_0005839,https://www.judiciary.uk/prevention-of-future-death-reports/nicholas-dymond-prevention-of-future-deaths-report/,2023-12-21,Independent doctors may lack direct access to electronic patient records during Mental Health Act assessments.,Lack of direct access to electronic patient records during clinical assessments.,Data accessibility,0.9588086605072021,3
113,iss_0000455,https://www.judiciary.uk/prevention-of-future-death-reports/amy-pugh-prevention-of-future-deaths-report/,2026-01-12,The lack of access to medical records compromised the assessment and management of the deceased.,Inadequate access to medical records hindered clinical assessment and management.,Information accessibility,0.9542728662490845,4
113,iss_0020848,https://www.judiciary.uk/prevention-of-future-death-reports/brian-francis/,2015-03-04,The unavailability of community medical records at admission prevented an accurate clinical assessment.,Inaccessible medical records preventing accurate clinical assessment at admission.,Information unavailability,0.9471173286437988,5
114,iss_0000479,https://www.judiciary.uk/prevention-of-future-death-reports/david-dugdale-prevention-of-future-deaths-report/,2026-01-08,Insufficient nutritional support for patients during hospital admission.,Inadequate nutritional support for patients during hospitalisation.,Clinical care deficit,0.9908602237701416,1
114,iss_0009745,https://www.judiciary.uk/prevention-of-future-death-reports/louise-cooper-prevention-of-future-deaths-report/,2021-12-21,There is an insufficient provision of sustained supported eating for patients in hospital settings.,Inadequate provision of sustained nutritional support for hospitalised patients.,Nutritional care deficit,0.9774343967437744,2
114,iss_0002089,https://www.judiciary.uk/prevention-of-future-death-reports/marina-waldron-prevention-of-future-deaths-report/,2025-05-20,Nutritional needs were poorly considered or managed during the hospital admission.,Inadequate management of nutritional requirements during hospitalisation.,Nutritional care failure,0.97216796875,3
114,iss_0006438,https://www.judiciary.uk/prevention-of-future-death-reports/david-hall-prevention-of-future-deaths-report/,2023-10-12,Nutritional requirements were not fully met during the hospital admission.,Inadequate nutritional intake during hospitalisation.,Nutritional deficiency,0.9526348114013672,4
114,iss_0011154,https://www.judiciary.uk/prevention-of-future-death-reports/averil-hart/,2021-03-03,Patients with severe malnourishment did not receive adequate monitored oral nutrition or nasogastric feeding during acute admission.,Inadequate nutritional support for patients with severe malnourishment during acute admission.,Clinical care deficit,0.9510535001754761,5
115,iss_0005297,https://www.judiciary.uk/prevention-of-future-death-reports/richard-collins-prevention-of-future-deaths-report/,2024-03-07,The DVLA was not notified of the deceased's medical condition by healthcare professionals.,Failure to notify the DVLA of a driver's medical condition.,Reporting failure,0.9708321690559387,1
115,iss_0012035,https://www.judiciary.uk/prevention-of-future-death-reports/joan-williams/,2020-06-16,The driver failed to notify the DVLA of her Alzheimer's dementia diagnosis.,Failure to notify the DVLA of a medical condition.,Medical notification failure,0.9690693616867065,2
115,iss_0000791,https://www.judiciary.uk/prevention-of-future-death-reports/christopher-sampson-prevention-of-future-deaths-report/,2025-11-12,Drivers fail to self-refer medical conditions to the DVLA for assessment.,Failure to report medical conditions to the DVLA for assessment.,Medical reporting failure,0.9666510820388794,3
115,iss_0019386,https://www.judiciary.uk/prevention-of-future-death-reports/arenijus-nedzelskies/,2016-01-13,The deceased failed to report chronic misuse of cannabinoid receptor agonists to the DVLA Medical Branch.,Failure to report medical conditions to the driving licensing authority.,Non-disclosure of medical information,0.9512686729431152,4
115,iss_0011181,https://www.judiciary.uk/prevention-of-future-death-reports/andrew-biddlecombe/,2021-02-25,The medical practice failed to inform the DVLA of medical conditions relevant to the deceased's driving safety.,Failure to notify authorities of medical conditions affecting driving safety.,Reporting failure,0.9381216168403625,5
116,iss_0000898,https://www.judiciary.uk/prevention-of-future-death-reports/danielle-jones-prevention-of-future-deaths-report/,2025-10-27,The GP practice failed to review prescription medications following the patient's self-disclosure of medication overdose.,Failure to review medications following disclosure of an overdose.,Clinical monitoring failure,0.9786708950996399,1
116,iss_0000901,https://www.judiciary.uk/prevention-of-future-death-reports/danielle-jones-prevention-of-future-deaths-report/,2025-10-27,The GP practice failed to implement medication reviews after the patient reported intentional overdose of prescribed drugs.,Failure to conduct medication reviews following reports of intentional overdose.,Clinical oversight failure,0.9586005210876465,2
116,iss_0018470,https://www.judiciary.uk/prevention-of-future-death-reports/lee-grimes/,2016-07-26,No action was taken by Next Stage following the initial disclosure of a medication overdose.,Failure to take action following disclosure of a medication overdose.,Inadequate incident response,0.955315351486206,3
116,iss_0006668,https://www.judiciary.uk/prevention-of-future-death-reports/amanda-kramer-prevention-of-future-deaths-report/,2023-09-11,Clinical oversight failed to monitor medication use following repeated deliberate overdoses.,Failure to monitor medication use following deliberate overdose incidents.,Clinical oversight failure,0.9552363157272339,4
116,iss_0018471,https://www.judiciary.uk/prevention-of-future-death-reports/lee-grimes/,2016-07-26,The Community Mental Health Team failed to respond to or action a message regarding a medication overdose.,Failure to respond to a medication overdose notification.,Clinical communication failure,0.9459565877914429,5
117,iss_0009298,https://www.judiciary.uk/prevention-of-future-death-reports/yvonne-eaves-prevention-of-future-deaths-report/,2022-04-01,Clinical staff lacked sufficient awareness of the venous thromboembolism policy and its implementation.,Insufficient staff awareness of venous thromboembolism policy and implementation.,Policy awareness,0.9712996482849121,1
117,iss_0000917,https://www.judiciary.uk/prevention-of-future-death-reports/sophie-towle-prevention-of-future-deaths-report/,2025-10-24,Training regarding the local venous thromboembolism policy is not robust or is not being properly engaged with by staff.,Staff training on local venous thromboembolism policy is inadequate or poorly engaged.,Training and compliance,0.9510900974273682,2
117,iss_0000918,https://www.judiciary.uk/prevention-of-future-death-reports/sophie-towle-prevention-of-future-deaths-report/,2025-10-24,The local venous thromboembolism policy lacks clarity and consistency across all wards within the Trust.,Inconsistency and lack of clarity in local venous thromboembolism policy.,Policy inconsistency,0.947953999042511,3
117,iss_0006272,https://www.judiciary.uk/prevention-of-future-death-reports/irene-white-prevention-of-future-deaths-report/,2023-11-07,The nursing home lacked a formal deep vein thrombosis policy.,Absence of a formal deep vein thrombosis policy.,Policy deficiency,0.9332586526870728,4
117,iss_0000916,https://www.judiciary.uk/prevention-of-future-death-reports/sophie-towle-prevention-of-future-deaths-report/,2025-10-24,Staff lack proper working knowledge of the current local venous thromboembolism risk assessment policy.,Staff lack sufficient knowledge of the local venous thromboembolism risk assessment policy.,Training and competence,0.926411509513855,5
118,iss_0000956,https://www.judiciary.uk/prevention-of-future-death-reports/marc-davies-prevention-of-future-deaths-report/,2025-10-20,Staff failed to seek medical assistance when the resident was found unconscious.,Failure to seek medical assistance for an unconscious resident.,Failure to provide care,0.9851275682449341,1
118,iss_0023073,https://www.judiciary.uk/prevention-of-future-death-reports/sandra-wordingham/,2013-12-17,Staff failed to seek medical opinion when a resident remained unconscious for an extended period.,Failure to seek medical advice for an unconscious resident.,Medical neglect,0.9760059118270874,2
118,iss_0023075,https://www.judiciary.uk/prevention-of-future-death-reports/sandra-wordingham/,2013-12-17,The failure to seek timely medical attention for unconscious residents poses a risk of unnecessary death or injury.,Failure to seek timely medical attention for unconscious residents.,Delayed medical response,0.973944902420044,3
118,iss_0009621,https://www.judiciary.uk/prevention-of-future-death-reports/maria-howell-prevention-of-future-deaths-report/,2022-01-27,Staff failed to call an ambulance for twelve hours after the resident became unwell.,Failure to summon emergency medical services following a resident becoming unwell.,Delayed medical response,0.9324302077293396,4
118,iss_0012202,https://www.judiciary.uk/prevention-of-future-death-reports/john-gregory/,2020-03-20,"Staff at Muriel Street Resource Centre failed to monitor residents effectively, leaving a resident unnoticed while unconscious.",Failure to monitor residents effectively leading to undetected unconsciousness.,Inadequate supervision,0.9291610717773438,5
119,iss_0001357,https://www.judiciary.uk/prevention-of-future-death-reports/chloe-barber-prevention-of-future-deaths-report/,2025-08-12,There is no clearly defined pathway for young persons transitioning between CAMHS and adult psychiatric services.,Lack of defined transition pathways between paediatric and adult mental health services.,Service transition gaps,0.9773524403572083,1
119,iss_0009647,https://www.judiciary.uk/prevention-of-future-death-reports/luke-wilden-prevention-of-future-deaths-report/,2022-01-16,Transition arrangements for individuals with high functioning autism from Child and Adolescent to Adult Mental Health services were inadequate.,Inadequate transition arrangements for individuals moving from paediatric to adult mental health services.,Service transition failure,0.9742506742477417,2
119,iss_0005010,https://www.judiciary.uk/prevention-of-future-death-reports/axel-price-prevention-of-future-deaths-report/,2024-04-15,There is a lack of national guidance and provision for young people transitioning from CAMBS to adult services.,Insufficient national guidance and provision for transitions from CAMHS to adult services.,Service transition inadequacy,0.9647166728973389,3
119,iss_0005011,https://www.judiciary.uk/prevention-of-future-death-reports/axel-price-prevention-of-future-deaths-report/,2024-04-15,There is a lack of a recognised pathway for young people transitioning to adult services.,Lack of a recognised pathway for transition to adult services.,Service transition gap,0.9539373517036438,4
119,iss_0013112,https://www.judiciary.uk/prevention-of-future-death-reports/oliver-sharp/,2019-10-01,The transition from CAMHS to adult services creates a high-risk cliff edge for adolescents.,Transition from paediatric to adult mental health services creates significant risk.,Service transition risk,0.9400669932365417,5
120,iss_0008195,https://www.judiciary.uk/prevention-of-future-death-reports/ronald-kelly-prevention-of-future-deaths-report/,2022-11-15,A patient was discharged from hospital without a follow-up arrangement to ensure they were coping or to assist with care.,Patient discharged from hospital without follow-up care arrangements.,Discharge planning failure,0.981173038482666,1
120,iss_0007276,https://www.judiciary.uk/prevention-of-future-death-reports/brenda-shield-prevention-of-future-deaths-report/,2023-06-07,The patient was discharged from hospital without a planned follow-up.,Patient discharged from hospital without a planned follow-up appointment.,Discharge planning failure,0.9658870100975037,2
120,iss_0001529,https://www.judiciary.uk/prevention-of-future-death-reports/isaac-ingle-gillis-prevention-of-future-deaths-report/,2025-07-22,The patient was discharged following assessment without follow-up care.,Patient discharged without provision for follow-up care.,Inadequate discharge planning,0.959374189376831,3
120,iss_0017496,https://www.judiciary.uk/prevention-of-future-death-reports/lester-stacey/,2017-03-10,The deceased was discharged from inpatient care without follow-up appointments being arranged.,Patient discharged from inpatient care without arranged follow-up appointments.,Discharge planning failure,0.9562510251998901,4
120,iss_0015981,https://www.judiciary.uk/prevention-of-future-death-reports/michael-vukovic/,2018-01-29,The patient was discharged from hospital without adequate follow-up care.,Patient discharged from hospital without adequate follow-up care.,Inadequate discharge planning,0.9542377591133118,5
121,iss_0023085,https://www.judiciary.uk/prevention-of-future-death-reports/sean-seabourne/,2013-12-17,The Assessment Team failed to recognise the urgency of the referral.,Failure to recognise the urgency of a referral.,Process failure,0.965892493724823,1
121,iss_0017287,https://www.judiciary.uk/prevention-of-future-death-reports/charlotte-agnew/,2017-04-20,The Trust failed to provide timely assessments following urgent referrals from General Practitioners.,Failure to provide timely assessments following urgent referrals.,Delayed clinical assessment,0.9636819958686829,2
121,iss_0019257,https://www.judiciary.uk/prevention-of-future-death-reports/marilyn-anson/,2016-02-12,The urgent referral to the 'hot foot' clinic was not processed in a timely manner.,Failure to process urgent clinical referrals in a timely manner.,Delayed clinical processing,0.9542092680931091,3
121,iss_0001701,https://www.judiciary.uk/prevention-of-future-death-reports/thomas-mallinson-prevention-of-future-deaths-report/,2025-06-30,Out of hours clinicians failed to respond to urgent referrals within the required timeframe.,Failure to respond to urgent referrals within required timeframes.,Clinical response delay,0.9503076076507568,4
121,iss_0012018,https://www.judiciary.uk/prevention-of-future-death-reports/prince-fosu/,2020-07-06,Staff failed to recognise when a referral to healthcare was required.,Failure to recognise the need for a healthcare referral.,Clinical oversight,0.9181331396102905,5
122,iss_0008587,https://www.judiciary.uk/prevention-of-future-death-reports/eliot-harris-prevention-of-future-deaths-report/,2022-08-22,Clinical records failed to adequately document the rationale for important decisions.,Clinical records lack sufficient documentation of decision-making rationale.,Inadequate clinical documentation,0.9751361012458801,1
122,iss_0016130,https://www.judiciary.uk/prevention-of-future-death-reports/margaret-postill/,2017-12-21,Hospital documentation lacked sufficient detail regarding clinical decision-making.,Clinical documentation lacks sufficient detail regarding decision-making processes.,Inadequate clinical documentation,0.9649401903152466,2
122,iss_0008194,https://www.judiciary.uk/prevention-of-future-death-reports/sally-ann-few-prevention-of-future-deaths-report/,2022-11-15,Medical notes failed to document the rationale for clinical decisions or details of patient discussions.,Clinical documentation lacks rationale for decisions and details of patient discussions.,Incomplete clinical documentation,0.9612542390823364,3
122,iss_0012097,https://www.judiciary.uk/prevention-of-future-death-reports/evelyn-ross/,2020-04-27,Clinical documentation lacked sufficient detail to track patient condition or decision-making rationale.,Clinical documentation lacks sufficient detail for tracking patient condition or decision-making.,Inadequate clinical documentation,0.9597353339195251,4
122,iss_0001775,https://www.judiciary.uk/prevention-of-future-death-reports/pamela-brand-prevention-of-future-deaths-report/,2025-06-18,Hospital records lacked key details regarding clinical observations and the rationale for clinical decision making.,Clinical records lack essential observations and decision-making rationales.,Incomplete medical documentation,0.9534609913825989,5
123,iss_0002165,https://www.judiciary.uk/prevention-of-future-death-reports/sybil-morgan-gray-prevention-of-future-deaths-report/,2025-05-07,Blood glucose monitoring was not performed for several hours following a hypoglycaemic episode.,Failure to monitor blood glucose levels following a hypoglycaemic event.,Clinical monitoring failure,0.9691934585571289,1
123,iss_0001778,https://www.judiciary.uk/prevention-of-future-death-reports/edward-cassin-prevention-of-future-deaths-report/,2025-06-18,Hospital guidelines for managing hypoglycaemic episodes were not followed.,Failure to follow clinical guidelines for managing hypoglycaemia.,Clinical guideline non-compliance,0.966252326965332,2
123,iss_0011153,https://www.judiciary.uk/prevention-of-future-death-reports/averil-hart/,2021-03-03,Critical medical instructions regarding the monitoring and treatment of hypoglycaemia were not followed.,Failure to follow critical medical instructions for hypoglycaemia management.,Medical non-compliance,0.9632344245910645,3
123,iss_0009590,https://www.judiciary.uk/prevention-of-future-death-reports/colm-mccabe-prevention-of-future-deaths-report/,2022-01-31,Blood sugar levels were not monitored despite high readings and clinical risk.,Failure to monitor blood glucose levels despite clinical risk.,Clinical monitoring failure,0.940850019454956,4
123,iss_0010828,https://www.judiciary.uk/prevention-of-future-death-reports/john-lott/,2021-05-10,Hypoglycaemia was not adequately managed during the patient's hospitalisation.,Inadequate management of hypoglycaemia during hospitalisation.,Clinical management failure,0.9381916522979736,5
124,iss_0001786,https://www.judiciary.uk/prevention-of-future-death-reports/sonia-sore-prevention-of-future-deaths-report/,2025-06-17,A culture of failing to follow risk mitigation measures existed among staff at the care home.,Failure to adhere to established risk mitigation measures.,Compliance failure,0.9815276861190796,1
124,iss_0001785,https://www.judiciary.uk/prevention-of-future-death-reports/sonia-sore-prevention-of-future-deaths-report/,2025-06-17,Staff regularly failed to implement identified risk mitigation measures.,Failure to implement identified risk mitigation measures.,Compliance failure,0.959331214427948,2
124,iss_0023072,https://www.judiciary.uk/prevention-of-future-death-reports/christine-williamson/,2013-12-18,A failure to implement preventative measures to mitigate identified risks.,Failure to implement identified risk mitigation measures.,Risk management failure,0.959331214427948,3
124,iss_0019610,https://www.judiciary.uk/prevention-of-future-death-reports/brian-shillinglaw/,2015-11-06,Compliance with Trust policies regarding risk assessment and management.,Failure to comply with risk assessment and management policies.,Policy non-compliance,0.9483009576797485,4
124,iss_0010753,https://www.judiciary.uk/prevention-of-future-death-reports/neil-challinor-mooney/,2021-05-20,Nursing staff failed to follow established risk management policies.,Failure to adhere to established risk management policies.,Policy non-compliance,0.9354006052017212,5
125,iss_0020173,https://www.judiciary.uk/prevention-of-future-death-reports/janine-kaiser/,2015-07-14,Referral to Tissue Viability Nurses was delayed.,Delay in referral to tissue viability nurses.,Delayed clinical referral,0.9876432418823242,1
125,iss_0023572,https://www.judiciary.uk/prevention-of-future-death-reports/mohammed-chaudhury/,2013-08-20,There were delays in referrals to tissue viability nurses.,Delays in referrals to tissue viability nurses.,Clinical referral delays,0.9842248558998108,2
125,iss_0001849,https://www.judiciary.uk/prevention-of-future-death-reports/maureen-powell-prevention-of-future-deaths-report/,2025-06-11,Referrals to tissue viability specialists were made too late.,Delays in referring patients to tissue viability specialists.,Delayed specialist referral,0.9655882120132446,3
125,iss_0018189,https://www.judiciary.uk/prevention-of-future-death-reports/norman-beard/,2016-10-07,Pressure ulcers were not referred to tissue viability nurses in a timely fashion.,Delayed referral of pressure ulcers to tissue viability nurses.,Clinical referral delay,0.9653135538101196,4
125,iss_0011186,https://www.judiciary.uk/prevention-of-future-death-reports/cecilia-edwards/,2021-02-22,Failure to refer a category 3 pressure ulcer to the tissue viability nurse.,Failure to refer category 3 pressure ulcers to a tissue viability nurse.,Clinical referral failure,0.9447493553161621,5
126,iss_0003006,https://www.judiciary.uk/prevention-of-future-death-reports/victor-knowles-prevention-of-future-deaths-report/,2025-01-02,The nursing home failed to conduct an internal investigation into the care provided.,Failure to conduct an internal investigation into provided care.,Lack of investigation,0.9767820835113525,1
126,iss_0001850,https://www.judiciary.uk/prevention-of-future-death-reports/maureen-powell-prevention-of-future-deaths-report/,2025-06-11,No internal investigation was conducted into the care failures.,Failure to conduct an internal investigation into care failures.,Lack of investigation,0.965793251991272,2
126,iss_0009347,https://www.judiciary.uk/prevention-of-future-death-reports/billy-longshaw-prevention-of-future-deaths-report/,2022-03-16,The Trust failed to undertake a detailed investigation into the care and treatment provided to the deceased.,Failure to conduct a detailed investigation into care and treatment provided.,Investigation failure,0.9512738585472107,3
126,iss_0006725,https://www.judiciary.uk/prevention-of-future-death-reports/donna-levy-prevention-of-future-deaths-report/,2023-08-31,The trust failed to undertake a serious investigation into the patient's care.,Failure to conduct a thorough investigation into patient care.,Investigation failure,0.935461699962616,4
126,iss_0020498,https://www.judiciary.uk/prevention-of-future-death-reports/doreen-wood/,2015-04-29,The practice has not conducted a formal internal investigation into the clinical failures.,Failure to conduct a formal internal investigation into clinical failures.,Investigation inadequacy,0.9201744198799133,5
127,iss_0006149,https://www.judiciary.uk/prevention-of-future-death-reports/sarah-read-prevention-of-future-deaths-report/,2023-11-17,There is no provision in Lancashire for thrombectomy services following a stroke after 5pm.,Lack of out-of-hours thrombectomy services for stroke patients in Lancashire.,Service availability,0.9718594551086426,1
127,iss_0002473,https://www.judiciary.uk/prevention-of-future-death-reports/barry-myers-prevention-of-future-deaths-report/,2025-03-12,There is no mechanical thrombectomy service available outside of operational hours at University Hospitals Sussex NHS Foundation Trust.,Lack of out-of-hours mechanical thrombectomy services at a specific NHS trust.,Service availability,0.9637234210968018,2
127,iss_0005963,https://www.judiciary.uk/prevention-of-future-death-reports/jasbir-pahal-prevention-of-future-deaths-report/,2023-12-08,No commissioned thrombectomy service exists for CHFT stroke patients outside of weekday business hours.,Lack of out-of-hours commissioned thrombectomy services for stroke patients.,Service availability,0.9623273015022278,3
127,iss_0001943,https://www.judiciary.uk/prevention-of-future-death-reports/michelle-mason-prevention-of-future-deaths-report/,2025-06-02,The 24/7 thrombectomy service specified by NHS England is not being delivered in Lancashire.,Failure to deliver specified 24/7 thrombectomy services in Lancashire.,Service delivery failure,0.9482975602149963,4
127,iss_0002475,https://www.judiciary.uk/prevention-of-future-death-reports/barry-myers-prevention-of-future-deaths-report/,2025-03-12,Insufficient funding exists to provide urgent mechanical thrombectomy services between 16:00 and 08:00.,Inadequate funding for out-of-hours mechanical thrombectomy services.,Resource deficiency,0.9462438821792603,5
128,iss_0002021,https://www.judiciary.uk/prevention-of-future-death-reports/shaun-bass-prevention-of-future-deaths-report/,2025-05-23,Published guidance does not provide specific training or guidance to sellers of reportable poisons acquired via online marketplaces.,Guidance lacks specific training for sellers of reportable poisons via online marketplaces.,Inadequate regulatory guidance,0.997959554195404,1
128,iss_0002026,https://www.judiciary.uk/prevention-of-future-death-reports/chantelle-williams-prevention-of-future-deaths-report/,2025-05-23,Published guidance fails to provide specific training for sellers of reportable poisons acquired via online marketplaces.,Guidance lacks specific training for sellers of reportable poisons from online marketplaces.,Inadequate training guidance,0.9962835311889648,2
128,iss_0002036,https://www.judiciary.uk/prevention-of-future-death-reports/andrew-brown-prevention-of-future-deaths-report-2/,2025-05-23,Published guidance fails to provide specific training for sellers of reportable poisons acquired via online marketplaces.,Guidance lacks specific training for sellers of reportable poisons from online marketplaces.,Inadequate training guidance,0.9962835311889648,3
128,iss_0002060,https://www.judiciary.uk/prevention-of-future-death-reports/matthew-oreilly-prevention-of-future-deaths-report/,2025-05-23,Published guidance fails to provide specific training for sellers of reportable poisons acquired via online marketplaces.,Guidance lacks specific training for sellers of reportable poisons from online marketplaces.,Inadequate training guidance,0.9962835311889648,4
128,iss_0002046,https://www.judiciary.uk/prevention-of-future-death-reports/kelly-walsh-prevention-of-future-deaths-report/,2025-05-23,Published guidance fails to provide specific training or instructions for sellers of reportable poisons acquired via online marketplaces.,Guidance lacks specific instructions for selling reportable poisons via online marketplaces.,Inadequate regulatory guidance,0.9319546222686768,5
129,iss_0002029,https://www.judiciary.uk/prevention-of-future-death-reports/chantelle-williams-prevention-of-future-deaths-report/,2025-05-23,Vendors are unaware that their contact details are being distributed by platforms designed to promote suicide methods.,Vendors are unaware their contact details are shared on platforms promoting suicide methods.,Data privacy breach,0.9966058135032654,1
129,iss_0002034,https://www.judiciary.uk/prevention-of-future-death-reports/samuel-dickenson-prevention-of-future-deaths-report/,2025-05-23,Vendors are unaware that their contact details are being distributed on platforms designed to promote suicide methods.,Vendors are unaware their contact details are shared on platforms promoting suicide methods.,Data privacy breach,0.9966058135032654,2
129,iss_0002044,https://www.judiciary.uk/prevention-of-future-death-reports/mathew-price-prevention-of-future-deaths-report/,2025-05-23,Vendors are unaware that their contact details are being distributed by platforms designed to promote suicide methods.,Vendors are unaware their contact details are shared on platforms promoting suicide methods.,Data privacy breach,0.9966058135032654,3
129,iss_0002024,https://www.judiciary.uk/prevention-of-future-death-reports/shaun-bass-prevention-of-future-deaths-report/,2025-05-23,Vendors are unaware that their details are being distributed by platforms designed to promote suicide methods.,Vendors are unaware their details are shared on platforms promoting suicide methods.,Information privacy breach,0.9919005632400513,4
129,iss_0002055,https://www.judiciary.uk/prevention-of-future-death-reports/william-armstrong-prevention-of-future-deaths-report/,2025-05-23,Vendors are unaware that their details are being distributed by platforms designed to promote suicide methods.,Vendors are unaware their details are shared on platforms promoting suicide methods.,Information privacy breach,0.9919005632400513,5
130,iss_0012037,https://www.judiciary.uk/prevention-of-future-death-reports/joan-williams/,2020-06-16,Doctors lack a mandatory requirement to report diagnoses affecting driving ability to the DVLA.,Lack of mandatory medical reporting for driving fitness to the DVLA.,Regulatory reporting failure,0.9705941081047058,1
130,iss_0005299,https://www.judiciary.uk/prevention-of-future-death-reports/richard-collins-prevention-of-future-deaths-report/,2024-03-07,Dorset Healthcare University NHS Foundation Trust lacked a local written policy for assessing patient fitness to drive and contacting the DVLA.,Absence of local policy for assessing patient fitness to drive and DVLA notification.,Policy deficiency,0.963559627532959,2
130,iss_0005298,https://www.judiciary.uk/prevention-of-future-death-reports/richard-collins-prevention-of-future-deaths-report/,2024-03-07,Medical professionals failed to discuss driving fitness or DVLA notification requirements with the patient following his discharge.,Failure to discuss driving fitness and DVLA notification requirements upon patient discharge.,Clinical communication failure,0.9586225748062134,3
130,iss_0002239,https://www.judiciary.uk/prevention-of-future-death-reports/peter-westwell-mary-cunningham-grace-foulds-anne-ferguson-prevention-of-future-deaths-report/,2025-04-17,Clinicians fail to notify the DVLA when patients are advised to stop driving.,Failure to notify the DVLA when patients are advised to stop driving.,Reporting failure,0.9459528923034668,4
130,iss_0002244,https://www.judiciary.uk/prevention-of-future-death-reports/sheila-edwards-prevention-of-future-deaths-report/,2025-04-17,There is significant underreporting of drivers who may suffer from dementia to the DVLA.,Underreporting of medical conditions affecting driving fitness to the DVLA.,Medical reporting failure,0.9372363090515137,5
131,iss_0008008,https://www.judiciary.uk/prevention-of-future-death-reports/malcolm-basten-prevention-of-future-deaths-report/,2022-12-30,The principal contractor failed to implement adequate health and safety measures for work at height.,Inadequate health and safety measures for working at height.,Work at height,0.978009819984436,1
131,iss_0002354,https://www.judiciary.uk/prevention-of-future-death-reports/alexander-cardoza-prevention-of-future-deaths-report/,2025-04-03,Insufficient action has been taken to prevent persons from falling from the site.,Inadequate measures to prevent falls from height.,Fall protection failure,0.9730827808380127,2
131,iss_0010374,https://www.judiciary.uk/prevention-of-future-death-reports/adam-brunskill-prevention-of-future-deaths-report/,2021-08-03,No safety netting was installed inside the warehouse to mitigate the risk of a fall.,Absence of safety netting to prevent falls from height.,Fall protection failure,0.9561799764633179,3
131,iss_0023624,https://www.judiciary.uk/prevention-of-future-death-reports/alan-smith/,2013-08-05,The deceased had not received specific training regarding working at height.,Lack of specific training for working at height.,Training deficiency,0.9542269110679626,4
131,iss_0013790,https://www.judiciary.uk/prevention-of-future-death-reports/christopher-barnes/,2019-05-20,The adequacy of safety measures to satisfy legal obligations regarding working at height remains uncertain.,Uncertainty regarding the adequacy of safety measures for working at height.,Work at height,0.9326795339584351,5
132,iss_0002487,https://www.judiciary.uk/prevention-of-future-death-reports/sean-higgins-prevention-of-future-deaths-report/,2025-03-11,The deceased did not receive prescribed medication for 45 days.,Failure to administer prescribed medication to a deceased person.,Medication error,0.983451783657074,1
132,iss_0009892,https://www.judiciary.uk/prevention-of-future-death-reports/robert-ellery-prevention-of-future-deaths-report/,2021-11-19,Prescribed zopiclone was not administered to the deceased.,Failure to administer prescribed medication to a deceased person.,Medication administration error,0.983451783657074,2
132,iss_0014142,https://www.judiciary.uk/prevention-of-future-death-reports/terence-bradfield/,2019-03-11,Failure to administer prescribed steroid medication to the deceased.,Failure to administer prescribed steroid medication to a deceased patient.,Medication administration error,0.9569286704063416,3
132,iss_0009904,https://www.judiciary.uk/prevention-of-future-death-reports/karen-redding-prevention-of-future-deaths-report/,2021-11-18,Care staff failed to check the contents of the box before handing medication to the deceased.,Failure to verify medication contents before administration to a deceased person.,Medication administration error,0.9546710252761841,4
132,iss_0021622,https://www.judiciary.uk/prevention-of-future-death-reports/beatrice-gatt/,2014-09-18,The deceased was not administered anti-psychotic clozapine medication.,Failure to administer prescribed anti-psychotic medication to a deceased patient.,Medication administration error,0.9463661909103394,5
133,iss_0015443,https://www.judiciary.uk/prevention-of-future-death-reports/andrew-hanahoe/,2018-06-19,The existing post and wire fencing is insufficient to prevent trespass.,Inadequate fencing fails to prevent unauthorised access.,Perimeter security failure,0.9731454849243164,1
133,iss_0004198,https://www.judiciary.uk/prevention-of-future-death-reports/frederick-dunbavin-prevention-of-future-deaths-report/,2024-07-23,A gap in the fence allows unauthorised access from the car park to the wooded area.,A gap in the perimeter fencing allows unauthorised access.,Security breach,0.9700065851211548,2
133,iss_0020110,https://www.judiciary.uk/prevention-of-future-death-reports/ashley-matthews/,2015-07-23,Perimeter fencing was inadequately secured with cable ties.,Perimeter fencing is insufficiently secured.,Physical security breach,0.9656898975372314,3
133,iss_0020109,https://www.judiciary.uk/prevention-of-future-death-reports/ashley-matthews/,2015-07-23,The site perimeter fencing was insecure.,Site perimeter fencing is insecure.,Physical security breach,0.9478572607040405,4
133,iss_0020388,https://www.judiciary.uk/prevention-of-future-death-reports/matthew-hoare/,2015-05-27,Widely spaced yellow tape failed to prevent unauthorised access to the station and tracks.,Inadequate physical barriers failed to prevent unauthorised access to restricted areas.,Security breach,0.9176615476608276,5
134,iss_0008608,https://www.judiciary.uk/prevention-of-future-death-reports/helen-burnell-prevention-of-future-deaths-report/,2022-08-12,Staff failed to adequately recognise the risk of choking.,Failure to adequately recognise choking risks.,Risk assessment failure,0.9835865497589111,1
134,iss_0006933,https://www.judiciary.uk/prevention-of-future-death-reports/steven-duquemin-prevention-of-future-deaths-report/,2023-07-21,Management failed to accurately assess and recognise choking risks.,Failure to accurately assess and recognise choking risks.,Risk assessment failure,0.9748176336288452,2
134,iss_0012103,https://www.judiciary.uk/prevention-of-future-death-reports/mary-brady/,2020-04-24,No choking risk assessment was conducted following incidents of the resident ingesting non-food items.,Failure to conduct choking risk assessments following ingestion of non-food items.,Risk assessment failure,0.9476035833358765,3
134,iss_0004326,https://www.judiciary.uk/prevention-of-future-death-reports/richard-fitzgerald-prevention-of-future-deaths-report/,2024-07-10,The risk of the resident accessing unsafe food was not incorporated into the choking risk assessment or management plan.,Failure to include food safety risks in choking risk assessments.,Risk assessment failure,0.9370009899139404,4
134,iss_0004572,https://www.judiciary.uk/prevention-of-future-death-reports/alan-lee-prevention-of-future-deaths-report/,2024-06-07,Staff failed to recognise that the deceased was choking.,Failure to recognise a choking incident.,Failure to monitor,0.9283566474914551,5
135,iss_0015765,https://www.judiciary.uk/prevention-of-future-death-reports/john-wherlock/,2018-03-28,Inadequate staffing levels left high-risk patients unsupervised.,Insufficient staffing levels resulting in inadequate patient supervision.,Staffing inadequacy,0.9776021242141724,1
135,iss_0020742,https://www.judiciary.uk/prevention-of-future-death-reports/elsie-hayward/,2015-03-19,Inadequate patient oversight occurred due to overstretched clinical teams.,Insufficient patient supervision caused by inadequate clinical staffing levels.,Staffing inadequacy,0.967775821685791,2
135,iss_0016072,https://www.judiciary.uk/prevention-of-future-death-reports/john-omeara/,2018-01-10,Insufficient staffing levels led to inadequate medical supervision and failure to complete vital signs checks.,Inadequate staffing levels resulting in insufficient clinical supervision and monitoring.,Staffing and supervision,0.9643586277961731,3
135,iss_0004998,https://www.judiciary.uk/prevention-of-future-death-reports/margaret-burman-prevention-of-future-deaths-report/,2024-04-17,A lack of replacement staff for overnight shifts left ward bays unmonitored.,Insufficient staffing levels for overnight monitoring of patient areas.,Staffing shortages,0.9505702257156372,4
135,iss_0011145,https://www.judiciary.uk/prevention-of-future-death-reports/paula-speirs/,2021-03-04,No specific staff member was tasked with monitoring the patient.,Lack of assigned staff for patient monitoring.,Staffing inadequacy,0.9422401785850525,5
136,iss_0009415,https://www.judiciary.uk/prevention-of-future-death-reports/arthur-hall-prevention-of-future-deaths-report/,2022-03-07,Clinical signs of sepsis were missed.,Failure to recognise clinical signs of sepsis.,Diagnostic error,0.9846444129943848,1
136,iss_0005271,https://www.judiciary.uk/prevention-of-future-death-reports/isaac-onyeka-prevention-of-future-deaths-report/,2024-03-11,The GP registrar failed to recognise the clinical significance of sepsis red and amber flags.,Failure to recognise clinical indicators of sepsis.,Clinical misdiagnosis,0.9723013639450073,2
136,iss_0015252,https://www.judiciary.uk/prevention-of-future-death-reports/natalie-billingham/,2018-07-27,There were missed opportunities to recognise the development of sepsis.,Failure to recognise the development of sepsis.,Diagnostic failure,0.9660787582397461,3
136,iss_0015329,https://www.judiciary.uk/prevention-of-future-death-reports/rita-giles/,2018-07-11,Clinical staff failed to recognise the urgency of treatment for a septic patient.,Failure to recognise the clinical urgency of treatment for a septic patient.,Clinical assessment failure,0.9339883327484131,4
136,iss_0013228,https://www.judiciary.uk/prevention-of-future-death-reports/caspian-thorn/,2019-09-19,Early signs of sepsis were not identified by the consultant neonatologist.,Failure to identify early signs of sepsis in a neonate.,Diagnostic failure,0.9326238632202148,5
137,iss_0005505,https://www.judiciary.uk/prevention-of-future-death-reports/dayle-bates-prevention-of-future-deaths-report/,2024-02-08,There is no direct means for pharmacies to report to Recovery Steps when a service user stops collecting methadone.,Lack of a direct reporting mechanism for medication non-collection.,Reporting process failure,0.9764623641967773,1
137,iss_0016350,https://www.judiciary.uk/prevention-of-future-death-reports/paul-mullen/,2017-11-17,The 'red flag system' for reporting non-collection of medication relies on an inefficient intermediary reporting process.,Inefficient intermediary reporting process for medication non-collection alerts.,Process inefficiency,0.9483706951141357,2
137,iss_0016349,https://www.judiciary.uk/prevention-of-future-death-reports/paul-mullen/,2017-11-17,The pharmacy reporting system for non-collection of medication fails to notify key workers directly.,Pharmacy reporting system fails to notify key workers of medication non-collection.,Notification failure,0.9435847997665405,3
137,iss_0016353,https://www.judiciary.uk/prevention-of-future-death-reports/paul-mullen/,2017-11-17,The reporting procedure for non-collection of medication lacks sufficient training for pharmacy and healthcare professionals.,Inadequate training for reporting medication non-collection procedures.,Training deficiency,0.9430549144744873,4
137,iss_0016351,https://www.judiciary.uk/prevention-of-future-death-reports/paul-mullen/,2017-11-17,The three-day threshold for reporting non-collection of medication is insufficient for highly compliant patients.,The reporting threshold for medication non-collection is insufficient.,Reporting threshold inadequacy,0.938391923904419,5
138,iss_0006488,https://www.judiciary.uk/prevention-of-future-death-reports/kellie-poole-prevention-of-future-deaths-report/,2023-10-04,There is a lack of specific health and safety guidance for cold water immersion providers.,Insufficient health and safety guidance for cold water immersion providers.,Inadequate safety guidance,0.9814778566360474,1
138,iss_0006489,https://www.judiciary.uk/prevention-of-future-death-reports/kellie-poole-prevention-of-future-deaths-report/,2023-10-04,The training and quality of session leaders for cold water immersion are not regulated or quality assured.,Lack of regulation and quality assurance for cold water immersion session leaders.,Lack of oversight,0.9694066047668457,2
138,iss_0006490,https://www.judiciary.uk/prevention-of-future-death-reports/kellie-poole-prevention-of-future-deaths-report/,2023-10-04,There is no established system for voluntary self-regulation among cold water immersion providers.,Lack of established voluntary self-regulation for cold water immersion providers.,Regulatory oversight,0.96733158826828,3
138,iss_0006491,https://www.judiciary.uk/prevention-of-future-death-reports/kellie-poole-prevention-of-future-deaths-report/,2023-10-04,Local authority environmental health departments lack clarity regarding the monitoring of cold water immersion providers.,Lack of clarity regarding monitoring of cold water immersion providers.,Regulatory oversight ambiguity,0.9645290970802307,4
138,iss_0006492,https://www.judiciary.uk/prevention-of-future-death-reports/kellie-poole-prevention-of-future-deaths-report/,2023-10-04,There is a lack of standardised pre-session health advice and risk assessments for cold water immersion activities.,Lack of standardised health advice and risk assessments for cold water immersion.,Safety procedure deficiency,0.952324628829956,5
139,iss_0007111,https://www.judiciary.uk/prevention-of-future-death-reports/liam-bentley-prevention-of-future-deaths-report/,2023-07-03,Prisoner safety was compromised due to significant staff shortages.,Inadequate staffing levels compromise prisoner safety.,Staffing shortages,0.9841362237930298,1
139,iss_0018217,https://www.judiciary.uk/prevention-of-future-death-reports/liam-lambert/,2016-09-20,Resourcing levels affected the ability of officers to maintain prisoner safety.,Insufficient staffing levels compromised prisoner safety.,Resource inadequacy,0.9831475615501404,2
139,iss_0008225,https://www.judiciary.uk/prevention-of-future-death-reports/michael-smith-prevention-of-future-deaths-report/,2022-11-10,Insufficient staffing levels on the SACU compromised prisoner safety.,Inadequate staffing levels compromised prisoner safety.,Staffing shortages,0.9773025512695312,3
139,iss_0018164,https://www.judiciary.uk/prevention-of-future-death-reports/calam-atour/,2016-10-12,Understaffing creates an unsafe system of work for prison officers.,Insufficient staffing levels create unsafe working conditions for prison officers.,Workplace safety,0.9424945712089539,4
139,iss_0021766,https://www.judiciary.uk/prevention-of-future-death-reports/sean-brock/,2014-08-08,The reduction in prison officer numbers at HMP Woodhill may compromise prisoner safety.,Reduced prison officer staffing levels may compromise prisoner safety.,Staffing shortages,0.9404224753379822,5
140,iss_0009894,https://www.judiciary.uk/prevention-of-future-death-reports/robert-ellery-prevention-of-future-deaths-report/,2021-11-19,The prison control room failed to provide specific information to the ambulance service.,Failure to provide specific information to emergency services.,Information sharing failure,0.9678932428359985,1
140,iss_0019320,https://www.judiciary.uk/prevention-of-future-death-reports/ronald-volante/,2016-01-28,Call handlers failed to use available medical history to advise the ambulance service of the deceased's cardiac problems.,Failure to communicate relevant medical history to emergency services.,Information handover failure,0.9598042964935303,2
140,iss_0013652,https://www.judiciary.uk/prevention-of-future-death-reports/james-francis/,2019-06-19,Care home staff were unable to provide essential medical history and medication details to paramedics upon their arrival.,Failure to provide essential medical and medication information to emergency services.,Information handover failure,0.9579178094863892,3
140,iss_0019896,https://www.judiciary.uk/prevention-of-future-death-reports/adil-habib/,2015-09-16,The caller failed to provide the specific prison gate location to the ambulance service immediately.,Failure to provide precise location details to emergency services.,Information omission,0.9380255937576294,4
140,iss_0007460,https://www.judiciary.uk/prevention-of-future-death-reports/winbourne-charles-prevention-of-future-deaths-report/,2023-04-28,Failure to provide clear and relevant clinical history to paramedics during the emergency.,Failure to provide relevant clinical history to emergency medical services.,Information handover failure,0.9305495023727417,5
141,iss_0018309,https://www.judiciary.uk/prevention-of-future-death-reports/catherine-dinnen/,2016-09-02,The level of medical staffing out of hours was inadequate.,Inadequate medical staffing levels during out-of-hours periods.,Staffing shortages,0.9741166830062866,1
141,iss_0020864,https://www.judiciary.uk/prevention-of-future-death-reports/peter-wright/,2015-03-02,There is a lack of out-of-hours medical cover at the hospital.,Insufficient medical coverage during out-of-hours periods.,Service availability,0.9705743789672852,2
141,iss_0008660,https://www.judiciary.uk/prevention-of-future-death-reports/ernest-bacon-prevention-of-future-deaths-report/,2022-08-06,Limited doctor availability during weekend and out-of-hours periods hindered clinical reviews.,Insufficient clinician availability during out-of-hours periods.,Staffing shortages,0.9503990411758423,3
141,iss_0018310,https://www.judiciary.uk/prevention-of-future-death-reports/catherine-dinnen/,2016-09-02,The medical staffing structure for weekend and out-of-hours cover was insufficient.,Inadequate medical staffing for weekend and out-of-hours cover.,Staffing levels,0.9457970857620239,4
141,iss_0020682,https://www.judiciary.uk/prevention-of-future-death-reports/keith-murphy/,2015-03-25,Healthcare provision is insufficient outside of standard operating hours.,Inadequate healthcare provision outside of standard operating hours.,Service availability,0.9320236444473267,5
142,iss_0023445,https://www.judiciary.uk/prevention-of-future-death-reports/gordon-2013-0237/,2013-09-24,The patient was not referred to specialist critical care despite clinical deterioration.,Failure to refer patient to specialist critical care following clinical deterioration.,Clinical escalation failure,0.9803427457809448,1
142,iss_0021723,https://www.judiciary.uk/prevention-of-future-death-reports/martin-hill-2/,2014-08-22,The patient was not referred to the Critical Care Outreach Team despite rising NEWS scores.,Failure to refer patient to critical care outreach team despite deteriorating clinical scores.,Clinical escalation failure,0.9594497680664062,2
142,iss_0022941,https://www.judiciary.uk/prevention-of-future-death-reports/gregg-oreilly/,2014-01-19,"The medical, ward nursing and critical care nursing outreach teams failed to refer the patient to critical care in a timely manner.",Failure to refer a patient to critical care in a timely manner.,Delayed clinical referral,0.9513578414916992,3
142,iss_0010467,https://www.judiciary.uk/prevention-of-future-death-reports/abiodun-oritogun-prevention-of-future-deaths-report/,2021-07-13,Clinical deterioration was not escalated for formal ITU referral despite a rising MEWS score and peri-arrest.,Failure to escalate clinical deterioration for intensive care referral.,Clinical escalation failure,0.9428980350494385,4
142,iss_0009822,https://www.judiciary.uk/prevention-of-future-death-reports/terence-talbot-prevention-of-future-deaths-report/,2021-12-03,Specialist dermatology referrals were not considered despite deteriorating severe exfoliative dermatitis.,Failure to refer a patient to a specialist despite clinical deterioration.,Failure to refer,0.9400626420974731,5
143,iss_0012645,https://www.judiciary.uk/prevention-of-future-death-reports/arnold-ward/,2019-12-16,The nursing home failed to follow up on an unanswered referral to the Tissue Viability Nursing Team.,Failure to follow up on an unanswered specialist clinical referral.,Clinical oversight,0.9680215716362,1
143,iss_0013388,https://www.judiciary.uk/prevention-of-future-death-reports/carol-jennings/,2019-08-02,The ward failed to follow up on outstanding specialist referrals.,Failure to follow up on outstanding specialist referrals.,Clinical follow-up failure,0.9667257070541382,2
143,iss_0015979,https://www.judiciary.uk/prevention-of-future-death-reports/michael-vukovic/,2018-01-29,The Home Treatment Team failed to see the patient following his referral.,Failure to provide required clinical follow-up after referral.,Failure of care,0.9587977528572083,3
143,iss_0012737,https://www.judiciary.uk/prevention-of-future-death-reports/callie-lewis/,2019-12-03,The Mental Health Team failed to follow up on a referral after being unable to contact the patient.,Failure to follow up on a referral after unsuccessful patient contact.,Clinical follow-up failure,0.9440455436706543,4
143,iss_0010009,https://www.judiciary.uk/prevention-of-future-death-reports/serena-roberts-prevention-of-future-deaths-report/,2021-10-22,GP practice staff failed to monitor or follow up on the status of the specialist referral.,Failure to monitor or follow up on specialist referral status.,Clinical monitoring failure,0.9436808824539185,5
144,iss_0013161,https://www.judiciary.uk/prevention-of-future-death-reports/ben-haddon-cave/,2019-09-25,The initial internal investigation by Network Rail was inadequate.,The internal investigation was inadequate.,Inadequate investigation,0.9911555051803589,1
144,iss_0013178,https://www.judiciary.uk/prevention-of-future-death-reports/patrick-bolster/,2019-09-25,The initial internal investigation by Network Rail was inadequate.,The internal investigation was inadequate.,Inadequate investigation,0.9911555051803589,2
144,iss_0018356,https://www.judiciary.uk/prevention-of-future-death-reports/george-watson/,2016-08-19,The Trust's internal investigation into the incident was unsatisfactory.,The internal investigation into the incident was inadequate.,Inadequate investigation,0.976398229598999,3
144,iss_0021838,https://www.judiciary.uk/prevention-of-future-death-reports/gary-million/,2014-07-29,The internal investigation by the North East Ambulance Trust lacked sufficient depth and incisiveness.,Internal investigation lacked sufficient depth and thoroughness.,Inadequate investigation,0.9616934657096863,4
144,iss_0010088,https://www.judiciary.uk/prevention-of-future-death-reports/paul-barton-prevention-of-future-deaths-report/,2021-10-14,"The Trust's internal investigation was inadequate, containing inaccurate statements and failing to identify themes of concern.",Internal investigation was inadequate and contained inaccurate information.,Inadequate investigation,0.937997043132782,5
145,iss_0023272,https://www.judiciary.uk/prevention-of-future-death-reports/ethel-cross/,2013-11-05,High-risk patients may lack access to available fall alarms when all ward devices are in use.,Insufficient availability of fall alarms for high-risk patients.,Equipment shortage,0.966240406036377,1
145,iss_0016859,https://www.judiciary.uk/prevention-of-future-death-reports/kenneth-swift/,2017-07-26,A lack of available falls sensors prevented timely monitoring of high-risk patients.,Insufficient availability of fall sensors for monitoring high-risk patients.,Equipment shortage,0.9566155672073364,2
145,iss_0010939,https://www.judiciary.uk/prevention-of-future-death-reports/derek-russell/,2021-04-23,The lack of falls alarm equipment increases the risk of patients sustaining serious injuries from falls.,Insufficient fall alarm equipment increases risk of patient injury.,Patient safety risk,0.9447706341743469,3
145,iss_0016861,https://www.judiciary.uk/prevention-of-future-death-reports/kenneth-swift/,2017-07-26,A significant backlog of patients requiring falls sensors created an unsafe clinical environment.,Insufficient availability of falls sensors creates clinical safety risks.,Equipment shortage,0.9432427883148193,4
145,iss_0010938,https://www.judiciary.uk/prevention-of-future-death-reports/derek-russell/,2021-04-23,There is a chronic shortage of falls alarm equipment within the Medway Maritime Hospital.,Insufficient availability of falls alarm equipment within the hospital.,Equipment shortage,0.9420794248580933,5
146,iss_0011295,https://www.judiciary.uk/prevention-of-future-death-reports/joseph-oneill/,2021-02-05,The resident's clinical deterioration was not recognised by care staff.,Failure to recognise clinical deterioration in a resident.,Clinical monitoring failure,0.980567216873169,1
146,iss_0016376,https://www.judiciary.uk/prevention-of-future-death-reports/steven-jones/,2017-11-14,Registered managers failed to recognise the seriousness of a resident's clinical deterioration.,Failure to recognise clinical deterioration in a resident.,Clinical monitoring failure,0.980567216873169,2
146,iss_0016084,https://www.judiciary.uk/prevention-of-future-death-reports/john-edwards/,2018-01-10,Staff failed to recognise and seek help for the resident's deteriorating condition.,Failure to recognise and respond to a resident's deteriorating health condition.,Clinical monitoring failure,0.9637949466705322,3
146,iss_0022998,https://www.judiciary.uk/prevention-of-future-death-reports/mary-waldron/,2014-01-10,Nursing home staff failed to recognise an acutely unwell resident.,Failure to recognise an acutely unwell resident.,Clinical deterioration monitoring,0.9461565613746643,4
146,iss_0012635,https://www.judiciary.uk/prevention-of-future-death-reports/barry-liffen/,2019-12-17,Staff failed to seek medical advice when a resident's health deteriorated.,Failure to seek medical advice following deterioration in resident health.,Failure to escalate,0.9322333335876465,5
147,iss_0012014,https://www.judiciary.uk/prevention-of-future-death-reports/bartosz-kusiak/,2020-07-10,The A690 dual carriageway is unlit at the location of the collision.,Lack of street lighting at the site of a collision.,Inadequate infrastructure lighting,0.9887702465057373,1
147,iss_0012731,https://www.judiciary.uk/prevention-of-future-death-reports/david-moore/,2019-12-03,The A693 lacks adequate street lighting at the site of the collision.,Inadequate street lighting at the site of a road collision.,Infrastructure safety,0.9837019443511963,2
147,iss_0015199,https://www.judiciary.uk/prevention-of-future-death-reports/aditya-puri/,2018-08-09,The A50 lacks street lighting in the area of the collision.,Lack of street lighting at the site of the collision.,Inadequate infrastructure,0.9758113026618958,3
147,iss_0014199,https://www.judiciary.uk/prevention-of-future-death-reports/hoshi-naylor/,2019-02-27,Street lighting at the collision site provides inadequate illumination of the grass verges.,Inadequate street lighting of grass verges at the collision site.,Inadequate lighting,0.9601008892059326,4
147,iss_0022250,https://www.judiciary.uk/prevention-of-future-death-reports/stephen-owens/,2014-05-19,Street lamp number 19 was unilluminated at the time of the collision.,Street lighting failure at the time of a collision.,Infrastructure failure,0.9453653693199158,5
148,iss_0021320,https://www.judiciary.uk/prevention-of-future-death-reports/elsie-mallalieu/,2014-11-17,The patient was placed on an inappropriate ward.,Patient placed in an inappropriate ward.,Inappropriate placement,0.9800692796707153,1
148,iss_0017161,https://www.judiciary.uk/prevention-of-future-death-reports/william-wilkes/,2017-05-17,The deceased was placed in a ward that was inappropriate to meet his needs.,A patient was placed in an inappropriate ward for their needs.,Inappropriate placement,0.9717165231704712,2
148,iss_0023459,https://www.judiciary.uk/prevention-of-future-death-reports/sally-king/,2013-09-23,The patient was not treated in the appropriate ward or department.,Patient treated in an inappropriate ward or department.,Inappropriate care location,0.9636693000793457,3
148,iss_0022164,https://www.judiciary.uk/prevention-of-future-death-reports/thomas-maher/,2014-06-05,Patients were placed on clinically inappropriate wards.,Patients were assigned to clinically inappropriate wards.,Inappropriate patient placement,0.9505741000175476,4
148,iss_0012086,https://www.judiciary.uk/prevention-of-future-death-reports/barry-preston/,2020-05-04,The patient was placed on wards unsuitable for his clinical needs.,Patient placement in an inappropriate clinical ward.,Inappropriate clinical placement,0.9501596093177795,5
149,iss_0023461,https://www.judiciary.uk/prevention-of-future-death-reports/jones-2013-0234/,2013-09-20,Staff failed to escalate care when required.,Failure to escalate clinical care when required.,Clinical escalation failure,0.9913988709449768,1
149,iss_0015222,https://www.judiciary.uk/prevention-of-future-death-reports/nigel-handscomb/,2018-08-01,Opportunities to escalate clinical care were missed.,Failure to escalate clinical care requirements.,Clinical escalation failure,0.9839907884597778,2
149,iss_0022418,https://www.judiciary.uk/prevention-of-future-death-reports/sari-keen/,2014-04-16,Clinical staff failed to escalate care to an appropriate level.,Failure to escalate clinical care to the appropriate level.,Clinical escalation failure,0.9804742336273193,3
149,iss_0015803,https://www.judiciary.uk/prevention-of-future-death-reports/peter-odonnell/,2018-03-20,Opportunities to escalate patient care were missed.,Failure to escalate patient care requirements.,Clinical escalation failure,0.9759334325790405,4
149,iss_0013152,https://www.judiciary.uk/prevention-of-future-death-reports/john-shrosbree/,2019-09-26,Care was not escalated to a higher level.,Failure to escalate care to a higher level of clinical intensity.,Clinical escalation failure,0.963117241859436,5
150,iss_0014981,https://www.judiciary.uk/prevention-of-future-death-reports/stephen-jackson/,2018-10-04,Under-funding of mental health services poses a risk of future deaths.,Insufficient funding of mental health services increases mortality risk.,Resource underfunding,0.9728214740753174,1
150,iss_0015006,https://www.judiciary.uk/prevention-of-future-death-reports/simon-graham/,2018-10-03,Under-funding of mental health services increases the risk of future deaths.,Insufficient funding of mental health services increases mortality risk.,Resource underfunding,0.9728214740753174,2
150,iss_0014966,https://www.judiciary.uk/prevention-of-future-death-reports/bradley-morgan/,2018-10-04,Chronic underfunding of mental health services is creating a risk to life.,Insufficient funding of mental health services poses a risk to life.,Resource inadequacy,0.9725632667541504,3
150,iss_0014972,https://www.judiciary.uk/prevention-of-future-death-reports/michael-wheeler/,2018-10-04,Underfunding of mental health services may be contributing to patient deaths.,Insufficient funding of mental health services may lead to patient fatalities.,Resource underfunding,0.9636889696121216,4
150,iss_0014987,https://www.judiciary.uk/prevention-of-future-death-reports/william-edge/,2018-10-04,Underfunding of mental health services creates a significant risk to patient safety.,Insufficient funding of mental health services threatens patient safety.,Resource inadequacy,0.938000500202179,5
151,iss_0021010,https://www.judiciary.uk/prevention-of-future-death-reports/kimberley-lindfield/,2015-02-02,Staff failed to formally record the patient's expressed intentions of self-harm to staff members.,Failure to formally record patient intentions of self-harm.,Documentation failure,0.9644441604614258,1
151,iss_0020852,https://www.judiciary.uk/prevention-of-future-death-reports/kimberley-parsons/,2015-03-04,The discussion regarding assisted self-harming was not recorded in the patient's medical records.,Failure to record discussions regarding assisted self-harm in medical records.,Incomplete medical documentation,0.9578923583030701,2
151,iss_0018642,https://www.judiciary.uk/prevention-of-future-death-reports/andrew-peebles/,2016-06-13,Registered Mental Nurses failed to record specific comments regarding self-harm or suicide in medical records.,Failure to record self-harm or suicide comments in medical records.,Clinical documentation failure,0.9462627172470093,3
151,iss_0020851,https://www.judiciary.uk/prevention-of-future-death-reports/kimberley-parsons/,2015-03-04,A discussion regarding assisted self-harming was not communicated to the consultant psychiatrist.,Failure to communicate discussions regarding assisted self-harm to the consultant psychiatrist.,Communication failure,0.9355310201644897,4
151,iss_0020507,https://www.judiciary.uk/prevention-of-future-death-reports/finnulla-martin/,2015-04-29,The police call handler failed to record critical information regarding the patient's expressed intent to jump.,Failure to record critical information regarding a patient's expressed intent to self-harm.,Information recording failure,0.9270128607749939,5
152,iss_0018907,https://www.judiciary.uk/prevention-of-future-death-reports/corey-price/,2016-04-19,The A470 lacks an advanced warning sign for the approaching left-hand bend.,Inadequate warning signage for a left-hand bend on the A470.,Road safety infrastructure,0.995407223701477,1
152,iss_0018909,https://www.judiciary.uk/prevention-of-future-death-reports/rhodri-miller-binding/,2016-04-19,The A470 lacks an advanced warning sign for the approaching left-hand bend.,Inadequate warning signage for a left-hand bend on the A470.,Road safety infrastructure,0.995407223701477,2
152,iss_0018915,https://www.judiciary.uk/prevention-of-future-death-reports/margaret-challis/,2016-04-19,The A470 lacks an advanced warning sign for the approaching left-hand bend.,Inadequate warning signage for a left-hand bend on the A470.,Road safety infrastructure,0.995407223701477,3
152,iss_0018913,https://www.judiciary.uk/prevention-of-future-death-reports/alesha-oconnor/,2016-04-19,The A470 lacks advanced warning signage for a challenging left-hand bend.,Inadequate warning signage for a hazardous bend on the A470.,Road infrastructure safety,0.9865652322769165,4
152,iss_0018908,https://www.judiciary.uk/prevention-of-future-death-reports/corey-price/,2016-04-19,The road layout at the A470 Storey Arms lacks sufficient signage to warn motorists of the challenging bend.,Inadequate signage for a hazardous bend on the A470 Storey Arms.,Road safety infrastructure,0.9622142314910889,5
153,iss_0004557,https://www.judiciary.uk/prevention-of-future-death-reports/juan-martin-prevention-of-future-deaths-report/,2024-06-11,The lack of available mental health beds poses a risk of future deaths.,Insufficient mental health bed capacity increases risk of mortality.,Healthcare resource shortage,0.9881418943405151,1
153,iss_0005296,https://www.judiciary.uk/prevention-of-future-death-reports/nicola-rayner-prevention-of-future-deaths-report/,2024-03-07,The lack of available mental health beds presents a continuing local and national risk of future deaths.,Insufficient availability of mental health beds increases risk of mortality.,Healthcare resource shortage,0.983155369758606,2
153,iss_0005295,https://www.judiciary.uk/prevention-of-future-death-reports/nicola-rayner-prevention-of-future-deaths-report/,2024-03-07,Measures taken to address the risk of deaths due to lack of mental health beds have been inadequate.,Inadequate measures to mitigate mortality risks from insufficient mental health bed capacity.,Healthcare resource inadequacy,0.9678415060043335,3
153,iss_0000001,https://www.judiciary.uk/prevention-of-future-death-reports/tania-jarman-prevention-of-future-deaths-report/,2026-03-12,The shortage of mental health beds poses an ongoing risk to life.,Insufficient mental health bed capacity poses a risk to life.,Healthcare resource shortage,0.9549380540847778,4
154,iss_0020298,https://www.judiciary.uk/prevention-of-future-death-reports/anthony-geerts/,2015-06-24,"Clinical documentation, including nursing notes and fluid charts, was incomplete or absent.",Clinical documentation is incomplete or missing.,Documentation deficiency,0.9838142991065979,1
154,iss_0000107,https://www.judiciary.uk/prevention-of-future-death-reports/raymond-moran-prevention-of-future-deaths-report/,2026-02-25,Clinical documentation was incomplete.,Clinical documentation is incomplete.,Documentation deficiency,0.9818591475486755,2
154,iss_0008524,https://www.judiciary.uk/prevention-of-future-death-reports/demet-akcicek-prevention-of-future-deaths-report/,2022-09-07,The clinical notes recorded by the duty worker were insufficient and unclear.,Clinical documentation is insufficient and unclear.,Inadequate documentation,0.9744095802307129,3
154,iss_0018496,https://www.judiciary.uk/prevention-of-future-death-reports/stephen-bird/,2016-07-22,"Patient records, consultation documentation, and discharge records were incomplete, inconsistent, or conflicting.","Clinical documentation is incomplete, inconsistent, or conflicting.",Documentation inaccuracy,0.9724595546722412,4
155,iss_0013998,https://www.judiciary.uk/prevention-of-future-death-reports/yong-hong/,2019-04-05,Care home staff had not received training in conducting risk assessments.,Staff have not received training in conducting risk assessments.,Inadequate staff training,0.9788967370986938,1
155,iss_0000126,https://www.judiciary.uk/prevention-of-future-death-reports/rajwinder-singh-prevention-of-future-deaths-report/,2026-02-19,Staff lacked formal training in risk assessment.,Staff lack formal training in risk assessment.,Training deficiency,0.9772396087646484,2
155,iss_0018976,https://www.judiciary.uk/prevention-of-future-death-reports/arthur-mason/,2016-04-01,Staff members had not undergone training in risk assessment.,Staff have not completed required risk assessment training.,Training deficiency,0.9689640402793884,3
155,iss_0020136,https://www.judiciary.uk/prevention-of-future-death-reports/edward-maher/,2015-07-20,Staff conducting the exercise were not trained in the preparation of formal risk assessments.,Staff lacked training in preparing formal risk assessments.,Inadequate training,0.9559417366981506,4
156,iss_0000230,https://www.judiciary.uk/prevention-of-future-death-reports/helen-patching-rachael-patching-and-corey-longdon-prevention-of-future-deaths-report/,2026-02-09,Current signage does not adequately address the risk of accidental falls.,Inadequate signage regarding fall risks.,Safety signage deficiency,0.9734972715377808,1
156,iss_0020993,https://www.judiciary.uk/prevention-of-future-death-reports/john-darling/,2015-02-03,Painted warning signs are insufficient to prevent falls by vulnerable persons.,Inadequate warning signage for preventing falls of vulnerable persons.,Safety signage inadequacy,0.9579449892044067,2
156,iss_0012882,https://www.judiciary.uk/prevention-of-future-death-reports/evha-jannath/,2019-11-13,Warning signage failed to communicate the specific risks of falling out.,Warning signage failed to communicate specific fall risks.,Inadequate safety signage,0.954737663269043,3
156,iss_0013443,https://www.judiciary.uk/prevention-of-future-death-reports/stanislawa-kmiecik/,2019-07-25,There is no signage highlighting the risk of falling from the mezzanine floor.,Lack of signage warning of falling risks from the mezzanine floor.,Safety signage deficiency,0.9424184560775757,4
157,iss_0009316,https://www.judiciary.uk/prevention-of-future-death-reports/robert-murray-prevention-of-future-deaths-report/,2022-03-23,There is a lack of adequate training and clarification regarding the application of DNACPR orders.,Insufficient training and clarification regarding the application of DNACPR orders.,Training and guidance,0.9660159349441528,1
157,iss_0009315,https://www.judiciary.uk/prevention-of-future-death-reports/robert-murray-prevention-of-future-deaths-report/,2022-03-23,Staff failed to understand the specific circumstances under which a DNACPR order should not be applied.,Staff lack understanding of criteria for withholding DNACPR orders.,Clinical competency,0.9658951759338379,2
157,iss_0022369,https://www.judiciary.uk/prevention-of-future-death-reports/beryl-french/,2014-04-30,Nursing staff lacked understanding regarding the requirements for valid DNACPR forms.,Inadequate staff understanding of DNACPR documentation requirements.,Training and compliance,0.9555853605270386,3
157,iss_0000241,https://www.judiciary.uk/prevention-of-future-death-reports/bonita-cleary-prevention-of-future-deaths-report/,2026-02-07,There is a lack of awareness among care and nursing staff regarding when CPR should be attempted despite a DNACPR order.,Staff lack awareness of CPR protocols following a DNACPR order.,Clinical training deficit,0.9543761014938354,4
158,iss_0022135,https://www.judiciary.uk/prevention-of-future-death-reports/daniel-mccallum-keane/,2014-06-09,The GP failed to act on urgent clinical warnings regarding the patient's risk.,Failure to act on urgent clinical warnings regarding patient risk.,Clinical negligence,0.974664568901062,1
158,iss_0000431,https://www.judiciary.uk/prevention-of-future-death-reports/stephen-taylor-prevention-of-future-deaths-report/,2026-01-14,Information provided by the family regarding heightened risk did not result in urgent face-to-face clinical assessment.,Failure to conduct urgent clinical assessment despite reported increased risk.,Clinical assessment failure,0.9530112743377686,2
158,iss_0014695,https://www.judiciary.uk/prevention-of-future-death-reports/john-kirby/,2018-12-06,The Trust failed to act upon information regarding the patient's A&E admission and suicidal ideation.,Failure to act upon information regarding patient risk and admission.,Failure to act,0.9520555138587952,3
158,iss_0020102,https://www.judiciary.uk/prevention-of-future-death-reports/doreen-england/,2015-07-23,Identified clinical risks were not being actioned by staff.,Failure to action identified clinical risks.,Clinical risk management,0.9519733190536499,4
159,iss_0014553,https://www.judiciary.uk/prevention-of-future-death-reports/joan-wright/,2018-12-28,Inadequate management and documentation of medication within the residential home.,Inadequate management and documentation of medication.,Medication management,0.9756847023963928,1
159,iss_0018843,https://www.judiciary.uk/prevention-of-future-death-reports/jack-molyneux/,2016-04-29,Medication administration was inconsistent and poorly managed.,Inconsistent and poorly managed medication administration.,Medication management error,0.9658172130584717,2
159,iss_0000565,https://www.judiciary.uk/prevention-of-future-death-reports/valerie-gibson-prevention-of-future-deaths-report/,2025-12-17,Staff lacked a clear and consistent process for dispensing and administering medication.,Inconsistent processes for medication dispensing and administration.,Medication management,0.9516507387161255,3
159,iss_0006354,https://www.judiciary.uk/prevention-of-future-death-reports/jacqueline-carrey-prevention-of-future-deaths-report/,2023-10-26,Hospital processes for managing controlled medication and patient records were inadequate.,Inadequate management of controlled medication and patient records.,Operational mismanagement,0.9475384950637817,4
160,iss_0020772,https://www.judiciary.uk/prevention-of-future-death-reports/philip-robinson/,2015-03-13,An ECG is not reliably performed when clinically indicated.,Failure to perform ECG when clinically indicated.,Diagnostic omission,0.9714933037757874,1
160,iss_0022674,https://www.judiciary.uk/prevention-of-future-death-reports/natasha-raghoo/,2014-03-06,Routine electrocardiograms were not performed despite the patient's clinical risk factors.,Failure to perform required electrocardiograms for patients with clinical risk factors.,Diagnostic omission,0.9629988074302673,2
160,iss_0002844,https://www.judiciary.uk/prevention-of-future-death-reports/thomas-moffett-prevention-of-future-deaths-report/,2025-01-22,Staff omitted a necessary ECG during clinical assessment.,Failure to perform a required electrocardiogram during clinical assessment.,Clinical omission,0.9583530426025391,3
160,iss_0000730,https://www.judiciary.uk/prevention-of-future-death-reports/connor-nelson-prevention-of-future-death-report/,2025-11-25,Necessary repeat ECGs were not performed when the patient was well.,Failure to perform required repeat ECGs during periods of clinical stability.,Clinical monitoring failure,0.954731822013855,4
161,iss_0006729,https://www.judiciary.uk/prevention-of-future-death-reports/allison-aules-prevention-of-future-deaths-report/,2023-08-30,The multi-disciplinary team failed to ensure a face-to-face assessment occurred.,Failure to conduct a face-to-face assessment.,Assessment failure,0.9829484224319458,1
161,iss_0000869,https://www.judiciary.uk/prevention-of-future-death-reports/gloria-simon-1-prevention-of-future-deaths-report/,2025-10-31,The GP failed to conduct a face-to-face clinical assessment due to a misunderstanding of the care home's status.,Failure to conduct a face-to-face clinical assessment.,Clinical assessment failure,0.9717450141906738,2
161,iss_0007370,https://www.judiciary.uk/prevention-of-future-death-reports/carl-thompson-prevention-of-future-deaths-report/,2023-05-16,The Community Mental Health Team practitioner failed to conduct a required face-to-face assessment.,Failure to conduct a required face-to-face assessment.,Clinical assessment failure,0.9626538157463074,3
161,iss_0004280,https://www.judiciary.uk/prevention-of-future-death-reports/jessica-de-souza-prevention-of-future-deaths-report/,2024-07-16,The community team failed to provide face-to-face assessments for the patient.,Failure to provide face-to-face patient assessments.,Clinical assessment failure,0.9526851177215576,4
162,iss_0022360,https://www.judiciary.uk/prevention-of-future-death-reports/samiyo-farah/,2014-04-30,The Datix notification system failed to alert the responsible Consultant to significant incidents.,Failure of the notification system to alert responsible clinicians of significant incidents.,System notification failure,0.9705552458763123,1
162,iss_0017720,https://www.judiciary.uk/prevention-of-future-death-reports/ronald-compson/,2017-01-24,The 'nerve centre' system may have failed to inform the on-call doctor.,Failure of the notification system to alert the on-call clinician.,Notification failure,0.9611799120903015,2
162,iss_0000938,https://www.judiciary.uk/prevention-of-future-death-reports/rashida-sultana-prevention-of-future-deaths-report/,2025-10-23,Clinical communication failed to notify the on-call doctor that the patient had become unresponsive.,Failure to notify the on-call clinician of a patient becoming unresponsive.,Communication failure,0.9515955448150635,3
162,iss_0016367,https://www.judiciary.uk/prevention-of-future-death-reports/kathleen-smith/,2017-11-14,Borough Care failed to notify the family or the corporate risk function regarding the incident causing the hip fracture.,Failure to notify relevant parties of a serious clinical incident.,Incident reporting failure,0.9428110122680664,4
163,iss_0016121,https://www.judiciary.uk/prevention-of-future-death-reports/ronald-farrington/,2017-12-22,The tissue viability nurse service provided inadequate staffing levels and coverage.,Inadequate staffing levels and coverage within the tissue viability nursing service.,Staffing inadequacy,0.971843957901001,1
163,iss_0017840,https://www.judiciary.uk/prevention-of-future-death-reports/jean-mchale/,2016-12-15,There is an insufficient number of tissue viability nurses in both community and hospital settings.,Insufficient number of tissue viability nurses in community and hospital settings.,Staffing shortages,0.9715858101844788,2
163,iss_0001158,https://www.judiciary.uk/prevention-of-future-death-reports/susan-barrett-prevention-of-future-deaths-report/,2025-09-25,"The absence of embedded, dedicated Tissue Viability Nurses across community hospital sites presents a serious risk.",Lack of dedicated tissue viability nurses in community hospitals.,Clinical staffing shortage,0.9449229836463928,3
163,iss_0021146,https://www.judiciary.uk/prevention-of-future-death-reports/thomas-jenkins-2/,2014-12-19,The Tissue Viability Nurse service was overstretched due to insufficient staffing levels.,Insufficient staffing levels within the Tissue Viability Nurse service.,Staffing shortages,0.9279680848121643,4
164,iss_0009141,https://www.judiciary.uk/prevention-of-future-death-reports/michael-williams-prevention-of-future-deaths-report/,2022-05-09,The road layout and visibility at the junction of Green Lane and the A525 present an ongoing risk of collisions.,Poor road layout and visibility at a junction increase collision risk.,Road safety risk,0.98563152551651,1
164,iss_0002952,https://www.judiciary.uk/prevention-of-future-death-reports/john-liddle-prevention-of-future-deaths-report/,2025-01-09,The road layout contains bends and junctions that increase collision risks.,Road geometry and junctions increase the risk of collisions.,Road infrastructure safety,0.9519767761230469,2
164,iss_0001362,https://www.judiciary.uk/prevention-of-future-death-reports/charlotte-noordam-prevention-of-future-deaths-report/,2025-08-12,The current road layout and signage fail to mitigate the prevalence of incidents at the stop junction.,Inadequate road layout and signage at a junction increases accident risk.,Infrastructure safety,0.9497040510177612,3
164,iss_0003994,https://www.judiciary.uk/prevention-of-future-death-reports/kial-thurman-prevention-of-future-deaths-report/,2024-08-13,"The unlit, narrowing road layout at the bridge presents a significant risk of collisions.",Poorly lit and narrowing road layout increases collision risk.,Road infrastructure safety,0.9396783113479614,4
165,iss_0010643,https://www.judiciary.uk/prevention-of-future-death-reports/pathushan-sutharsan/,2021-06-04,"The junction continues to pose a substantial risk to cyclists, pedestrians, and equestrians.",The junction presents a significant safety risk to vulnerable road users.,Road safety risk,0.9808349013328552,1
165,iss_0001364,https://www.judiciary.uk/prevention-of-future-death-reports/charlotte-noordam-prevention-of-future-deaths-report/,2025-08-12,The junction presents an ongoing risk to life for road users.,The junction poses a continuous risk to life for road users.,Road safety risk,0.9422442317008972,2
165,iss_0017602,https://www.judiciary.uk/prevention-of-future-death-reports/milan-dokic/,2017-02-17,The junction of Battersea Park Road and Forfar Road is a high-risk area for vulnerable road users.,High risk to vulnerable road users at a specific road junction.,Road safety risk,0.9400829076766968,3
165,iss_0019856,https://www.judiciary.uk/prevention-of-future-death-reports/john-roberts/,2015-09-28,The junction design is unsafe for pedestrians.,The junction design poses a safety risk to pedestrians.,Pedestrian safety,0.9368557333946228,4
166,iss_0009688,https://www.judiciary.uk/prevention-of-future-death-reports/ian-miller-prevention-of-future-deaths-report/,2022-01-05,The management of medication prescribed to prisoners is inadequate.,Inadequate management of prescribed medication for prisoners.,Healthcare provision,0.967816174030304,1
166,iss_0001498,https://www.judiciary.uk/prevention-of-future-death-reports/sheldon-jeans-prevention-of-future-deaths-report/,2025-07-25,There is insufficient national and local guidance regarding the governance of medication held in a prisoner's possession.,Inadequate guidance on the governance of medication held by prisoners.,Regulatory guidance deficiency,0.9599999189376831,2
166,iss_0005996,https://www.judiciary.uk/prevention-of-future-death-reports/samuel-jones-prevention-of-future-deaths-report/,2023-12-05,There is no national guidance for managing in-possession medication to prevent prisoners from stockpiling or retaining excess medication.,Lack of national guidance for managing in-possession medication in prisons.,Policy deficiency,0.9546611309051514,3
166,iss_0006167,https://www.judiciary.uk/prevention-of-future-death-reports/john-singleton-prevention-of-future-deaths-report/,2023-11-16,The prison lacks an effective system for the early identification of prisoners who fail to collect prescribed medications.,Lack of effective identification for prisoners failing to collect prescribed medication.,Healthcare monitoring failure,0.9377634525299072,4
167,iss_0001563,https://www.judiciary.uk/prevention-of-future-death-reports/patryk-gladysz-prevention-of-future-deaths-report/,2025-07-18,The patient had not been seen by a psychiatrist prior to death.,Failure to provide psychiatric assessment prior to patient death.,Clinical oversight,0.9686613082885742,1
167,iss_0014968,https://www.judiciary.uk/prevention-of-future-death-reports/michael-wheeler/,2018-10-04,Mr Wheeler was not reviewed by a psychiatrist despite evidence of extreme paranoia and irrational behaviour.,Failure to provide psychiatric review despite evidence of clinical symptoms.,Clinical oversight,0.9542256593704224,2
167,iss_0016645,https://www.judiciary.uk/prevention-of-future-death-reports/janet-williams/,2017-09-11,No medical review by a psychiatrist was arranged during the period between discharge and the patient's death.,Failure to arrange a psychiatric review between discharge and patient death.,Clinical oversight,0.9535570740699768,3
167,iss_0010622,https://www.judiciary.uk/prevention-of-future-death-reports/denton-duhaney/,2021-06-09,The psychiatric liaison team failed to assess the patient despite his known psychiatric presentation.,Failure to provide psychiatric assessment for a patient with known psychiatric presentation.,Clinical assessment failure,0.9530959725379944,4
168,iss_0001912,https://www.judiciary.uk/prevention-of-future-death-reports/david-ejimofor-prevention-of-future-deaths-report/,2025-06-04,No lifeguards are stationed at the breakwater during high-risk periods in the spring and summer months.,Absence of lifeguard supervision during high-risk periods.,Inadequate supervision,0.9797724485397339,1
168,iss_0004373,https://www.judiciary.uk/prevention-of-future-death-reports/andrew-story-prevention-of-future-deaths-report/,2024-07-03,There were no lifeguards on duty at the beach during the peak tourist season.,Absence of lifeguard supervision at a beach during peak periods.,Lack of supervision,0.9696056842803955,2
168,iss_0003823,https://www.judiciary.uk/prevention-of-future-death-reports/robin-van-caliskan-prevention-of-future-deaths-report/,2024-09-18,There were no lifeguards on duty at the indoor pool.,Absence of lifeguards during pool operation.,Supervision failure,0.9640525579452515,3
168,iss_0016031,https://www.judiciary.uk/prevention-of-future-death-reports/abdul-jamal-ottun/,2018-01-18,A lifeguard was not present during the swimming activity.,Absence of supervision during swimming activities.,Lack of supervision,0.9571054577827454,4
169,iss_0002019,https://www.judiciary.uk/prevention-of-future-death-reports/shaun-bass-prevention-of-future-deaths-report/,2025-05-23,Healthcare professionals failed to provide an adequate or immediate response to family concerns.,Failure to provide an adequate or timely response to family concerns.,Communication failure,0.9797377586364746,1
169,iss_0007369,https://www.judiciary.uk/prevention-of-future-death-reports/carl-thompson-prevention-of-future-deaths-report/,2023-05-16,Ward staff failed to adequately respond to or escalate concerns raised by the family.,Failure to adequately respond to or escalate concerns raised by families.,Communication failure,0.9790266752243042,2
169,iss_0021045,https://www.judiciary.uk/prevention-of-future-death-reports/susanna-geraty/,2015-01-27,Failure to respond to clinical concerns raised by the family in a timely manner.,Failure to respond to clinical concerns raised by families in a timely manner.,Communication failure,0.9698327779769897,3
169,iss_0016646,https://www.judiciary.uk/prevention-of-future-death-reports/janet-williams/,2017-09-11,The care co-ordinator failed to respond to or act upon concerns raised by the patient's family.,Failure to respond to or act upon concerns raised by family members.,Failure to respond,0.9636899828910828,4
170,iss_0002042,https://www.judiciary.uk/prevention-of-future-death-reports/mathew-price-prevention-of-future-deaths-report/,2025-05-23,Small quantity purchases of reportable poisons are incorrectly evaluated as legitimate hobbyist use rather than potential self-harm.,Small purchases of reportable poisons are misidentified as hobbyist use instead of self-harm.,Misidentification of risk,0.9954569935798645,1
170,iss_0002053,https://www.judiciary.uk/prevention-of-future-death-reports/william-armstrong-prevention-of-future-deaths-report/,2025-05-23,Small purchases of reportable poisons are incorrectly evaluated as legitimate hobbyist use rather than potential self-harm.,Small purchases of reportable poisons are misidentified as hobbyist use instead of self-harm.,Misidentification of intent,0.9954569935798645,2
170,iss_0002061,https://www.judiciary.uk/prevention-of-future-death-reports/matthew-oreilly-prevention-of-future-deaths-report/,2025-05-23,Small purchases of reportable poisons are incorrectly evaluated as legitimate hobbyist use rather than potential means of self-harm.,Small purchases of reportable poisons are misidentified as hobbyist use instead of self-harm.,Misidentification of risk,0.9954569935798645,3
170,iss_0002022,https://www.judiciary.uk/prevention-of-future-death-reports/shaun-bass-prevention-of-future-deaths-report/,2025-05-23,Small quantities of reportable poisons are incorrectly presumed to be for legitimate use rather than self-harm.,Small quantities of reportable poisons are misidentified as legitimate use instead of self-harm.,Misidentification of intent,0.9421332478523254,4
171,iss_0002059,https://www.judiciary.uk/prevention-of-future-death-reports/george-fraser-prevention-of-future-deaths-report/,2025-05-23,The Mental Health and Wellbeing Team failed to notify the family regarding concerns raised by a friend about the patient's lack of contact.,Failure to notify family of concerns regarding patient welfare.,Communication failure,0.9736841320991516,1
171,iss_0005571,https://www.judiciary.uk/prevention-of-future-death-reports/susan-bracegirdle-prevention-of-future-deaths-report/,2024-02-02,The family was not kept informed about the patient's deteriorating condition.,Failure to inform family members of a patient's deteriorating condition.,Communication failure,0.9596340656280518,2
171,iss_0003945,https://www.judiciary.uk/prevention-of-future-death-reports/elise-walsh-prevention-of-future-deaths-report/,2024-08-22,The family was not informed of the patient's written concerns.,Failure to inform family members of a patient's written concerns.,Communication failure,0.9506728053092957,3
171,iss_0006401,https://www.judiciary.uk/prevention-of-future-death-reports/wayne-milne-prevention-of-future-deaths-report/,2023-10-19,The nurse failed to escalate clinical concerns to a doctor or notify next of kin.,Failure to escalate clinical concerns or notify next of kin.,Communication failure,0.9422942996025085,4
172,iss_0012661,https://www.judiciary.uk/prevention-of-future-death-reports/steven-marsland/,2019-12-13,No follow-up outpatient appointment with a psychiatrist was arranged following discharge.,Failure to arrange follow-up psychiatric outpatient appointments after discharge.,Discharge planning failure,0.9686993956565857,1
172,iss_0017380,https://www.judiciary.uk/prevention-of-future-death-reports/abigail-baynham/,2017-04-03,No further referral was made to the Mental Health Liaison Service after the patient left the hospital.,Failure to arrange follow-up referral to mental health services after hospital discharge.,Clinical follow-up failure,0.9619695544242859,2
172,iss_0016671,https://www.judiciary.uk/prevention-of-future-death-reports/melvin-james/,2017-09-08,No formal referral or contact was made with mental health services or the general practitioner following discharge.,Failure to arrange follow-up care with mental health services or general practitioners.,Inadequate follow-up care,0.9571806788444519,3
172,iss_0002108,https://www.judiciary.uk/prevention-of-future-death-reports/joseph-powell-prevention-of-future-deaths-report/,2025-05-17,General practitioners do not always book follow-up appointments for patients presenting with mental health difficulties.,Failure to schedule follow-up appointments for patients with mental health difficulties.,Clinical follow-up failure,0.9568371176719666,4
173,iss_0002436,https://www.judiciary.uk/prevention-of-future-death-reports/darren-turner-prevention-of-future-deaths-report/,2025-03-17,Communication failures occurred regarding liaison with the deceased's family concerning discharge safety.,Failure to communicate discharge safety information to the deceased's family.,Communication failure,0.9676558375358582,1
173,iss_0004073,https://www.judiciary.uk/prevention-of-future-death-reports/kevin-mcdonnell-prevention-of-future-deaths-report/,2024-08-07,Information regarding the deceased's agitation and lack of sleep was not shared with day staff.,Failure to communicate clinical information regarding a deceased patient to staff.,Information handover failure,0.961807370185852,2
173,iss_0008604,https://www.judiciary.uk/prevention-of-future-death-reports/susan-regan-prevention-of-future-deaths-report/,2022-08-17,The clinical plan was not properly communicated to the deceased's sons.,Failure to communicate the clinical plan to the deceased's next of kin.,Communication failure,0.9582879543304443,3
173,iss_0015827,https://www.judiciary.uk/prevention-of-future-death-reports/peter-stojilkovic/,2018-03-14,"Communication between the hospital, GP and the deceased was inadequate following discharge.",Inadequate communication between healthcare providers and the deceased following discharge.,Communication failure,0.9528084993362427,4
174,iss_0002450,https://www.judiciary.uk/prevention-of-future-death-reports/alexander-eastwood-prevention-of-future-deaths-report/,2025-03-14,There are no minimum standards for safeguarding or risk management in children's contact sports.,Lack of minimum safeguarding and risk management standards in children's contact sports.,Safety standard deficiency,0.9803106784820557,1
174,iss_0002452,https://www.judiciary.uk/prevention-of-future-death-reports/alexander-eastwood-prevention-of-future-deaths-report/,2025-03-14,There is no minimum standard for medical support requirements in children's contact sports.,Lack of minimum medical support standards in children's contact sports.,Safety standard deficiency,0.9706703424453735,2
174,iss_0002455,https://www.judiciary.uk/prevention-of-future-death-reports/alexander-eastwood-prevention-of-future-deaths-report/,2025-03-14,There is no requirement for risk assessments or critical incident plans in children's contact sports.,Lack of mandatory risk assessments and incident plans in children's contact sports.,Safety management deficiency,0.9678815603256226,3
174,iss_0002449,https://www.judiciary.uk/prevention-of-future-death-reports/alexander-eastwood-prevention-of-future-deaths-report/,2025-03-14,There is no guidance or regulation for contact sports involving children.,Lack of regulation for paediatric contact sports.,Regulatory deficiency,0.9629664421081543,4
175,iss_0002486,https://www.judiciary.uk/prevention-of-future-death-reports/sean-higgins-prevention-of-future-deaths-report/,2025-03-11,There were multiple failures by prison and mental health staff to follow established policies.,Failure by staff to adhere to established policies and procedures.,Procedural non-compliance,0.9739875793457031,1
175,iss_0011985,https://www.judiciary.uk/prevention-of-future-death-reports/richard-king/,2020-08-05,The paramedic did not follow established protocols and procedures.,Failure to follow established protocols and procedures.,Procedural non-compliance,0.9616554975509644,2
175,iss_0017288,https://www.judiciary.uk/prevention-of-future-death-reports/charlotte-agnew/,2017-04-20,Staff failed to follow established clinical and managerial policies and procedures.,Failure to adhere to established clinical and managerial policies and procedures.,Policy non-compliance,0.9575690031051636,3
175,iss_0016626,https://www.judiciary.uk/prevention-of-future-death-reports/david-lindsey/,2017-09-14,The trust failed to adhere to its own internal policies and guidelines.,Failure to adhere to internal policies and guidelines.,Policy non-compliance,0.9555816054344177,4
176,iss_0017619,https://www.judiciary.uk/prevention-of-future-death-reports/wendy-telfer/,2017-02-14,Physical healthcare staff require improved training to manage patients with significant mental health needs.,Inadequate training for staff managing patients with significant mental health needs.,Staff training deficiency,0.9666944742202759,1
176,iss_0016383,https://www.judiciary.uk/prevention-of-future-death-reports/brian-stannard/,2017-11-14,Staff lacked adequate training to manage the resident's mental health needs.,Insufficient staff training for managing resident mental health needs.,Inadequate staff training,0.9642899036407471,2
176,iss_0002540,https://www.judiciary.uk/prevention-of-future-death-reports/matthew-lynch-prevention-of-future-deaths-report/,2025-03-04,Support workers lack sufficient training to manage residents with enduring mental health conditions.,Inadequate training for staff managing long-term mental health conditions.,Staff training deficiency,0.9603325128555298,3
176,iss_0008968,https://www.judiciary.uk/prevention-of-future-death-reports/shirley-moloney-prevention-of-future-deaths-report/,2022-06-09,There is an absence of adequately trained staff to address mental health in residential care settings.,Insufficiently trained staff for managing mental health in residential care.,Staffing competence,0.9552905559539795,4
177,iss_0002630,https://www.judiciary.uk/prevention-of-future-death-reports/kenneth-clayton-prevention-of-future-deaths-report/,2025-02-19,There is a lack of a consistent national system for managing falls risk in Emergency Departments.,Lack of a standardised national system for managing falls risk in emergency departments.,Clinical process inconsistency,0.9789731502532959,1
177,iss_0010662,https://www.judiciary.uk/prevention-of-future-death-reports/geoffrey-hill-prevention-of-future-deaths-report/,2021-06-02,There are no national guidelines regarding the use of falls risk assessments in emergency departments.,Absence of national guidelines for falls risk assessments in emergency departments.,Lack of clinical guidance,0.9782530665397644,2
177,iss_0010667,https://www.judiciary.uk/prevention-of-future-death-reports/geoffrey-hill-prevention-of-future-deaths-report/,2021-06-02,Vulnerable and elderly patients in emergency departments may remain without falls risk assessments for long periods.,Delayed falls risk assessments for vulnerable and elderly patients in emergency departments.,Clinical assessment delay,0.947921633720398,3
177,iss_0005001,https://www.judiciary.uk/prevention-of-future-death-reports/margaret-burman-prevention-of-future-deaths-report/,2024-04-17,There is a lack of national leadership and a standardised toolkit for assessing falls risks.,Absence of national leadership and standardised tools for assessing falls risk.,Standardisation deficiency,0.9415943622589111,4
178,iss_0006405,https://www.judiciary.uk/prevention-of-future-death-reports/terence-davenport-prevention-of-future-deaths-report/,2023-10-17,A lack of suitable nursing beds caused delays in discharge from the acute hospital.,Insufficient nursing beds causing delays in hospital discharge.,Capacity constraints,0.9707548022270203,1
178,iss_0002763,https://www.judiciary.uk/prevention-of-future-death-reports/nicola-owens-prevention-of-future-deaths-report/,2025-01-31,Insufficient staffing and bed capacity prevent the timely discharge of patients.,Inadequate staffing and bed capacity delay patient discharge.,Resource constraints,0.9546176195144653,2
178,iss_0007955,https://www.judiciary.uk/prevention-of-future-death-reports/lyn-brind-prevention-of-future-deaths-report/,2023-01-18,A lack of community bed availability prevents the discharge of medically fit patients from the hospital.,Insufficient community bed capacity prevents discharge of medically fit patients.,Discharge barriers,0.9523650407791138,3
178,iss_0017747,https://www.judiciary.uk/prevention-of-future-death-reports/sarah-tyler/,2017-01-13,Delays in hospital admissions occur due to insufficient bed availability.,Hospital admission delays caused by insufficient bed availability.,Healthcare capacity,0.9424777626991272,4
179,iss_0022328,https://www.judiciary.uk/prevention-of-future-death-reports/rajesh-parkash/,2014-05-08,Communication between the control room and ambulance personnel requires improvement.,Ineffective communication between control room and ambulance personnel.,Communication failure,0.9803125858306885,1
179,iss_0010504,https://www.judiciary.uk/prevention-of-future-death-reports/nadeem-ahmed/,2021-07-08,Communication between the HEMS dispatcher and paramedics on scene requires improvement.,Ineffective communication between dispatchers and on-scene paramedics.,Communication failure,0.9605743885040283,2
179,iss_0002848,https://www.judiciary.uk/prevention-of-future-death-reports/thomas-moffett-prevention-of-future-deaths-report/,2025-01-22,There is a lack of effective communication between healthcare personnel and prison or ambulance control.,Ineffective communication between healthcare staff and emergency control services.,Communication failure,0.9584822058677673,3
179,iss_0023435,https://www.judiciary.uk/prevention-of-future-death-reports/david-selman/,2013-09-25,Miscommunication occurred between the control room and ambulance staff regarding whether to stand back or stand down.,Miscommunication between control room and ambulance staff regarding operational instructions.,Communication failure,0.955005407333374,4
180,iss_0008161,https://www.judiciary.uk/prevention-of-future-death-reports/margaret-russell-prevention-of-future-deaths-report/,2022-11-22,Ward staff failed to identify documented swallowing difficulties during the patient's care.,Failure to identify documented swallowing difficulties during patient care.,Clinical oversight,0.9767118692398071,1
180,iss_0002968,https://www.judiciary.uk/prevention-of-future-death-reports/sheila-nicholls-prevention-of-future-deaths-report/,2025-01-07,Important information regarding resident swallowing difficulties was not recorded or shared between staff.,Failure to record or communicate resident swallowing difficulties.,Information sharing failure,0.9715977907180786,2
180,iss_0003082,https://www.judiciary.uk/prevention-of-future-death-reports/mary-whitlock-prevention-of-future-deaths-report/,2024-12-17,Clinical concerns regarding swallowing difficulties were not communicated during the nursing handover.,Failure to communicate clinical swallowing difficulties during nursing handover.,Communication failure,0.955683708190918,3
180,iss_0015271,https://www.judiciary.uk/prevention-of-future-death-reports/jane-parker/,2018-07-25,Care staff failed to escalate swallowing difficulties to the Speech and Language Therapy team.,Failure to escalate swallowing difficulties to the relevant clinical team.,Clinical escalation failure,0.9506487846374512,4
181,iss_0005845,https://www.judiciary.uk/prevention-of-future-death-reports/james-campion-prevention-of-future-deaths-report/,2023-12-20,The ambulance service was operating under extreme pressure and high demand.,Emergency services are operating under excessive demand and pressure.,Service capacity strain,0.9735850691795349,1
181,iss_0006921,https://www.judiciary.uk/prevention-of-future-death-reports/albert-dovey-prevention-of-future-deaths-report/,2023-07-21,Sustained pressure on Greater Manchester emergency services resulted from high demand against limited resources.,Emergency services facing high demand against limited resources.,Resource strain,0.9652804136276245,2
181,iss_0015900,https://www.judiciary.uk/prevention-of-future-death-reports/raymond-davidson/,2018-02-27,Demand for emergency services frequently exceeds available resources.,Demand for emergency services exceeds available resources.,Resource insufficiency,0.9544690847396851,3
181,iss_0003069,https://www.judiciary.uk/prevention-of-future-death-reports/andrew-lewis-prevention-of-future-deaths-report/,2024-12-19,South Central Ambulance Service has experienced sustained extreme operational pressure and high escalation levels.,Emergency services are experiencing sustained extreme operational pressure.,Operational pressure,0.9272964000701904,4
182,iss_0023620,https://www.judiciary.uk/prevention-of-future-death-reports/joseph-burrell/,2013-08-05,The junction lacks pedestrian-specific signals such as red man/green man lights or audible warnings.,The junction lacks dedicated pedestrian signals and audible warnings.,Pedestrian infrastructure deficiency,0.9724017977714539,1
182,iss_0003437,https://www.judiciary.uk/prevention-of-future-death-reports/terence-gillard-prevention-of-future-deaths-report/,2024-11-05,"The pedestrian crossing lacks traffic lights, demand buttons, and sound signals.",Pedestrian crossing lacks necessary traffic signals and audible alerts.,Inadequate pedestrian infrastructure,0.9662463665008545,2
182,iss_0021344,https://www.judiciary.uk/prevention-of-future-death-reports/lorraine-sheridan/,2014-11-12,The pedestrian crossing lacks an audible signal to indicate the phase of the traffic lights.,Pedestrian crossing lacks an audible signal for traffic light phases.,Inaccessible infrastructure,0.9622405767440796,3
182,iss_0016920,https://www.judiciary.uk/prevention-of-future-death-reports/nina-maggs/,2017-07-20,The junction lacks pedestrian assistance such as a green man or audible signals.,The junction lacks pedestrian crossing aids and audible signals.,Pedestrian safety infrastructure,0.9607799053192139,4
183,iss_0014896,https://www.judiciary.uk/prevention-of-future-death-reports/maximilien-kohler/,2018-10-24,There is a severe shortage of inpatient psychiatric beds for children and adolescents.,Insufficient inpatient psychiatric beds for children and adolescents.,Healthcare resource shortage,0.9822311997413635,1
183,iss_0020181,https://www.judiciary.uk/prevention-of-future-death-reports/emma-carpenter/,2015-07-14,There is a national lack of inpatient beds for mentally ill children and adolescents.,Insufficient inpatient bed capacity for children and adolescents with mental health needs.,Healthcare resource shortage,0.9765349626541138,2
183,iss_0021307,https://www.judiciary.uk/prevention-of-future-death-reports/george-werb/,2014-11-19,There is no effective bed bureau system to identify available child psychiatric beds.,Lack of an effective system to identify available child psychiatric beds.,Resource availability,0.9579552412033081,3
183,iss_0003632,https://www.judiciary.uk/prevention-of-future-death-reports/locket-williams-prevention-of-future-deaths-report/,2024-10-14,There is an insufficient number of in-county psychiatric in-patient beds for children.,Insufficient paediatric psychiatric inpatient bed capacity within the county.,Healthcare resource shortage,0.9558265209197998,4
184,iss_0008299,https://www.judiciary.uk/prevention-of-future-death-reports/jade-hutchings-prevention-of-future-deaths-report/,2022-10-28,Police officers lacked adequate mental health training.,Inadequate mental health training for police officers.,Training deficiency,0.9749828577041626,1
184,iss_0018604,https://www.judiciary.uk/prevention-of-future-death-reports/beverley-devanney/,2016-06-24,The appropriateness of police training for managing individuals in mental health crises requires review.,Inadequacy of police training for managing mental health crises.,Training adequacy,0.9710642099380493,2
184,iss_0016223,https://www.judiciary.uk/prevention-of-future-death-reports/joshua-hamill/,2017-12-05,Police training in North Wales was ineffective in identifying mental health issues during call attendances.,Inadequate police training for identifying mental health issues during call attendances.,Training inadequacy,0.9606199264526367,3
184,iss_0003749,https://www.judiciary.uk/prevention-of-future-death-reports/michael-heath-prevention-of-future-deaths-report/,2024-10-02,Police officers may lack sufficient training to assess mental health-related calls and associated risks.,Inadequate training for police officers to assess mental health risks.,Training deficiency,0.9550424814224243,4
185,iss_0021220,https://www.judiciary.uk/prevention-of-future-death-reports/elaine-giles/,2014-12-05,The assessment of the patient's ability to navigate stairs prior to discharge was inaccurate.,Inaccurate assessment of patient mobility prior to discharge.,Clinical assessment error,0.9743191003799438,1
185,iss_0014139,https://www.judiciary.uk/prevention-of-future-death-reports/marjorie-gartside/,2019-03-12,The information provided by the hospital regarding the patient's ability to mobilise was inaccurate.,Inaccurate clinical information regarding patient mobility.,Inaccurate clinical information,0.9653581380844116,2
185,iss_0020602,https://www.judiciary.uk/prevention-of-future-death-reports/jeanne-summers/,2015-04-16,Whether an adequate assessment of mobility was undertaken prior to discharge.,Inadequate assessment of mobility prior to patient discharge.,Clinical assessment failure,0.9459995627403259,3
185,iss_0003896,https://www.judiciary.uk/prevention-of-future-death-reports/90720-2/,2024-09-04,Clinical records incorrectly indicated the patient was fully mobile despite evidence of deterioration.,Clinical records contain inaccurate patient mobility status.,Inaccurate medical documentation,0.9273970127105713,4
186,iss_0008688,https://www.judiciary.uk/prevention-of-future-death-reports/margaret-warwick-prevention-of-future-deaths-report/,2022-08-04,A shortage of theatre capacity caused delays to surgical intervention.,Insufficient theatre capacity causing delays to surgical intervention.,Resource shortage,0.9866035580635071,1
186,iss_0008682,https://www.judiciary.uk/prevention-of-future-death-reports/james-curry-prevention-of-future-deaths-report/,2022-08-04,Insufficient theatre capacity resulted in delays to surgical intervention for hip fractures.,Inadequate theatre capacity causing delays to surgical intervention.,Resource capacity constraints,0.9792594909667969,2
186,iss_0008497,https://www.judiciary.uk/prevention-of-future-death-reports/maureen-harrop-prevention-of-future-deaths-report/,2022-09-14,A shortage of theatre capacity resulted in a failure to meet NICE guidance for surgery within 36 hours.,Inability to meet surgical timeframes due to insufficient theatre capacity.,Service capacity constraints,0.9622753858566284,3
186,iss_0004174,https://www.judiciary.uk/prevention-of-future-death-reports/david-curry-prevention-of-future-deaths-report/,2024-07-25,Insufficient theatre capacity prevented the timely performance of the required procedure.,Inadequate theatre capacity caused delays in performing required procedures.,Resource capacity constraints,0.9509110450744629,4
187,iss_0006997,https://www.judiciary.uk/prevention-of-future-death-reports/colin-greenway-prevention-of-future-deaths-report/,2023-07-18,Junior doctors failed to follow clinical guidelines when prescribing anticoagulants.,Failure to adhere to clinical guidelines for anticoagulant prescription.,Clinical guideline non-compliance,0.9737522602081299,1
187,iss_0004259,https://www.judiciary.uk/prevention-of-future-death-reports/david-almond-prevention-of-future-deaths-report/,2024-07-17,The patient was not placed on lifetime anticoagulation despite his medical history.,Failure to prescribe lifelong anticoagulation therapy despite clinical indications.,Medication omission,0.9582611322402954,2
187,iss_0022919,https://www.judiciary.uk/prevention-of-future-death-reports/desrae-tucker/,2014-01-23,No anti-coagulant medication was prescribed to the patient at the time of discharge.,Failure to prescribe anticoagulant medication upon patient discharge.,Medication omission,0.9504377841949463,3
187,iss_0021024,https://www.judiciary.uk/prevention-of-future-death-reports/phyllis-barlow/,2015-01-29,The GP practice was unaware of NICE guidelines regarding head injuries in patients taking warfarin.,Failure to adhere to NICE clinical guidelines for patients on anticoagulants.,Clinical guideline non-compliance,0.9447618126869202,4
188,iss_0004320,https://www.judiciary.uk/prevention-of-future-death-reports/mahamoud-ali-prevention-of-future-death-report/,2024-07-10,Staff deliberately falsified patient observation records to indicate checks had been completed when they had not.,Deliberate falsification of patient observation records.,Data integrity,0.9739598631858826,1
188,iss_0010887,https://www.judiciary.uk/prevention-of-future-death-reports/rohan-singh/,2021-04-30,Staff falsified records regarding patient observations.,Falsification of patient observation records by staff.,Record integrity,0.9651564359664917,2
188,iss_0022685,https://www.judiciary.uk/prevention-of-future-death-reports/neil-carter/,2014-03-05,Nursing records were deliberately falsified.,Deliberate falsification of nursing records.,Data integrity,0.9475260972976685,3
188,iss_0018293,https://www.judiciary.uk/prevention-of-future-death-reports/benjamin-brown/,2016-09-05,Staff were pressured into falsifying patient observation records.,Pressure to falsify patient observation records.,Data integrity,0.9404417276382446,4
189,iss_0018864,https://www.judiciary.uk/prevention-of-future-death-reports/caragh-melling/,2016-04-27,The triage system failed to recognise agonal breathing.,Failure to recognise agonal breathing during triage.,Clinical assessment error,0.9716349840164185,1
189,iss_0004443,https://www.judiciary.uk/prevention-of-future-death-reports/kevin-cashin-prevention-of-future-deaths-report/,2024-06-21,Officers failed to recognise agonal breathing as an indicator of breathing difficulties.,Failure to recognise agonal breathing as an indicator of respiratory distress.,Clinical assessment error,0.9698499441146851,2
189,iss_0013602,https://www.judiciary.uk/prevention-of-future-death-reports/edir-da-costa/,2019-06-27,Officers lack adequate training in the recognition of agonal breaths.,Inadequate training in recognising agonal breathing.,Training deficiency,0.9649092555046082,3
189,iss_0018866,https://www.judiciary.uk/prevention-of-future-death-reports/caragh-melling/,2016-04-27,The Ambulance Trust relies on an informal workaround to identify agonal breathing.,Reliance on informal workarounds for identifying agonal breathing.,Procedural non-compliance,0.959190845489502,4
190,iss_0006229,https://www.judiciary.uk/prevention-of-future-death-reports/frances-newbury-prevention-of-future-deaths-report/,2023-11-10,Naloxone was not administered despite information regarding illicit drug use and physical signs of intravenous drug use.,Failure to administer naloxone despite evidence of opioid overdose risk.,Medical treatment omission,0.9788292646408081,1
190,iss_0006230,https://www.judiciary.uk/prevention-of-future-death-reports/frances-newbury-prevention-of-future-deaths-report/,2023-11-10,There is a recurring failure to administer Naloxone to patients with an opiate misuse history when other reversible causes have been treated.,Failure to administer naloxone to patients with opiate misuse history.,Clinical administration error,0.9636412262916565,2
190,iss_0013050,https://www.judiciary.uk/prevention-of-future-death-reports/abdeslam-benelghazi/,2019-10-10,Staff failed to administer naloxone following signs of over-sedation.,Failure to administer naloxone following signs of over-sedation.,Medication administration error,0.9536199569702148,3
190,iss_0004549,https://www.judiciary.uk/prevention-of-future-death-reports/yuri-hatton-prevention-of-future-deaths-report/,2024-06-11,The substance misuse nurse failed to call a code blue and an ambulance following naloxone administration.,Failure to initiate emergency medical response following naloxone administration.,Clinical emergency failure,0.9515565633773804,4
191,iss_0004850,https://www.judiciary.uk/prevention-of-future-death-reports/jordan-howarth-prevention-of-future-deaths-report/,2024-05-01,The NEWS2 escalation policy was not followed and was not identified by senior nursing staff.,Failure to follow and monitor NEWS2 escalation protocols.,Clinical escalation failure,0.9773019552230835,1
191,iss_0019022,https://www.judiciary.uk/prevention-of-future-death-reports/june-parkes/,2016-03-23,Nursing staff failed to comply with the National Early Warning Score system regarding vital sign accuracy and escalation.,Failure to comply with NEWS2 protocols for vital signs and escalation.,Clinical protocol non-compliance,0.9740397334098816,2
191,iss_0014686,https://www.judiciary.uk/prevention-of-future-death-reports/simon-healey/,2018-12-06,NEWS protocols were not followed regarding the frequency of reviews or the consideration of care escalation.,Failure to follow NEWS protocols regarding review frequency and care escalation.,Clinical monitoring failure,0.9663984179496765,3
191,iss_0012132,https://www.judiciary.uk/prevention-of-future-death-reports/allan-cunliffe/,2020-04-22,Staff failed to adhere to the NEWS protocol regarding regular observations.,Failure to adhere to the NEWS protocol for regular observations.,Clinical protocol non-compliance,0.9654093384742737,4
192,iss_0010260,https://www.judiciary.uk/prevention-of-future-death-reports/bituin-pimlott-prevention-of-future-deaths-report/,2021-09-06,The GP practice failed to refer the deceased to the crisis team.,Failure to refer a deceased patient to the crisis team.,Referral failure,0.9742523431777954,1
192,iss_0004861,https://www.judiciary.uk/prevention-of-future-death-reports/harry-hall-prevention-of-future-deaths-report/,2024-05-01,The clinical decision failed to refer the deceased to the Crisis Team despite expressed suicidal ideation.,Failure to refer a patient with suicidal ideation to a crisis team.,Clinical referral failure,0.9718835353851318,2
192,iss_0006392,https://www.judiciary.uk/prevention-of-future-death-reports/michael-hindes-prevention-of-future-deaths-report/,2023-10-20,The assessment process failed to refer the patient to the crisis team despite suicidal ideation.,Failure to refer a patient with suicidal ideation to the crisis team.,Clinical referral failure,0.9700102806091309,3
192,iss_0020913,https://www.judiciary.uk/prevention-of-future-death-reports/barrie-lewis/,2015-02-19,Clinical recordings were not made of the contact between the deceased and the crisis team.,Failure to record clinical contact between a deceased person and a crisis team.,Inadequate clinical documentation,0.916279137134552,4
193,iss_0005233,https://www.judiciary.uk/prevention-of-future-death-reports/zachary-taylor-smith-prevention-of-future-deaths-report/,2024-03-14,Antibiotics were not administered to the infant despite clinical indicators of early onset infection.,Failure to administer antibiotics despite clinical indicators of infection.,Delayed medical treatment,0.9930585622787476,1
193,iss_0006841,https://www.judiciary.uk/prevention-of-future-death-reports/isabela-suciu-prevention-of-future-deaths-report/,2023-08-12,Antibiotics were not administered despite clinical indicators of infection.,Failure to administer antibiotics despite clinical indicators of infection.,Medication omission,0.9930585622787476,2
193,iss_0010974,https://www.judiciary.uk/prevention-of-future-death-reports/yusuf-seyit/,2021-04-16,Antibiotic treatment was not commenced on 2 July despite evidence of infection.,Failure to commence antibiotic treatment despite evidence of infection.,Delayed treatment,0.9746440052986145,3
193,iss_0006235,https://www.judiciary.uk/prevention-of-future-death-reports/alfie-mains-forster-prevention-of-future-deaths-report/,2023-11-09,Antibiotics were not administered to the infant following amber category observations.,Failure to administer antibiotics following clinical deterioration observations.,Medication administration error,0.9606865644454956,4
194,iss_0010106,https://www.judiciary.uk/prevention-of-future-death-reports/vivien-brunning-prevention-of-future-deaths-report/,2021-10-12,An omission of medication was not reported through the Trust’s incident reporting system.,Failure to report a medication omission via the incident reporting system.,Reporting failure,0.9797265529632568,1
194,iss_0006441,https://www.judiciary.uk/prevention-of-future-death-reports/john-hoare-prevention-of-future-deaths-report/,2023-10-12,The GP surgery failed to recognise and act upon the omission of lithium in the prescription.,Failure to recognise and act upon a medication omission.,Medication management error,0.9609209895133972,2
194,iss_0007030,https://www.judiciary.uk/prevention-of-future-death-reports/peter-fleming-prevention-of-future-deaths-report/,2023-07-14,Systemic failures in clinical oversight resulted in a decade-long omission of prescribed medication.,Failure of clinical oversight leading to medication omission.,Clinical oversight failure,0.9516996741294861,3
194,iss_0014525,https://www.judiciary.uk/prevention-of-future-death-reports/natasha-chin/,2019-01-10,Nurses failed to make Datix referrals regarding missed medications.,Failure to report medication errors via the incident reporting system.,Reporting failure,0.9390439987182617,4
195,iss_0021030,https://www.judiciary.uk/prevention-of-future-death-reports/john-matthews/,2015-01-29,The triage nurse failed to review the ambulance Patient Report Form during triage.,Failure to review patient clinical documentation during triage.,Clinical documentation error,0.9883583784103394,1
195,iss_0006501,https://www.judiciary.uk/prevention-of-future-death-reports/ronald-harris-prevention-of-future-deaths-report/,2023-10-04,The triage doctor failed to consider the telephone call transcript.,Failure to review available clinical documentation during triage.,Clinical oversight,0.978436291217804,2
195,iss_0020501,https://www.judiciary.uk/prevention-of-future-death-reports/finnulla-martin/,2015-04-29,Clinical staff failed to review triage records before conducting patient assessments.,Failure to review triage records prior to patient assessment.,Clinical process failure,0.9579377174377441,3
195,iss_0008545,https://www.judiciary.uk/prevention-of-future-death-reports/beryl-holt-prevention-of-future-deaths-report/,2022-08-31,The receptionist failed to read the GP letter in full to identify urgent triage requirements.,Failure to fully review clinical correspondence for urgent triage requirements.,Clinical oversight,0.9565800428390503,4
196,iss_0012884,https://www.judiciary.uk/prevention-of-future-death-reports/evha-jannath/,2019-11-13,Staff lacked training in water rescue procedures.,Staff lack adequate training in water rescue procedures.,Inadequate staff training,0.979651927947998,1
196,iss_0022924,https://www.judiciary.uk/prevention-of-future-death-reports/paul-rogerson/,2014-01-22,Police officers may require further training in river rescue and water safety protocols.,Inadequate training in water rescue and safety protocols.,Training deficiency,0.9570885300636292,2
196,iss_0015182,https://www.judiciary.uk/prevention-of-future-death-reports/kamal-al-hirsi/,2018-08-13,Staff members lacked water safety awareness training and understanding of drowning presentations.,Staff lack training in water safety and drowning recognition.,Training deficiency,0.9459238052368164,3
196,iss_0006654,https://www.judiciary.uk/prevention-of-future-death-reports/marcel-wochna-prevention-of-future-deaths-report/,2023-09-13,"Officers were unaware of the 'Shout, Reach, Throw, Row, Go' water rescue procedure.",Personnel lack knowledge of standardised water rescue procedures.,Training deficiency,0.9455327391624451,4
197,iss_0006832,https://www.judiciary.uk/prevention-of-future-death-reports/linda-oldland-prevention-of-future-deaths-report/,2023-08-14,Nurses failed to recognise a state of cardiac arrest.,Failure to recognise cardiac arrest.,Clinical recognition failure,0.9806638360023499,1
197,iss_0010676,https://www.judiciary.uk/prevention-of-future-death-reports/peggy-copeman/,2021-05-28,Staff failed to recognise the patient was in respiratory distress or cardiac arrest.,Failure to recognise clinical deterioration or cardiac arrest.,Clinical monitoring failure,0.9766963720321655,2
197,iss_0009118,https://www.judiciary.uk/prevention-of-future-death-reports/cristofaro-priolo-prevention-of-future-deaths-report/,2022-05-11,Staff failed to recognise the occurrence of a cardiac arrest.,Failure to recognise a cardiac arrest event.,Clinical recognition failure,0.96919846534729,3
197,iss_0011938,https://www.judiciary.uk/prevention-of-future-death-reports/sian-hewitt/,2020-08-21,Staff missed opportunities to recognise clinical deterioration and initiate effective CPR.,Failure to recognise clinical deterioration and initiate effective cardiopulmonary resuscitation.,Clinical care failure,0.95208340883255,4
198,iss_0007044,https://www.judiciary.uk/prevention-of-future-death-reports/mohammed-hussain-prevention-of-future-deaths-report/,2023-07-12,The Trust failed to implement improvements following a previous Regulation 28 report.,Failure to implement required improvements following a regulatory report.,Regulatory non-compliance,0.9749380946159363,1
198,iss_0012978,https://www.judiciary.uk/prevention-of-future-death-reports/jean-waghorn/,2019-10-25,The Trust failed to implement improvements or assessment tools following previous Regulation 28 reports.,Failure to implement improvements following regulatory inspections.,Regulatory non-compliance,0.9544057846069336,2
198,iss_0008581,https://www.judiciary.uk/prevention-of-future-death-reports/charles-evans-prevention-of-future-deaths-report/,2022-08-25,The service provider failed to implement an action plan following a 'requiring improvement' CQC rating.,Failure to implement an action plan following a regulatory improvement requirement.,Regulatory compliance failure,0.9516565203666687,3
198,iss_0012908,https://www.judiciary.uk/prevention-of-future-death-reports/peter-connelly/,2019-11-07,Failure to implement effective actions following previous regulatory reports.,Failure to implement corrective actions from previous regulatory reports.,Regulatory non-compliance,0.9426887035369873,4
199,iss_0007366,https://www.judiciary.uk/prevention-of-future-death-reports/mark-ravensdale-prevention-of-future-deaths-report/,2023-05-16,Mental health services discharged the patient without speaking to him personally.,Patient discharged from mental health services without personal consultation.,Clinical discharge process,0.9783309102058411,1
199,iss_0008634,https://www.judiciary.uk/prevention-of-future-death-reports/allan-waddup-prevention-of-future-deaths-report/,2022-08-10,The mental health service discharged the patient without conducting an in-person assessment following missed telephone appointments.,Patient discharged from mental health service without an in-person assessment.,Inadequate clinical assessment,0.9703707098960876,2
199,iss_0008960,https://www.judiciary.uk/prevention-of-future-death-reports/keith-nottle-prevention-of-future-deaths-report/,2022-06-14,The patient was discharged from the mental health team without consultation or direct communication.,Patient discharged from mental health service without prior consultation or communication.,Communication failure,0.9657604694366455,3
199,iss_0009512,https://www.judiciary.uk/prevention-of-future-death-reports/theo-brennan-hulme-prevention-of-future-deaths-report/,2022-02-15,The Youth Mental Health Team discharged the patient without any clinical contact.,Patient discharged from mental health services without clinical contact.,Inappropriate discharge,0.9516148567199707,4
200,iss_0021600,https://www.judiciary.uk/prevention-of-future-death-reports/satheeskumar-mahatheaven/,2014-09-19,Prison service staff received inadequate training.,Staff received insufficient training.,Training inadequacy,0.9782229661941528,1
200,iss_0008706,https://www.judiciary.uk/prevention-of-future-death-reports/asher-sinclair-prevention-of-future-deaths-report/,2022-07-29,Staff training was inadequate or not in place.,Staff training is insufficient or non-existent.,Training deficiency,0.9699761271476746,2
200,iss_0018788,https://www.judiciary.uk/prevention-of-future-death-reports/sally-froggatt/,2016-05-11,Inadequate training of staff.,Insufficient staff training.,Training deficiency,0.9641692638397217,3
200,iss_0007670,https://www.judiciary.uk/prevention-of-future-death-reports/gunapathyammah-ragnanathan-prevention-of-future-deaths-report/,2023-03-13,The new carer lacked adequate training and shadowing experience.,Staff lack sufficient training and supervised experience.,Inadequate staff training,0.9449900388717651,4
201,iss_0011863,https://www.judiciary.uk/prevention-of-future-death-reports/brett-marrs/,2020-09-23,Prison officers failed to conduct required welfare checks during morning cell unlocks.,Failure to conduct mandatory welfare checks during cell unlocks.,Procedural non-compliance,0.9858723878860474,1
201,iss_0021513,https://www.judiciary.uk/prevention-of-future-death-reports/vincent-oliver/,2014-10-09,Prison officers failed to check the physical well-being of the deceased during cell unlocking.,Failure to conduct welfare checks on inmates during cell unlocking.,Negligence in monitoring,0.9733517169952393,2
201,iss_0007844,https://www.judiciary.uk/prevention-of-future-death-reports/jason-williams-prevention-of-future-deaths-report/,2023-02-02,A welfare check was not conducted upon unlocking the prisoner's cell.,Failure to conduct a welfare check upon unlocking a prisoner's cell.,Failure of duty,0.957973062992096,3
201,iss_0014643,https://www.judiciary.uk/prevention-of-future-death-reports/john-delahaye/,2018-12-18,There is a lack of clear communication and auditing regarding the requirement for welfare checks during cell unlocks.,Insufficient communication and auditing of welfare check requirements during cell unlocks.,Procedural oversight,0.9420242309570312,4
202,iss_0008909,https://www.judiciary.uk/prevention-of-future-death-reports/adele-massoudi-prevention-of-future-deaths-report/,2022-06-20,The transfer to hospital was delayed and should have occurred sooner.,Delay in hospital transfer.,Clinical delay,0.980548620223999,1
202,iss_0008834,https://www.judiciary.uk/prevention-of-future-death-reports/ann-pickering-prevention-of-future-deaths-report/,2022-07-04,Barnsley Hospital delayed accepting the patient's transfer.,Delay in accepting patient transfer to a hospital.,Patient transfer delays,0.9735810160636902,2
202,iss_0008327,https://www.judiciary.uk/prevention-of-future-death-reports/glenys-roberts-prevention-of-future-deaths-report/,2022-10-24,Slow review and action regarding intra-hospital transfers.,Delayed review and action regarding intra-hospital transfers.,Process inefficiency,0.953018069267273,3
202,iss_0022070,https://www.judiciary.uk/prevention-of-future-death-reports/peter-farebrother/,2014-06-20,The transfer to Pine Ward was delayed until the end of an evening shift.,Delay in patient transfer to a specific ward.,Patient transfer delay,0.9525548219680786,4
203,iss_0015451,https://www.judiciary.uk/prevention-of-future-death-reports/patricia-palin/,2018-06-19,Inadequate staffing levels occurred due to a lack of cover for sickness.,Insufficient staffing levels due to inadequate sickness cover.,Staffing shortages,0.9753643274307251,1
203,iss_0018275,https://www.judiciary.uk/prevention-of-future-death-reports/christopher-jones/,2016-09-07,There may be insufficient staffing levels to provide adequate cover during sickness or holidays.,Inadequate staffing levels to cover sickness or annual leave.,Staffing shortages,0.970826268196106,2
203,iss_0017991,https://www.judiciary.uk/prevention-of-future-death-reports/martyn-watkins/,2016-11-14,Inadequate staffing levels on the ward due to sickness.,Insufficient staffing levels due to staff sickness.,Staffing shortages,0.9610159993171692,3
203,iss_0008789,https://www.judiciary.uk/prevention-of-future-death-reports/rebecca-flint-prevention-of-future-deaths-report/,2022-07-17,Community Mental Health Teams lack sufficient resources to provide cover for Care Coordinators during periods of leave or sickness.,Insufficient resources to provide cover for staff during leave or sickness.,Resource inadequacy,0.9478519558906555,4
204,iss_0017995,https://www.judiciary.uk/prevention-of-future-death-reports/martyn-watkins/,2016-11-14,Inadequate physical examination of the patient by the duty doctor upon admission.,Inadequate physical examination of patients upon admission.,Clinical assessment failure,0.9707837104797363,1
204,iss_0013272,https://www.judiciary.uk/prevention-of-future-death-reports/maureen-jarvis/,2019-09-11,A full physical examination was not performed upon admission.,Failure to perform a full physical examination upon admission.,Clinical assessment failure,0.9658238887786865,2
204,iss_0008826,https://www.judiciary.uk/prevention-of-future-death-reports/seema-haribhai-prevention-of-future-deaths-report/,2022-07-07,The GP failed to perform a physical examination of the patient.,Failure to perform a physical examination of the patient.,Clinical assessment failure,0.923547089099884,3
204,iss_0017637,https://www.judiciary.uk/prevention-of-future-death-reports/rachel-morgan/,2017-02-09,The level of observations on admission was insufficient.,Inadequate clinical observations upon patient admission.,Clinical monitoring failure,0.9193169474601746,4
205,iss_0009302,https://www.judiciary.uk/prevention-of-future-death-reports/fadzai-chitakunye-prevention-of-future-deaths-report/,2022-03-31,A failure to refer the patient to a specialist prevented appropriate management of liver disease.,Failure to refer a patient to a specialist for appropriate management.,Failure to refer,0.9750934839248657,1
205,iss_0015786,https://www.judiciary.uk/prevention-of-future-death-reports/kenneth-longley/,2018-03-22,No GP at the practice took action to refer the patient to Cardiology following the echocardiogram results.,Failure to refer a patient to a specialist following diagnostic test results.,Clinical referral failure,0.9670484066009521,2
205,iss_0010005,https://www.judiciary.uk/prevention-of-future-death-reports/serena-roberts-prevention-of-future-deaths-report/,2021-10-22,The GP failed to refer the patient to a gynaecologist following the ultrasound scan.,Failure to refer a patient to a specialist following diagnostic imaging.,Failure to refer,0.9494547843933105,3
205,iss_0015485,https://www.judiciary.uk/prevention-of-future-death-reports/rita-taylor/,2018-06-12,Consultants failed to effectively seek specialist advice from St George’s Hospital to assist in management.,Failure to seek appropriate specialist advice for patient management.,Clinical consultation failure,0.9234000444412231,4
206,iss_0013951,https://www.judiciary.uk/prevention-of-future-death-reports/royston-kemp/,2019-04-11,The nurse failed to measure the resident's vital signs.,Failure to monitor resident vital signs.,Clinical monitoring failure,0.9760575890541077,1
206,iss_0020341,https://www.judiciary.uk/prevention-of-future-death-reports/sidney-barnett/,2015-06-12,The level and quality of observation of the resident was inadequate.,Inadequate monitoring of a resident.,Inadequate supervision,0.9535325765609741,2
206,iss_0009473,https://www.judiciary.uk/prevention-of-future-death-reports/jane-shilton-prevention-of-future-deaths-report/,2022-02-22,Staff failed to check on Jane when she missed scheduled medication and meals.,Failure to monitor a resident following missed medication and meals.,Neglect of care,0.9409894943237305,3
206,iss_0021881,https://www.judiciary.uk/prevention-of-future-death-reports/clare-cooper/,2014-07-25,Vital signs and regular weight measurements were not undertaken to monitor weight loss.,Failure to monitor vital signs and weight measurements.,Clinical monitoring failure,0.9193288087844849,4
207,iss_0013760,https://www.judiciary.uk/prevention-of-future-death-reports/ray-westlake/,2019-05-24,There is a lack of warning signage regarding the potential for flooding on this stretch of road.,Insufficient warning signage regarding potential flooding on the road.,Inadequate safety signage,0.9925526976585388,1
207,iss_0013762,https://www.judiciary.uk/prevention-of-future-death-reports/barry-clow/,2019-05-24,There is a lack of warning signage regarding the potential for flooding on this stretch of road.,Insufficient warning signage regarding potential flooding on the road.,Inadequate safety signage,0.9925526976585388,2
207,iss_0009510,https://www.judiciary.uk/prevention-of-future-death-reports/sasha-raven-marie-brown-prevention-of-future-deaths-report/,2022-02-16,There is a lack of signage warning motorists of the risk of temporary or permanent flooding.,Insufficient signage warning of potential flooding risks to motorists.,Inadequate safety signage,0.9798467755317688,3
207,iss_0018996,https://www.judiciary.uk/prevention-of-future-death-reports/steven-nicholson/,2016-03-30,There is an absence of appropriate signage warning motorists of flooding risks on the A1018 slip road.,Inadequate signage warning of flood risks on a road slip road.,Road safety signage,0.9616478681564331,4
208,iss_0009975,https://www.judiciary.uk/prevention-of-future-death-reports/angela-odonnell-prevention-of-future-deaths-report/,2021-11-03,The hospital trust relies excessively on agency nursing staff.,Excessive reliance on agency nursing staff within the hospital trust.,Workforce dependency,0.9734355211257935,1
208,iss_0011129,https://www.judiciary.uk/prevention-of-future-death-reports/rodney-gates/,2021-03-08,Excessive reliance on agency nurses.,Overreliance on agency nursing staff.,Workforce dependency,0.9721320867538452,2
208,iss_0013798,https://www.judiciary.uk/prevention-of-future-death-reports/mellin-beard/,2019-05-17,There is a significant reliance on agency nurses within the Trust.,High reliance on agency nursing staff within the Trust.,Workforce dependency,0.9511487483978271,3
208,iss_0011187,https://www.judiciary.uk/prevention-of-future-death-reports/cecilia-edwards/,2021-02-22,High reliance on agency nurses within the district nursing team.,Excessive reliance on agency staff within nursing teams.,Workforce dependency,0.9412194490432739,4
209,iss_0023306,https://www.judiciary.uk/prevention-of-future-death-reports/isabella-hope-hill/,2013-10-23,There is a lack of national guidelines regarding umbilical venous catheterisation.,Absence of national clinical guidelines for umbilical venous catheterisation.,Clinical guideline deficiency,0.9749252796173096,1
209,iss_0023307,https://www.judiciary.uk/prevention-of-future-death-reports/isabella-hope-hill/,2013-10-23,There is a need for improved education and training regarding umbilical venous catheter guidelines.,Insufficient training and education regarding umbilical venous catheter guidelines.,Clinical training deficiency,0.9613659381866455,2
209,iss_0023304,https://www.judiciary.uk/prevention-of-future-death-reports/isabella-hope-hill/,2013-10-23,Trust guidelines for umbilical venous catheter insertion were not followed.,Failure to follow clinical guidelines for umbilical venous catheter insertion.,Clinical procedure non-compliance,0.9594756364822388,3
209,iss_0011625,https://www.judiciary.uk/prevention-of-future-death-reports/yo-li/,2020-11-19,There is no NICE guidance regarding the use of umbilical venous catheters.,Absence of NICE guidance for umbilical venous catheter use.,Lack of guidance,0.9556636810302734,4
210,iss_0014028,https://www.judiciary.uk/prevention-of-future-death-reports/alexander-green/,2019-04-01,NICE guidelines for head injury were not appropriately applied to the patient.,Failure to follow NICE clinical guidelines for head injury management.,Clinical guideline non-compliance,0.9729453921318054,1
210,iss_0011758,https://www.judiciary.uk/prevention-of-future-death-reports/edward-cowey/,2020-10-14,Trust local policies regarding head injury treatment are inconsistent with NICE guidelines.,Local policies for head injury treatment deviate from NICE guidelines.,Policy non-compliance,0.9595301151275635,2
210,iss_0021025,https://www.judiciary.uk/prevention-of-future-death-reports/phyllis-barlow/,2015-01-29,There is widespread ignorance of NICE guidelines for head injuries among GP colleagues in Wales.,Lack of adherence to NICE guidelines for head injuries among GPs in Wales.,Clinical guideline non-compliance,0.9586434364318848,3
210,iss_0016047,https://www.judiciary.uk/prevention-of-future-death-reports/edwin-hooper/,2018-01-16,Inadequate adherence to NICE guidelines regarding CT scanning for patients with head injuries.,Failure to adhere to NICE guidelines for CT scanning in head injuries.,Clinical guideline non-compliance,0.9558194279670715,4
211,iss_0021237,https://www.judiciary.uk/prevention-of-future-death-reports/joanne-nobbs/,2014-12-04,The community mental health team failed to document the ongoing nature of the care plan.,Failure to document the ongoing nature of a care plan.,Inadequate clinical documentation,0.9703679084777832,1
211,iss_0012443,https://www.judiciary.uk/prevention-of-future-death-reports/adam-bojelian/,2020-02-05,No formal written care plan was created for the patient despite his complex medical needs.,Failure to create a formal written care plan for a patient.,Clinical documentation failure,0.959147572517395,2
211,iss_0017947,https://www.judiciary.uk/prevention-of-future-death-reports/matthew-russell/,2016-11-27,Structured care plans must be prepared for each patient.,Failure to prepare structured care plans for each patient.,Clinical documentation failure,0.9514744281768799,3
211,iss_0016546,https://www.judiciary.uk/prevention-of-future-death-reports/christopher-roberts/,2017-10-05,The care plan review was not documented.,Failure to document the care plan review.,Documentation failure,0.9489901661872864,4
212,iss_0012939,https://www.judiciary.uk/prevention-of-future-death-reports/liyakat-sidat/,2019-11-01,The Melrose Way bend lacks a continuous white line to prevent overtaking.,Absence of continuous white lines to prohibit overtaking on a bend.,Road marking deficiency,0.9971620440483093,1
212,iss_0012941,https://www.judiciary.uk/prevention-of-future-death-reports/salma-sidat/,2019-11-01,The Melrose Way bend lacks a continuous white line to prevent overtaking.,Absence of continuous white lines to prohibit overtaking on a bend.,Road marking deficiency,0.9971620440483093,2
212,iss_0012943,https://www.judiciary.uk/prevention-of-future-death-reports/hajra-sidat/,2019-11-01,The Melrose Way bend lacks a continuous white line to prevent overtaking.,Absence of continuous white lines to prohibit overtaking on a bend.,Road marking deficiency,0.9971620440483093,3
212,iss_0012724,https://www.judiciary.uk/prevention-of-future-death-reports/darren-wilson/,2019-12-05,There is an absence of double white lines to prevent overtaking.,Lack of double white lines to prohibit overtaking.,Road marking deficiency,0.9603557586669922,4
213,iss_0013791,https://www.judiciary.uk/prevention-of-future-death-reports/jenson-francis/,2019-05-17,Clinical staff failed to identify abnormal or pathological CTG readings.,Failure to identify abnormal CTG readings.,Clinical monitoring failure,0.9695932269096375,1
213,iss_0017569,https://www.judiciary.uk/prevention-of-future-death-reports/maxim-karpovich/,2017-02-22,Midwives and junior obstetricians failed to correctly interpret abnormal cardiotocograph traces.,Failure to correctly interpret abnormal cardiotocograph traces.,Clinical misinterpretation,0.9681823253631592,2
213,iss_0022670,https://www.judiciary.uk/prevention-of-future-death-reports/andre-matei/,2014-03-06,Staff failed to identify a pathological abnormality in the CTG trace.,Failure to identify a pathological abnormality in a CTG trace.,Diagnostic error,0.943699300289154,3
213,iss_0017570,https://www.judiciary.uk/prevention-of-future-death-reports/maxim-karpovich/,2017-02-22,The obstetric registrar incorrectly classified an abnormal cardiotocograph trace as normal.,Incorrect classification of an abnormal cardiotocograph trace.,Diagnostic error,0.9422749876976013,4
214,iss_0020302,https://www.judiciary.uk/prevention-of-future-death-reports/anthony-geerts/,2015-06-24,Discharge planning was non-existent or inadequate.,Discharge planning was inadequate or absent.,Care transition failure,0.973669707775116,1
214,iss_0016185,https://www.judiciary.uk/prevention-of-future-death-reports/francis-beech/,2017-12-12,A lack of continuity of care and inadequate discharge planning occurred.,Inadequate discharge planning and lack of continuity of care.,Care transitions,0.9526673555374146,2
214,iss_0018055,https://www.judiciary.uk/prevention-of-future-death-reports/james-flynn/,2016-10-31,"Inadequate discharge planning failed to ensure essential provisions, such as food, were available for a diabetic patient.",Inadequate discharge planning failed to ensure essential provisions for a patient.,Discharge planning failure,0.9522936344146729,3
214,iss_0020916,https://www.judiciary.uk/prevention-of-future-death-reports/henry-powell/,2015-02-18,Discharge care planning was inappropriate.,Discharge care planning was inappropriate.,Inadequate care planning,0.9459633827209473,4
215,iss_0020819,https://www.judiciary.uk/prevention-of-future-death-reports/craig-bell/,2015-03-09,The Senior Officer failed to recognise or act upon documented threats of self-harm and suicide during case reviews.,Failure to recognise or act upon documented self-harm and suicide threats.,Failure of duty,0.9863032698631287,1
215,iss_0016632,https://www.judiciary.uk/prevention-of-future-death-reports/sam-molyneux/,2017-09-13,Staff failed to act upon documented threats of self-harm provided to the governor.,Failure to act upon documented self-harm threats.,Safeguarding failure,0.9705055952072144,2
215,iss_0021559,https://www.judiciary.uk/prevention-of-future-death-reports/derek-hawkins/,2014-09-30,Clinical staff failed to communicate or act upon specific suicidal threats recorded in nursing notes.,Failure to communicate or act upon recorded suicidal threats.,Clinical communication failure,0.9344778060913086,3
215,iss_0019627,https://www.judiciary.uk/prevention-of-future-death-reports/richard-green/,2015-11-02,Medical professionals failed to recognise or act upon documented histories of self-harm and suicide attempts.,Failure to recognise or act upon documented self-harm and suicide histories.,Clinical oversight,0.9285119771957397,4
216,iss_0017442,https://www.judiciary.uk/prevention-of-future-death-reports/clive-davies/,2017-03-16,Neurological observations were not conducted at the required four-hour intervals.,Neurological observations were not performed at the required intervals.,Clinical monitoring failure,0.9717140197753906,1
216,iss_0017445,https://www.judiciary.uk/prevention-of-future-death-reports/james-mallett/,2017-03-16,Neurological observations were not carried out to an acceptable standard or in a timely manner.,Neurological observations were not performed to an acceptable standard or within required timeframes.,Clinical monitoring failure,0.9635676145553589,2
216,iss_0021063,https://www.judiciary.uk/prevention-of-future-death-reports/robert-jones/,2015-01-21,Neurological observations were not always recorded at the minimum recommended frequency.,Neurological observations were not recorded at the required minimum frequency.,Clinical monitoring failure,0.959682285785675,3
216,iss_0018030,https://www.judiciary.uk/prevention-of-future-death-reports/maurice-isaacs/,2016-11-07,Neurological observations were not conducted in accordance with Trust policy.,Neurological observations were not performed according to established policy.,Clinical monitoring failure,0.9546939134597778,4
217,iss_0001132,https://www.judiciary.uk/prevention-of-future-death-reports/mohammad-asghar-prevention-of-future-deaths-report/,2025-09-29,No Patient Safety Framework investigation has been conducted despite medical examiner concerns and a coroner's court direction.,Failure to conduct a required patient safety framework investigation.,Regulatory non-compliance,0.9792323708534241,1
217,iss_0000015,https://www.judiciary.uk/prevention-of-future-death-reports/john-loannou-prevention-of-future-deaths-report/,2026-03-10,The Barts Health Trust failed to investigate the death under the NHS England Patient Safety Framework.,Failure to investigate a death under the required patient safety framework.,Investigation failure,0.9667476415634155,2
217,iss_0001130,https://www.judiciary.uk/prevention-of-future-death-reports/mohammad-asghar-prevention-of-future-deaths-report/,2025-09-29,The Trust failed to identify this case as an incident requiring investigation through the Patient Safety Framework.,Failure to identify a case for investigation under the Patient Safety Framework.,Incident reporting failure,0.9633626937866211,3
218,iss_0000049,https://www.judiciary.uk/prevention-of-future-death-reports/caroline-adeyelu-prevention-of-future-deaths-report/,2026-03-05,There is a lack of direct and immediate operational liaison between the police and NHS mental health staff.,Insufficient operational liaison between police and NHS mental health services.,Inter-agency communication,0.9768751859664917,1
218,iss_0000047,https://www.judiciary.uk/prevention-of-future-death-reports/caroline-adeyelu-prevention-of-future-deaths-report/,2026-03-05,Communication systems between mental health services and the police are ineffective for frontline staff.,Ineffective communication between mental health services and police forces.,Inter-agency communication,0.961101770401001,2
218,iss_0012412,https://www.judiciary.uk/prevention-of-future-death-reports/kerry-aldridge/,2020-02-10,The police safeguarding team lacks established links with the NHS mental health team.,Lack of established links between police safeguarding and NHS mental health teams.,Inter-agency coordination,0.9540722370147705,3
219,iss_0005956,https://www.judiciary.uk/prevention-of-future-death-reports/claire-briggs-prevention-of-future-deaths-report/,2023-12-08,The ambulance service failed to undertake timely clinical reviews of the incident.,Failure to perform timely clinical reviews of incidents.,Clinical oversight failure,0.9713099002838135,1
219,iss_0015305,https://www.judiciary.uk/prevention-of-future-death-reports/mohammed-ahmed/,2018-07-18,The hospital failed to formally review the incident to reduce patient distress following the feticide.,Failure to conduct a formal incident review following a clinical event.,Clinical governance failure,0.965340256690979,2
219,iss_0000104,https://www.judiciary.uk/prevention-of-future-death-reports/urmila-patel-prevention-of-future-deaths-report/,2026-02-26,Ward staff failed to review clinical records to identify the previous day's fall.,Failure to review clinical records to identify previous incidents.,Clinical oversight,0.9622393846511841,3
220,iss_0015209,https://www.judiciary.uk/prevention-of-future-death-reports/donald-clegg/,2018-08-08,Record keeping was inadequate and incomplete.,Record keeping is inadequate and incomplete.,Inadequate record keeping,0.974747896194458,1
220,iss_0002662,https://www.judiciary.uk/prevention-of-future-death-reports/carl-eastman-prevention-of-future-deaths-report/,2025-02-17,Basic record keeping was deficient.,Record keeping practices were inadequate.,Inadequate documentation,0.9725015759468079,2
220,iss_0000128,https://www.judiciary.uk/prevention-of-future-death-reports/rajwinder-singh-prevention-of-future-deaths-report/,2026-02-19,There were significant gaps and omissions in record keeping.,Significant gaps and omissions in record keeping.,Incomplete documentation,0.9649849534034729,3
221,iss_0022450,https://www.judiciary.uk/prevention-of-future-death-reports/winifred-dennis/,2014-04-14,The absence of standardised handover procedures risks reducing the quality of patient care.,Lack of standardised handover procedures risks reducing patient care quality.,Clinical process standardisation,0.9746837019920349,1
221,iss_0002722,https://www.judiciary.uk/prevention-of-future-death-reports/katrina-insleay-prevention-of-future-deaths-report/,2025-02-06,The lack of a standardised handover procedure prevents effective monitoring of discharged patients.,Lack of standardised handover procedures prevents effective patient monitoring.,Clinical process failure,0.9646980166435242,2
221,iss_0000163,https://www.judiciary.uk/prevention-of-future-death-reports/james-fitzpatrick-prevention-of-future-deaths-report/,2026-02-12,The absence of standardised handover guidance creates a risk of incorrect or incomplete information being passed to caregivers.,Lack of standardised handover guidance risks incomplete or incorrect information transfer.,Information transfer risk,0.9586206674575806,3
222,iss_0000189,https://www.judiciary.uk/prevention-of-future-death-reports/barbara-wingate-prevention-of-future-deaths-report/,2026-02-10,Hospital bed blocking increases the risk of hospital-acquired illness for patients.,Delayed patient discharge increases risk of hospital-acquired infection.,Patient safety risk,0.9827929735183716,1
222,iss_0010612,https://www.judiciary.uk/prevention-of-future-death-reports/clive-rivers/,2021-06-10,Delays in discharge planning led to an increased risk of hospital-acquired infection.,Delayed discharge planning increases risk of hospital-acquired infection.,Patient safety risk,0.9743040800094604,2
222,iss_0001482,https://www.judiciary.uk/prevention-of-future-death-reports/leslie-thompson-prevention-of-future-deaths-report/,2025-07-29,Delays in discharge increase patient exposure to risks within the acute hospital environment.,Delayed patient discharge increases exposure to risks in acute hospital environments.,Patient safety risks,0.9640709161758423,3
223,iss_0000193,https://www.judiciary.uk/prevention-of-future-death-reports/josh-tarrant-1-prevention-of-future-deaths-report/,2026-02-09,The nurse on duty failed to declare a medical emergency despite signs of psychosis.,Failure to report a medical emergency during a psychotic episode.,Reporting failure,1.0019655227661133,1
223,iss_0000218,https://www.judiciary.uk/prevention-of-future-death-reports/josh-tarrant-3-prevention-of-future-deaths-report/,2026-02-09,The nurse on duty failed to declare a medical emergency despite signs of psychosis.,Failure to report a medical emergency during a psychotic episode.,Reporting failure,1.0019655227661133,2
223,iss_0000225,https://www.judiciary.uk/prevention-of-future-death-reports/josh-tarrant-2-prevention-of-future-deaths-report/,2026-02-09,The nurse on duty failed to declare a medical emergency despite signs of psychosis.,Failure to report a medical emergency during a psychotic episode.,Reporting failure,1.0019655227661133,3
224,iss_0000221,https://www.judiciary.uk/prevention-of-future-death-reports/josh-tarrant-3-prevention-of-future-deaths-report/,2026-02-09,"Healthcare staff made basic errors when performing CPR, including incorrect airway management.",Healthcare staff performed incorrect CPR and airway management techniques.,Clinical procedure error,0.9973037242889404,1
224,iss_0000228,https://www.judiciary.uk/prevention-of-future-death-reports/josh-tarrant-2-prevention-of-future-deaths-report/,2026-02-09,"Healthcare staff made basic errors when performing CPR, including incorrect airway management.",Healthcare staff performed incorrect CPR and airway management techniques.,Clinical procedure error,0.9973037242889404,2
224,iss_0001031,https://www.judiciary.uk/prevention-of-future-death-reports/jamie-funnell-prevention-of-future-deaths-report/,2025-10-13,Healthcare staff utilised incorrect CPR techniques.,Healthcare staff used incorrect CPR techniques.,Clinical procedure error,0.975938081741333,3
225,iss_0007569,https://www.judiciary.uk/prevention-of-future-death-reports/blackpool-fylde-prevention-of-future-deaths-report/,2023-04-03,The waiting time for neurodevelopmental assessments is excessively long.,Excessive waiting times for neurodevelopmental assessments.,Service delays,0.9891672134399414,1
225,iss_0000277,https://www.judiciary.uk/prevention-of-future-death-reports/kallum-reed-prevention-of-future-deaths-report/,2026-02-05,There are unacceptably long waits for neurodevelopmental assessments and diagnoses.,Excessive waiting times for neurodevelopmental assessments and diagnoses.,Service delays,0.985640287399292,2
225,iss_0002656,https://www.judiciary.uk/prevention-of-future-death-reports/joshua-weavers-prevention-of-future-deaths-report/,2025-02-17,National waiting times for ASD assessments are excessively long.,Excessive waiting times for autism spectrum disorder assessments.,Healthcare service delays,0.960456371307373,3
226,iss_0006244,https://www.judiciary.uk/prevention-of-future-death-reports/christopher-hart-prevention-of-future-deaths-report/,2023-11-09,The lack of sufficient ambulance resource in Suffolk poses a risk of future loss of life.,Insufficient ambulance resources pose a risk to patient lives.,Resource inadequacy,0.9897302389144897,1
226,iss_0006262,https://www.judiciary.uk/prevention-of-future-death-reports/gina-bywater-prevention-of-future-deaths-report/,2023-11-07,The lack of sufficient ambulance resource in Suffolk poses a risk of future loss of life.,Insufficient ambulance resources pose a risk to patient lives.,Resource inadequacy,0.9897302389144897,2
226,iss_0000332,https://www.judiciary.uk/prevention-of-future-death-reports/heather-parkhill-prevention-of-future-deaths-report/,2026-02-02,Persistent unavailability of ambulance resources continues to place lives at risk.,Persistent unavailability of ambulance resources poses a risk to life.,Emergency service shortage,0.9682142734527588,3
227,iss_0015286,https://www.judiciary.uk/prevention-of-future-death-reports/ruth-perkins/,2018-07-20,Staffing levels were insufficient to manage the resident's high risk of falls following her admission.,Inadequate staffing levels to manage high risk of falls.,Staffing inadequacy,0.9755404591560364,1
227,iss_0000360,https://www.judiciary.uk/prevention-of-future-death-reports/patricia-walker-prevention-of-future-deaths-report/,2026-01-28,Inadequate staffing increases the risk of patient falls.,Insufficient staffing levels increase the risk of patient falls.,Staffing inadequacy,0.9719719290733337,2
227,iss_0012402,https://www.judiciary.uk/prevention-of-future-death-reports/donald-elliott/,2020-02-12,Staffing levels were insufficient during the falls recorded on 24 January 2019 and 31 January 2019.,Inadequate staffing levels during recorded patient falls.,Staffing inadequacy,0.962334156036377,3
228,iss_0023538,https://www.judiciary.uk/prevention-of-future-death-reports/may-gibson/,2013-08-30,The care home lacked cohesive management and sufficient staff training and supervision.,"Inadequate management, staff training, and supervision within a care facility.",Inadequate care management,0.9798730611801147,1
228,iss_0000396,https://www.judiciary.uk/prevention-of-future-death-reports/george-ritchie-prevention-of-future-deaths-report-2/,2026-01-21,The Operations Manager failed to implement supervision or oversight at the nursing home.,Failure to implement adequate supervision or oversight within a care facility.,Lack of oversight,0.9478855729103088,2
228,iss_0008853,https://www.judiciary.uk/prevention-of-future-death-reports/joan-richardson-prevention-of-future-deaths-report/,2022-07-01,"Training, support, and supervision of care staff were inadequate.","Inadequate training, support, and supervision of care staff.",Staff management,0.9458721280097961,3
229,iss_0017847,https://www.judiciary.uk/prevention-of-future-death-reports/jane-stables/,2016-12-15,Pain was not effectively managed or controlled.,Inadequate management of pain.,Clinical care quality,0.9878120422363281,1
229,iss_0000477,https://www.judiciary.uk/prevention-of-future-death-reports/david-dugdale-prevention-of-future-deaths-report/,2026-01-08,Inadequate management of post-operative pain.,Inadequate management of post-operative pain.,Clinical care management,0.9735362529754639,2
229,iss_0005975,https://www.judiciary.uk/prevention-of-future-death-reports/sarah-chappell-prevention-of-future-deaths-report/,2023-12-07,Pain relief provided to the patient was inadequate.,Inadequate pain management for the patient.,Clinical care quality,0.97273850440979,3
230,iss_0015639,https://www.judiciary.uk/prevention-of-future-death-reports/jonathan-earp/,2018-05-08,Clinical staff failed to consider the risks of the patient taking additional fentanyl alongside illicit medication.,Failure to assess risks of drug interactions with illicit substances.,Clinical assessment error,0.9789361357688904,1
230,iss_0013395,https://www.judiciary.uk/prevention-of-future-death-reports/deborah-chapman/,2019-08-01,The medical practice failed to assess the risks of concomitant use of prescribed and illicit drugs.,Failure to assess risks of concomitant use of prescribed and illicit drugs.,Clinical assessment failure,0.9585203528404236,2
230,iss_0000505,https://www.judiciary.uk/prevention-of-future-death-reports/fallon-adams-prevention-of-future-deaths-report/,2025-12-29,Ms Adams was not provided with specific warnings regarding the risks of combining prescribed medication with illicit substances.,Failure to provide warnings regarding drug interactions with illicit substances.,Inadequate medical warning,0.9546135663986206,3
231,iss_0005873,https://www.judiciary.uk/prevention-of-future-death-reports/chloe-macdermott-prevention-of-future-deaths-report/,2023-12-19,Products used in suicide are easily accessible via international online retailers.,Easy access to means of self-harm via online retailers.,Self-harm accessibility,0.9726958274841309,1
231,iss_0000631,https://www.judiciary.uk/prevention-of-future-death-reports/stella-leclaire-prevention-of-future-deaths-report/,2025-12-09,The availability of [REDACTED] sold for the purpose of advocating its use in suicides is a concern.,Availability of products used to promote self-harm or suicide.,Self-harm promotion,0.9642979502677917,2
231,iss_0005384,https://www.judiciary.uk/prevention-of-future-death-reports/deborah-cooper-prevention-of-future-deaths-report/,2024-02-26,Books providing clear instructions on methods of suicide are freely available on the Amazon.co.uk website.,Availability of instructional material for self-harm on e-commerce platforms.,Self-harm content,0.961496114730835,3
232,iss_0023460,https://www.judiciary.uk/prevention-of-future-death-reports/sally-king/,2013-09-23,A lack of available beds delayed the patient's transfer to the Respiratory Team.,Patient transfer delayed due to insufficient bed availability.,Capacity constraints,0.980828046798706,1
232,iss_0000668,https://www.judiciary.uk/prevention-of-future-death-reports/lina-piroli-prevention-of-future-deaths-report/,2025-12-04,A lack of available ward beds resulted in the patient remaining in the emergency department.,Inability to transfer patient due to lack of available ward beds.,Capacity constraints,0.9613752365112305,2
232,iss_0007517,https://www.judiciary.uk/prevention-of-future-death-reports/joseph-maunick-prevention-of-future-deaths-report/,2023-04-20,High demand and bed shortages prevent the timely transfer of patients to more appropriate clinical environments.,Patient transfer delays due to high demand and bed shortages.,Capacity constraints,0.9567661881446838,3
233,iss_0004697,https://www.judiciary.uk/prevention-of-future-death-reports/miriam-stone-prevention-of-future-deaths-report/,2024-05-20,Clinical staff failed to formally assess the patient upon admission.,Failure to perform formal clinical assessment upon patient admission.,Clinical assessment failure,0.9812942743301392,1
233,iss_0000799,https://www.judiciary.uk/prevention-of-future-death-reports/tracey-oldfield-prevention-of-future-deaths-report/,2025-11-11,The patient was not formally clerked in upon admission.,Failure to perform formal clinical clerking upon patient admission.,Clinical documentation failure,0.9605544209480286,2
233,iss_0008371,https://www.judiciary.uk/prevention-of-future-death-reports/carl-wright-prevention-of-future-deaths-report/,2022-10-17,The rehabilitation unit failed to undertake necessary assessments prior to admission.,Failure to conduct required assessments before patient admission.,Pre-admission assessment failure,0.9550437331199646,3
234,iss_0000877,https://www.judiciary.uk/prevention-of-future-death-reports/raymond-leake-prevention-of-future-deaths-report/,2025-10-28,The radiology department failed to book a required CT head scan within the mandated eight-hour timeframe.,Failure to perform a required CT scan within the mandated timeframe.,Clinical delay,0.9734060764312744,1
234,iss_0012898,https://www.judiciary.uk/prevention-of-future-death-reports/pamela-moran/,2019-11-12,There were three missed opportunities to undertake a CT scan.,Failure to perform required CT scans on three occasions.,Diagnostic omission,0.9731701016426086,2
234,iss_0004982,https://www.judiciary.uk/prevention-of-future-death-reports/thomas-wakefield-prevention-of-future-deaths-report/,2024-04-17,A necessary CT scan was not ordered or completed.,Failure to order or complete a required CT scan.,Diagnostic omission,0.9665004014968872,3
235,iss_0001157,https://www.judiciary.uk/prevention-of-future-death-reports/susan-barrett-prevention-of-future-deaths-report/,2025-09-25,Deficits in communication between the Community Nursing Team and Tissue Viability Service caused delays in nursing care.,Communication failures between clinical teams caused delays in patient care.,Clinical communication failure,0.971565842628479,1
235,iss_0019537,https://www.judiciary.uk/prevention-of-future-death-reports/bryan-catanach-2/,2015-12-01,Communication failures between clinicians and hospital Trusts caused delays in patient transfer and clinical reviews.,Communication failures between clinicians and trusts causing delays in patient care.,Communication failure,0.9581586122512817,2
235,iss_0007028,https://www.judiciary.uk/prevention-of-future-death-reports/peter-fleming-prevention-of-future-deaths-report/,2023-07-14,Ineffective communication between specialist mental health teams causes delays in care.,Ineffective communication between specialist teams causes delays in care.,Communication failure,0.9576920866966248,3
236,iss_0001324,https://www.judiciary.uk/prevention-of-future-death-reports/ricky-oconnell-prevention-of-future-deaths-report/,2025-08-20,Prolonged hospital handovers significantly delayed ambulance response times.,Extended hospital handovers cause delays in ambulance response times.,Emergency response delay,0.979711651802063,1
236,iss_0005140,https://www.judiciary.uk/prevention-of-future-death-reports/patricia-eyken-prevention-of-future-deaths-report/,2024-03-25,Prolonged ambulance handover delays increase emergency response times.,Ambulance handover delays increase emergency response times.,Emergency service delays,0.9691554307937622,2
236,iss_0003801,https://www.judiciary.uk/prevention-of-future-death-reports/dennis-harry-prevention-of-future-deaths-report/,2024-09-22,Delayed patient discharges cause significant ambulance handover delays and increased response times.,Delayed patient discharges cause ambulance handover delays and increased response times.,Operational delays,0.9605966806411743,3
237,iss_0003435,https://www.judiciary.uk/prevention-of-future-death-reports/james-boland-prevention-of-future-deaths-report/,2024-11-05,Users may lack an understanding of the significant long-term health risks associated with ketamine use until physical damage has occurred.,Insufficient awareness of long-term health risks associated with ketamine use.,Health risk awareness,0.9773362278938293,1
237,iss_0001339,https://www.judiciary.uk/prevention-of-future-death-reports/gemma-weeks-prevention-of-future-deaths-report/,2025-08-19,The health consequences of chronic ketamine use are not well understood outside of healthcare and drug treatment circles.,Insufficient knowledge regarding the long-term health effects of chronic ketamine use.,Health impact uncertainty,0.9572347402572632,2
237,iss_0001336,https://www.judiciary.uk/prevention-of-future-death-reports/gemma-weeks-prevention-of-future-deaths-report/,2025-08-19,The public and potential first-time users do not fully understand the risks of acute and chronic ketamine use.,Insufficient public understanding of the risks associated with ketamine use.,Lack of awareness,0.9533165693283081,3
238,iss_0006549,https://www.judiciary.uk/prevention-of-future-death-reports/frederick-le-grice-prevention-of-future-deaths-report/,2023-09-29,Clinicians and patients were unaware of the risk of lung damage associated with nitrofurantoin.,Lack of awareness regarding the risk of lung damage from nitrofurantoin.,Information deficiency,0.9807345271110535,1
238,iss_0006551,https://www.judiciary.uk/prevention-of-future-death-reports/frederick-le-grice-prevention-of-future-deaths-report/,2023-09-29,There is insufficient information available to alert patients and clinicians to the potential for irreversible lung damage from nitrofurantoin.,Inadequate warning regarding the risk of irreversible lung damage from nitrofurantoin.,Inadequate safety information,0.9775717258453369,2
238,iss_0001341,https://www.judiciary.uk/prevention-of-future-death-reports/venetia-pierce-prevention-of-future-deaths-report/,2025-08-19,Clinical awareness of the risk of nitrofurantoin-induced pulmonary damage in elderly patients is insufficient.,Insufficient clinical awareness of nitrofurantoin-induced pulmonary damage risk in elderly patients.,Clinical awareness deficit,0.9732261896133423,3
239,iss_0001365,https://www.judiciary.uk/prevention-of-future-death-reports/charlotte-noordam-prevention-of-future-deaths-report/,2025-08-12,Additional safety measures have not been implemented to mitigate risks at the junction.,Insufficient safety measures implemented to mitigate junction risks.,Inadequate safety controls,0.9811948537826538,1
239,iss_0011136,https://www.judiciary.uk/prevention-of-future-death-reports/yvonne-copland/,2021-03-08,Existing safety measures taken by the Isle of Wight Council are insufficient to ensure the junction is significantly safer.,Existing safety measures are insufficient to ensure junction safety.,Inadequate safety measures,0.9520678520202637,2
239,iss_0010642,https://www.judiciary.uk/prevention-of-future-death-reports/pathushan-sutharsan/,2021-06-04,There are no definitive plans to address the identified risks at the junction.,Lack of definitive plans to mitigate identified junction risks.,Risk management deficiency,0.9458685517311096,3
240,iss_0020917,https://www.judiciary.uk/prevention-of-future-death-reports/henry-powell/,2015-02-18,Staff training regarding the use of bed rails was insufficient.,Inadequate staff training on the use of bed rails.,Training deficiency,0.9857611656188965,1
240,iss_0013470,https://www.judiciary.uk/prevention-of-future-death-reports/barbara-humphreys/,2019-07-23,"Staff lack adequate training regarding the selection, fitting, management, and review of bed rails and accompanying bedding.",Inadequate staff training regarding the management of bed rails and bedding.,Training deficiency,0.9729125499725342,2
240,iss_0001400,https://www.judiciary.uk/prevention-of-future-death-reports/marion-jones-prevention-of-future-deaths-report/,2025-08-07,Nursing staff lacked sufficient knowledge regarding the appropriate procedure for bed rail assessments.,Insufficient staff knowledge regarding bed rail assessment procedures.,Training and competence,0.9550307393074036,3
241,iss_0015753,https://www.judiciary.uk/prevention-of-future-death-reports/frank-hayward-2/,2018-03-29,The initial CT scan failed to identify the subdural haemorrhage.,Failure to identify a subdural haemorrhage during an initial CT scan.,Diagnostic error,0.9934827089309692,1
241,iss_0001402,https://www.judiciary.uk/prevention-of-future-death-reports/kenneth-edwards-prevention-of-future-deaths-report/,2025-08-07,A subdural haematoma was not identified during the initial CT scan report.,Failure to identify a subdural haematoma on an initial CT scan report.,Diagnostic error,0.9853338599205017,2
241,iss_0014017,https://www.judiciary.uk/prevention-of-future-death-reports/terence-thornton/,2019-04-03,The initial CT scan failed to identify a subtle subdural haemorrhage.,Failure to detect a subtle subdural haemorrhage on initial CT scan.,Diagnostic error,0.984516978263855,3
242,iss_0001407,https://www.judiciary.uk/prevention-of-future-death-reports/jacob-wooderson-prevention-of-future-deaths-report/,2025-08-06,The psychiatrist failed to record advice given to the patient regarding the adverse side effects of Elvanse.,Failure to record advice regarding medication side effects.,Inadequate clinical documentation,0.9709957838058472,1
242,iss_0019599,https://www.judiciary.uk/prevention-of-future-death-reports/david-white/,2015-11-11,The effect of heparin causing confusion was not recorded and therefore not acted upon.,Failure to record and act upon a medication-induced side effect.,Clinical documentation error,0.9666754007339478,2
242,iss_0009073,https://www.judiciary.uk/prevention-of-future-death-reports/matthew-evans-prevention-of-future-deaths-report/,2022-05-18,"The GP failed to document warnings regarding the side-effects of Mirtazapine, specifically the increased risk of suicidal ideation.",Failure to document medication side-effect warnings.,Clinical documentation error,0.9641360640525818,3
243,iss_0018175,https://www.judiciary.uk/prevention-of-future-death-reports/barry-thompson/,2016-10-11,"Staff were unable to locate essential medical equipment, specifically the ketone testing box.",Essential medical equipment was unavailable or could not be located.,Equipment unavailability,0.9819434285163879,1
243,iss_0001429,https://www.judiciary.uk/prevention-of-future-death-reports/maureen-batchelor-prevention-of-future-deaths-report/,2025-08-05,"Essential medical equipment, such as suction, was unavailable in the corridor area.",Essential medical equipment was unavailable in the clinical area.,Resource unavailability,0.9677473306655884,2
243,iss_0018736,https://www.judiciary.uk/prevention-of-future-death-reports/rodney-blair/,2016-05-19,"Essential medical equipment, such as the defibrillator, was inaccessible to responding staff during an emergency.",Essential medical equipment was inaccessible during an emergency.,Equipment accessibility,0.9567440748214722,3
244,iss_0001437,https://www.judiciary.uk/prevention-of-future-death-reports/john-bell-prevention-of-future-deaths-report/,2025-08-04,No Datix report was submitted following the incident.,Failure to report an incident via the Datix system.,Incident reporting failure,1.0016937255859375,1
244,iss_0001792,https://www.judiciary.uk/prevention-of-future-death-reports/hazel-gambles-prevention-of-future-deaths-report/,2025-06-17,"A Datix report was not submitted following the in-patient fall, preventing timely investigation.",Failure to report an incident via the Datix system.,Incident reporting failure,1.0016937255859375,2
244,iss_0005654,https://www.judiciary.uk/prevention-of-future-death-reports/thomas-ithell-prevention-of-future-deaths-report/,2024-01-22,No Datix incident report was raised when the failure to follow up was identified.,Failure to report an identified incident via the Datix system.,Incident reporting failure,0.9987319707870483,3
245,iss_0006847,https://www.judiciary.uk/prevention-of-future-death-reports/doris-urch-prevention-of-future-deaths-report/,2023-08-11,Staff demonstrated a lack of familiarity with risk assessments and care plans.,Staff lack familiarity with risk assessments and care plans.,Staff competency,0.9808057546615601,1
245,iss_0019759,https://www.judiciary.uk/prevention-of-future-death-reports/john-bird/,2015-10-16,The care home failed to ensure staff were familiar with risk assessments and care plans.,Staff were not sufficiently familiar with risk assessments and care plans.,Staff training failure,0.9748871326446533,2
245,iss_0001459,https://www.judiciary.uk/prevention-of-future-death-reports/margaret-medlicott-prevention-of-future-deaths-report/,2025-08-01,Staff may not have received sufficient training in conducting risk assessments and care planning.,Staff may lack sufficient training for risk assessments and care planning.,Inadequate staff training,0.9657003879547119,3
246,iss_0001503,https://www.judiciary.uk/prevention-of-future-death-reports/samantha-young-prevention-of-future-deaths-report/,2025-07-25,Communication with the families of patients with mental health difficulties was not effectively achieved.,Ineffective communication with families of patients with mental health difficulties.,Communication failure,0.9880741834640503,1
246,iss_0006889,https://www.judiciary.uk/prevention-of-future-death-reports/kirsty-taylor-prevention-of-future-deaths-report/,2023-07-28,Communication with the families of patients with mental health difficulties is not being effectively achieved.,Ineffective communication with families of patients with mental health difficulties.,Communication failure,0.9880741834640503,2
246,iss_0007125,https://www.judiciary.uk/prevention-of-future-death-reports/kaye-mccoy-prevention-of-future-deaths-report/,2023-06-30,Engagement with the patient's family by the mental health teams was poor.,Inadequate engagement with patient families by mental health teams.,Communication failure,0.9605238437652588,3
247,iss_0001537,https://www.judiciary.uk/prevention-of-future-death-reports/madeline-reding-prevention-of-future-deaths-report/,2025-07-21,The 999 call was not made immediately upon discovering the patient was unresponsive.,Delay in contacting emergency services after discovering an unresponsive patient.,Emergency response delay,0.9931237697601318,1
247,iss_0010674,https://www.judiciary.uk/prevention-of-future-death-reports/peggy-copeman/,2021-05-28,Emergency services were not called immediately upon the patient becoming unresponsive.,Delay in contacting emergency services after a patient becomes unresponsive.,Emergency response delay,0.9914088845252991,2
247,iss_0002865,https://www.judiciary.uk/prevention-of-future-death-reports/2025-0045-prevention-of-future-deaths-report/,2025-01-20,Emergency services were not called promptly following the initial discovery of the unresponsive student.,Delay in contacting emergency services following discovery of an unresponsive individual.,Emergency response delay,0.989661455154419,3
248,iss_0001576,https://www.judiciary.uk/prevention-of-future-death-reports/myles-scriven-prevention-of-future-deaths-report/,2025-07-14,Failure to implement necessary adjustments for autism and learning disabilities.,Failure to provide necessary reasonable adjustments for neurodiversity and learning disabilities.,Inadequate accessibility support,0.987156867980957,1
248,iss_0001582,https://www.judiciary.uk/prevention-of-future-death-reports/myles-scriven-2-prevention-of-future-deaths-report/,2025-07-14,The Trust failed to implement necessary adjustments for autism and learning disabilities.,Failure to implement reasonable adjustments for neurodiversity and learning disabilities.,Failure to provide adjustments,0.9810612797737122,2
248,iss_0006425,https://www.judiciary.uk/prevention-of-future-death-reports/claire-twinn-prevention-of-future-deaths-report/,2023-10-16,Reasonable adjustments were not made for the patient's learning disability and impaired communication.,Failure to provide reasonable adjustments for learning disabilities and communication impairments.,Failure to provide adjustments,0.9592722654342651,3
249,iss_0001608,https://www.judiciary.uk/prevention-of-future-death-reports/doreen-swann-prevention-of-future-deaths-report/,2025-07-10,Delayed discharges create a knock-on impact on the hospital Emergency Department.,Delayed patient discharges impact emergency department operations.,Operational inefficiency,0.9734423756599426,1
249,iss_0006982,https://www.judiciary.uk/prevention-of-future-death-reports/thelma-radmore-prevention-of-future-deaths-report/,2023-07-19,Difficulties in discharging ward patients prevented the movement of patients from the Emergency Department.,Delayed patient discharges causing emergency department boarding.,Patient flow obstruction,0.96896892786026,2
249,iss_0005138,https://www.judiciary.uk/prevention-of-future-death-reports/patricia-eyken-prevention-of-future-deaths-report/,2024-03-25,Delayed patient discharges cause a build-up of patients in emergency departments.,Delayed patient discharges lead to emergency department overcrowding.,Patient flow management,0.9616714715957642,3
250,iss_0013308,https://www.judiciary.uk/prevention-of-future-death-reports/amir-siman-tov/,2019-08-28,Staff failed to initiate the 'code blue' protocol to summon an emergency ambulance.,Failure to initiate emergency medical protocols.,Emergency response failure,0.9754573702812195,1
250,iss_0018763,https://www.judiciary.uk/prevention-of-future-death-reports/ronnie-olliffe/,2016-05-15,Staff failed to issue a Code Blue in accordance with local and national policy.,Failure to initiate emergency medical protocols in accordance with established policy.,Clinical protocol non-compliance,0.963893473148346,2
250,iss_0001669,https://www.judiciary.uk/prevention-of-future-death-reports/george-emmett-prevention-of-future-deaths-report/,2025-07-04,Emergency assistance was not summoned in accordance with the Medical Emergency Response Codes.,Failure to summon emergency assistance according to established medical response protocols.,Emergency response failure,0.9622822999954224,3
251,iss_0005041,https://www.judiciary.uk/prevention-of-future-death-reports/carole-mather-prevention-of-future-deaths-report/,2024-04-08,The doctor was unaware of the deceased's history of mental health service involvement during the assessment.,Failure to review a patient's mental health history during clinical assessment.,Incomplete medical history,0.9779488444328308,1
251,iss_0001673,https://www.judiciary.uk/prevention-of-future-death-reports/daniel-hatchett-prevention-of-future-deaths-report/,2025-07-04,Healthcare professionals did not expressly question the patient regarding his mental health.,Failure to assess a patient's mental health status.,Clinical assessment failure,0.9563828706741333,2
251,iss_0007485,https://www.judiciary.uk/prevention-of-future-death-reports/elsie-leaver-prevention-of-future-deaths-report/,2023-04-26,Clinicians at SGH failed to take a reasonable psychiatric history during clerking.,Failure to obtain a thorough psychiatric history during clinical assessment.,Clinical assessment error,0.955581545829773,3
252,iss_0016229,https://www.judiciary.uk/prevention-of-future-death-reports/dorothy-breislin/,2017-12-04,The required actions outlined in the Action Plan have not been implemented.,Failure to implement required actions from the action plan.,Non-compliance with plans,0.9793462753295898,1
252,iss_0001749,https://www.judiciary.uk/prevention-of-future-death-reports/louise-crane-1-prevention-of-future-deaths-report/,2025-06-23,The Trust failed to implement or approve essential actions within its own identified action plan.,Failure to implement or approve essential actions within an identified action plan.,Governance failure,0.969464898109436,2
252,iss_0003819,https://www.judiciary.uk/prevention-of-future-death-reports/gordon-long-prevention-of-future-deaths-report/,2024-09-19,The Trust failed to demonstrate effective implementation of the agreed action plan.,Failure to demonstrate effective implementation of an agreed action plan.,Implementation failure,0.9686346650123596,3
253,iss_0008102,https://www.judiciary.uk/prevention-of-future-death-reports/tina-allen-prevention-of-future-deaths-report/,2022-12-05,Carers failed to adhere to the prescribed soft and mashed food diet.,Failure to adhere to prescribed dietary requirements.,Care delivery failure,0.9902112483978271,1
253,iss_0001779,https://www.judiciary.uk/prevention-of-future-death-reports/edward-cassin-prevention-of-future-deaths-report/,2025-06-18,Dietary restrictions regarding prohibited foods were not adhered to.,Failure to adhere to dietary restrictions.,Dietary non-compliance,0.9808200597763062,2
253,iss_0007718,https://www.judiciary.uk/prevention-of-future-death-reports/peter-seaby-prevention-of-future-deaths-report/,2023-02-27,Staff failed to adhere to the required SALT dietary and supervision requirements.,Failure to adhere to required dietary and supervision requirements.,Compliance failure,0.9670702815055847,3
254,iss_0022554,https://www.judiciary.uk/prevention-of-future-death-reports/joseph-godfrey/,2014-03-31,Clinical observations of the patient were not appropriately recorded in the clinical records.,Clinical observations were not appropriately recorded in patient records.,Incomplete clinical documentation,0.9791721105575562,1
254,iss_0010486,https://www.judiciary.uk/prevention-of-future-death-reports/johanna-moreland/,2021-07-11,Required levels of observations were not recorded in the medical records due to miscommunication.,Required clinical observations were not recorded in medical records.,Documentation failure,0.9709734916687012,2
254,iss_0001795,https://www.judiciary.uk/prevention-of-future-death-reports/upali-meththananda-prevention-of-future-deaths-report/,2025-06-17,Clinical notes failed to record key events and observations taken prior to the patient's collapse.,Clinical documentation failed to record significant patient events and observations.,Incomplete clinical documentation,0.9548648595809937,3
255,iss_0001819,https://www.judiciary.uk/prevention-of-future-death-reports/valerie-hill-2-prevention-of-future-deaths-report/,2025-06-13,Inadequate risk assessments and referrals at the care home prevented appropriate fall prevention precautions.,Inadequate risk assessments and referrals prevented appropriate fall prevention measures.,Inadequate clinical oversight,0.9850926995277405,1
255,iss_0001810,https://www.judiciary.uk/prevention-of-future-death-reports/valerie-hill-1-prevention-of-future-deaths-report/,2025-06-13,Inadequate risk assessments and referrals at the care home prevented appropriate precautions to mitigate falls.,Inadequate risk assessments and referrals prevented appropriate fall mitigation measures.,Inadequate risk management,0.9814568758010864,2
255,iss_0016317,https://www.judiciary.uk/prevention-of-future-death-reports/peter-king/,2017-11-20,Falls risk assessments and precautions to minimise fall risks were not properly documented.,Fall risk assessments and preventative measures were not adequately documented.,Documentation deficiency,0.9572521448135376,3
256,iss_0001874,https://www.judiciary.uk/prevention-of-future-death-reports/frederick-ireland-rose-prevention-of-future-deaths-report/,2025-06-06,Cannabinoid vape users may lack awareness of the risks posed by nitazene contamination.,Lack of awareness regarding risks from nitazene contamination in cannabinoid vapes.,Product safety awareness,0.9767850041389465,1
256,iss_0001872,https://www.judiciary.uk/prevention-of-future-death-reports/frederick-ireland-rose-prevention-of-future-deaths-report/,2025-06-06,The presence of nitazenes in cannabinoid vaping fluids is insufficiently recognised.,Insufficient recognition of nitazenes in cannabinoid vaping fluids.,Substance contamination,0.9753491878509521,2
256,iss_0001873,https://www.judiciary.uk/prevention-of-future-death-reports/frederick-ireland-rose-prevention-of-future-deaths-report/,2025-06-06,The risk of overdose from nitazene ingestion via vaping is significant due to unpredictable dosage.,Risk of overdose from unpredictable nitazene dosage via vaping.,Substance overdose risk,0.9657334089279175,3
257,iss_0018733,https://www.judiciary.uk/prevention-of-future-death-reports/rodney-blair/,2016-05-19,Healthcare staff failed to recognise or act upon the prisoner's history of antidepressant medication.,Failure to recognise or act upon a patient's medication history.,Clinical oversight,0.9780484437942505,1
257,iss_0001883,https://www.judiciary.uk/prevention-of-future-death-reports/edward-wilson-prevention-of-future-deaths-report/,2025-06-05,The paramedics failed to consider the patient's significant history of heart failure when administering salbutamol nebulisers.,Failure to consider patient medical history during medication administration.,Clinical oversight,0.9618289470672607,2
257,iss_0022568,https://www.judiciary.uk/prevention-of-future-death-reports/margaret-walker/,2014-03-25,Details of the patient's previous diabetes medication regime were not sought promptly upon admission.,Failure to promptly obtain previous medication history upon patient admission.,Information gathering failure,0.961031973361969,3
258,iss_0002039,https://www.judiciary.uk/prevention-of-future-death-reports/andrew-brown-prevention-of-future-deaths-report-2/,2025-05-23,Vendors are unaware that their contact details are being distributed by platforms promoting suicide methods.,Unauthorised distribution of vendor contact details by platforms promoting self-harm.,Data privacy breach,0.998710036277771,1
258,iss_0002049,https://www.judiciary.uk/prevention-of-future-death-reports/kelly-walsh-prevention-of-future-deaths-report/,2025-05-23,Vendors are unaware that their contact details are being distributed by platforms promoting suicide methods.,Unauthorised distribution of vendor contact details by platforms promoting self-harm.,Data privacy breach,0.998710036277771,2
258,iss_0002063,https://www.judiciary.uk/prevention-of-future-death-reports/matthew-oreilly-prevention-of-future-deaths-report/,2025-05-23,Vendors are unaware that their contact details are being distributed by platforms promoting suicide methods.,Unauthorised distribution of vendor contact details by platforms promoting self-harm.,Data privacy breach,0.998710036277771,3
259,iss_0006177,https://www.judiciary.uk/prevention-of-future-death-reports/lauren-smith-prevention-of-future-deaths-report/,2023-11-15,West Midlands Ambulance Service failed to implement collective learning following a fatal incident.,Failure to implement collective learning following a fatal incident.,Learning failure,0.9720499515533447,1
259,iss_0002094,https://www.judiciary.uk/prevention-of-future-death-reports/wayne-brown-prevention-of-future-deaths-report/,2025-05-20,WMFS failed to identify opportunities to learn from the death through investigation.,Failure to identify learning opportunities from a fatal incident investigation.,Investigation failure,0.9632023572921753,2
259,iss_0013410,https://www.judiciary.uk/prevention-of-future-death-reports/nigel-abbott/,2019-07-31,Birmingham City Council has not effectively implemented organisational learning from the incident.,Failure to implement organisational learning from incidents.,Organisational learning failure,0.9592020511627197,3
260,iss_0009938,https://www.judiciary.uk/prevention-of-future-death-reports/mollie-dimmock-prevention-of-future-deaths-report/,2021-11-09,The parents were not informed of the risks of shoulder dystocia during the antenatal period.,Failure to disclose risks of shoulder dystocia during the antenatal period.,Informed consent failure,0.9810762405395508,1
260,iss_0002205,https://www.judiciary.uk/prevention-of-future-death-reports/jannat-abbker-prevention-of-future-deaths-report/,2025-04-25,Staff failed to recognise the risk of shoulder dystocia during the pregnancy.,Failure to recognise the risk of shoulder dystocia during pregnancy.,Clinical risk assessment,0.9659371376037598,2
260,iss_0010437,https://www.judiciary.uk/prevention-of-future-death-reports/vinnie-dodds-prevention-of-future-deaths-report/,2021-07-20,Counselling regarding shoulder dystocia risks may fail to include the rare risk of foetal death.,Inadequate disclosure of fetal death risks during shoulder dystocia counselling.,Informed consent failure,0.9622353315353394,3
261,iss_0018370,https://www.judiciary.uk/prevention-of-future-death-reports/harry-glibbery/,2016-08-16,Failure to monitor weight changes led to inappropriate weight-dependent medication dosing.,Inappropriate medication dosing due to failure to monitor weight changes.,Medication dosing error,0.9753427505493164,1
261,iss_0018940,https://www.judiciary.uk/prevention-of-future-death-reports/hayley-clark/,2016-04-12,Staff failed to adjust the paracetamol dosage to reflect the patient's extremely low body weight.,Failure to adjust medication dosage according to patient body weight.,Medication dosing error,0.9641664624214172,2
261,iss_0002345,https://www.judiciary.uk/prevention-of-future-death-reports/jacqueline-green-prevention-of-future-deaths-report/,2025-04-04,Nursing staff failed to challenge or clarify inappropriate paracetamol dosages despite identifying a lower estimated weight.,Failure to challenge inappropriate medication dosages despite identifying incorrect patient weight.,Medication administration error,0.9564592838287354,3
262,iss_0014277,https://www.judiciary.uk/prevention-of-future-death-reports/robert-chandler/,2019-02-21,"Recommendations from the internal investigation, including a clinical debrief, were not implemented.",Failure to implement recommendations from an internal investigation.,Non-compliance with recommendations,0.9869204759597778,1
262,iss_0002347,https://www.judiciary.uk/prevention-of-future-death-reports/linda-farmer-prevention-of-future-deaths-report/,2025-04-04,The Trust failed to implement recommendations from its own Structured Judgement Review.,Failure to implement recommendations from an internal review.,Governance failure,0.9694749116897583,2
262,iss_0012913,https://www.judiciary.uk/prevention-of-future-death-reports/charlotte-jacobs/,2019-11-07,Clinical leadership failed to implement findings from previous internal investigations.,Failure to implement findings from previous internal investigations.,Governance failure,0.9544251561164856,3
263,iss_0007002,https://www.judiciary.uk/prevention-of-future-death-reports/colin-greenway-prevention-of-future-deaths-report/,2023-07-18,Inadequate monitoring of high-risk patients following initial clinical assessment.,Insufficient monitoring of high-risk patients after clinical assessment.,Clinical monitoring failure,0.9777415990829468,1
263,iss_0006236,https://www.judiciary.uk/prevention-of-future-death-reports/alfie-mains-forster-prevention-of-future-deaths-report/,2023-11-09,Close monitoring was not implemented following the identification of clinical risk factors.,Failure to implement monitoring following identification of clinical risk factors.,Clinical monitoring failure,0.9536110162734985,2
263,iss_0002428,https://www.judiciary.uk/prevention-of-future-death-reports/renate-mark-prevention-of-future-deaths-report/,2025-03-18,The number of high-risk patients being monitored via peripheral vision is insufficient.,Insufficient monitoring of high-risk patients via peripheral vision.,Patient monitoring inadequacy,0.9510829448699951,3
264,iss_0005184,https://www.judiciary.uk/prevention-of-future-death-reports/neil-edwards-prevention-of-future-deaths-report/,2024-03-20,The deceased was not provided with required 1:1 observation following admission.,Failure to provide required one-to-one observation following admission.,Inadequate clinical monitoring,0.9758754968643188,1
264,iss_0002465,https://www.judiciary.uk/prevention-of-future-death-reports/paul-dunne-prevention-of-future-deaths-report/,2025-03-13,The patient was not provided with required continuous 1:1 observations.,Failure to provide required continuous one-to-one observations.,Inadequate clinical monitoring,0.9753661155700684,2
264,iss_0016942,https://www.judiciary.uk/prevention-of-future-death-reports/sabrina-walsh/,2017-07-14,The failure to implement appropriate one-to-one observations.,Failure to implement appropriate one-to-one observations.,Inadequate supervision,0.9712942838668823,3
265,iss_0010565,https://www.judiciary.uk/prevention-of-future-death-reports/hazel-binks/,2021-06-23,The GP failed to conduct a meaningful mental health or risk assessment during the consultation.,Failure to conduct an adequate mental health or risk assessment.,Clinical assessment failure,0.976959228515625,1
265,iss_0004797,https://www.judiciary.uk/prevention-of-future-death-reports/zarah-ravn-prevention-of-future-deaths-report/,2024-05-08,No risk assessment was performed when the patient reported a decline in mental health.,Failure to perform a risk assessment following reported decline in mental health.,Clinical assessment failure,0.9503625631332397,2
265,iss_0002468,https://www.judiciary.uk/prevention-of-future-death-reports/paul-dunne-prevention-of-future-deaths-report/,2025-03-13,Repeated risk and capacity assessments and a Mental Health Act assessment were not conducted.,"Failure to conduct required risk, capacity, and mental health assessments.",Assessment failure,0.9501190185546875,3
266,iss_0002853,https://www.judiciary.uk/prevention-of-future-death-reports/nathan-shepherd-prevention-of-future-deaths-report/,2025-01-22,Ineffective information sharing between prison and probation services prevented staff from having a full risk profile.,Inadequate information sharing between agencies prevents accurate risk assessment.,Information sharing failure,0.989834189414978,1
266,iss_0002936,https://www.judiciary.uk/prevention-of-future-death-reports/mark-anthony-summersett-prevention-of-future-deaths-report/,2025-01-10,Information was not adequately shared between agencies and teams to allow for an accurate risk assessment.,Inadequate information sharing between agencies prevented accurate risk assessment.,Information sharing failure,0.982772946357727,2
266,iss_0002539,https://www.judiciary.uk/prevention-of-future-death-reports/matthew-lynch-prevention-of-future-deaths-report/,2025-03-04,Inadequate information sharing between agencies prevents landlords from conducting effective risk assessments.,Insufficient inter-agency information sharing hinders effective risk assessments.,Information sharing failure,0.9819875359535217,3
267,iss_0015832,https://www.judiciary.uk/prevention-of-future-death-reports/catherine-kennedy/,2018-03-13,Miscommunication occurred during a telephone conversation between ward staff and the on-call junior doctor.,Communication failure between ward staff and the on-call junior doctor.,Clinical communication error,0.9741698503494263,1
267,iss_0005348,https://www.judiciary.uk/prevention-of-future-death-reports/jennifer-trigger-prevention-of-future-deaths-report/,2024-03-01,Miscommunication occurred between nursing staff and the junior doctor regarding treatment requirements.,Communication failure between nursing staff and junior doctors regarding treatment requirements.,Clinical communication failure,0.9694346189498901,2
267,iss_0002661,https://www.judiciary.uk/prevention-of-future-death-reports/carl-eastman-prevention-of-future-deaths-report/,2025-02-17,There were widespread communication failures between ward staff and medical staff.,Widespread communication failure between ward and medical staff.,Communication failure,0.9634498357772827,3
268,iss_0002719,https://www.judiciary.uk/prevention-of-future-death-reports/katrina-insleay-prevention-of-future-deaths-report/,2025-02-06,Miscommunication resulted in the failure to act promptly on wound swab results.,Failure to act promptly on diagnostic test results due to miscommunication.,Communication failure,0.9780815243721008,1
268,iss_0022247,https://www.judiciary.uk/prevention-of-future-death-reports/rainer-wickens/,2014-05-20,Communication failures between the junior doctor and radiologist caused an avoidable delay in CTPA testing.,Communication failure between clinicians caused a delay in diagnostic testing.,Communication breakdown,0.9519543647766113,2
268,iss_0008616,https://www.judiciary.uk/prevention-of-future-death-reports/katie-horne-prevention-of-future-deaths-report/,2022-08-11,Crucial blood test results were not identified by doctors for fifteen days.,Failure to identify critical diagnostic test results in a timely manner.,Diagnostic delay,0.9506362676620483,3
269,iss_0013781,https://www.judiciary.uk/prevention-of-future-death-reports/jonathan-mccarthy/,2019-05-22,The Trust failed to administer the correct dose of insulin.,Failure to administer the correct dose of insulin.,Medication error,0.971412718296051,1
269,iss_0019361,https://www.judiciary.uk/prevention-of-future-death-reports/steven-rogers/,2016-01-20,The hospital failed to administer the prescribed long-acting insulin dose.,Failure to administer prescribed long-acting insulin dose.,Medication administration error,0.961219310760498,2
269,iss_0002730,https://www.judiciary.uk/prevention-of-future-death-reports/leslie-hurwood-prevention-of-future-deaths-report/,2025-02-05,Nurses at Northampton General Hospital were incorrectly administering insulin to patients after meals.,Incorrect administration of insulin following meals in a hospital setting.,Medication administration error,0.9597683548927307,3
270,iss_0003107,https://www.judiciary.uk/prevention-of-future-death-reports/matthew-sheldrick-1-prevention-of-future-deaths-report/,2024-12-16,The A&E environment is unsuitable for neurodiverse patients and can exacerbate mental health deterioration.,The A&E environment is unsuitable for neurodiverse patients and risks mental health deterioration.,Inappropriate clinical environment,0.9918234348297119,1
270,iss_0003100,https://www.judiciary.uk/prevention-of-future-death-reports/matthew-sheldrick-2-prevention-of-future-deaths-report/,2024-12-16,The A&E environment is unsuitable for holding neurodiverse patients and can exacerbate their mental health conditions.,The A&E environment is unsuitable for neurodiverse patients and may worsen mental health.,Inappropriate clinical environment,0.9898579120635986,2
270,iss_0002739,https://www.judiciary.uk/prevention-of-future-death-reports/sapphire-bernard-prevention-of-future-deaths-report/,2025-02-05,The A&E environment is not conducive for neurodiverse patients and can exacerbate mental health deterioration.,The A&E environment may negatively impact neurodiverse patients' mental health.,Healthcare accessibility,0.9836776852607727,3
271,iss_0002906,https://www.judiciary.uk/prevention-of-future-death-reports/tobias-barraclough-prevention-of-future-deaths-report/,2025-01-13,There are no legal restrictions on the licences of young or newly qualified drivers.,Lack of legal restrictions on licences for young or newly qualified drivers.,Licensing regulation,0.9919553995132446,1
271,iss_0003599,https://www.judiciary.uk/prevention-of-future-death-reports/wilfred-fitchett-jevon-hirst-hugo-morris-and-harvey-owen-prevention-of-future-deaths-report/,2024-10-17,There are no legal restrictions on the licences of young or newly qualified drivers.,Lack of legal restrictions on licences for young or newly qualified drivers.,Licensing regulation,0.9919553995132446,2
271,iss_0002914,https://www.judiciary.uk/prevention-of-future-death-reports/joseph-walsh-prevention-of-future-deaths-report/,2025-01-13,The current driving licence regime lacks restrictions for young or newly qualified drivers.,Driving licence regulations lack restrictions for young or newly qualified drivers.,Licensing regulation gaps,0.9590288400650024,3
272,iss_0002916,https://www.judiciary.uk/prevention-of-future-death-reports/joseph-walsh-prevention-of-future-deaths-report/,2025-01-13,Young drivers may be at increased risk of collisions when carrying similarly aged passengers.,Increased collision risk for young drivers carrying peer passengers.,Driver risk factors,0.9981730580329895,1
272,iss_0003601,https://www.judiciary.uk/prevention-of-future-death-reports/wilfred-fitchett-jevon-hirst-hugo-morris-and-harvey-owen-prevention-of-future-deaths-report/,2024-10-17,Young drivers are at a significantly higher risk of collision when carrying similarly aged passengers.,Increased collision risk for young drivers when carrying peer passengers.,Driver risk factors,0.9963456988334656,2
272,iss_0002908,https://www.judiciary.uk/prevention-of-future-death-reports/tobias-barraclough-prevention-of-future-deaths-report/,2025-01-13,Young drivers may be more susceptible to collisions when travelling with similarly aged passengers.,Increased collision risk for young drivers travelling with peer passengers.,Driver risk factors,0.9938952326774597,3
273,iss_0021610,https://www.judiciary.uk/prevention-of-future-death-reports/brian-dalrymple/,2014-09-18,Detention officers lack sufficient training to recognise indicators of mental ill-health.,Insufficient training for staff to recognise mental health indicators.,Training deficiency,0.9878195524215698,1
273,iss_0003059,https://www.judiciary.uk/prevention-of-future-death-reports/haydar-jefferies-prevention-of-future-deaths-report/,2024-12-20,Custodial staff lack sufficient training to recognise red flag indicators of declining mental health.,Inadequate training for staff to recognise mental health decline indicators.,Training deficiency,0.9720919728279114,2
273,iss_0021608,https://www.judiciary.uk/prevention-of-future-death-reports/brian-dalrymple/,2014-09-18,Detention staff lack awareness of behaviours indicating mental health issues.,Staff lack awareness of mental health indicators.,Staff training deficiency,0.961834192276001,3
274,iss_0013888,https://www.judiciary.uk/prevention-of-future-death-reports/ioannis-avgousti/,2019-04-24,Medication was administered despite documented evidence of a Co-Amoxiclav allergy.,Medication administered despite documented allergy.,Medication error,0.979408860206604,1
274,iss_0018585,https://www.judiciary.uk/prevention-of-future-death-reports/peter-rowe/,2016-06-29,A penicillin-based antibiotic was prescribed and administered despite a GP referral letter stating an allergy to penicillin.,Medication administered despite documented allergy in referral documentation.,Medication error,0.965924859046936,2
274,iss_0003085,https://www.judiciary.uk/prevention-of-future-death-reports/mary-whitlock-prevention-of-future-deaths-report/,2024-12-17,Morphine was administered to a patient with documented allergies to related opioids.,Administration of medication to a patient with documented allergies.,Medication error,0.9600654244422913,3
275,iss_0022518,https://www.judiciary.uk/prevention-of-future-death-reports/eric-matthews/,2014-04-04,Knowledge regarding the risk of positional asphyxia from baby slings is limited to academic circles.,Limited public awareness of positional asphyxia risks in baby slings.,Safety awareness,0.9884371161460876,1
275,iss_0022519,https://www.judiciary.uk/prevention-of-future-death-reports/eric-matthews/,2014-04-04,Information regarding the risk of positional asphyxia from baby slings has not been widely publicised to parents.,Insufficient publicised information regarding the risk of positional asphyxia in baby slings.,Product safety information,0.9868226051330566,2
275,iss_0003129,https://www.judiciary.uk/prevention-of-future-death-reports/james-alderman-prevention-of-future-deaths-report/,2024-12-12,Literature lacks advice regarding the risk of baby slumping and suffocation in slings.,Insufficient guidance on infant slumping and suffocation risks in baby slings.,Product safety information,0.9628084301948547,3
276,iss_0005794,https://www.judiciary.uk/prevention-of-future-death-reports/adrian-gallagher-prevention-of-future-deaths-report/,2023-12-28,Insufficient age and identity verification exists for accessing harmful online content.,Inadequate age and identity verification for accessing harmful online content.,Identity verification failure,0.9762300252914429,1
276,iss_0003360,https://www.judiciary.uk/prevention-of-future-death-reports/miranda-avanzi-prevention-of-future-deaths-report/,2024-11-14,Search engines and forums lack effective age verification requirements for accessing harmful content.,Insufficient age verification for accessing harmful content on digital platforms.,Content access control,0.9712662696838379,2
276,iss_0005310,https://www.judiciary.uk/prevention-of-future-death-reports/isabella-shere-prevention-of-future-deaths-report/,2024-03-05,Children can access sensitive content without age verification or account requirements.,Lack of age verification for accessing sensitive content.,Content safety,0.9596209526062012,3
277,iss_0003365,https://www.judiciary.uk/prevention-of-future-death-reports/teresa-auriemma-prevention-of-future-deaths-report/,2024-11-14,Doctors failed to follow hospital policy regarding the daily monitoring of urea and electrolytes for patients with hypokalaemia.,Failure to follow clinical monitoring protocols for patients with hypokalaemia.,Clinical protocol non-compliance,0.9768930673599243,1
277,iss_0019031,https://www.judiciary.uk/prevention-of-future-death-reports/ann-jacobs/,2016-03-19,Staff failed to follow Trust guidance regarding the frequency of potassium level monitoring for patients with acute hypokalaemia.,Failure to follow clinical guidance for monitoring potassium levels in hypokalaemia patients.,Clinical monitoring failure,0.9740650057792664,2
277,iss_0003368,https://www.judiciary.uk/prevention-of-future-death-reports/teresa-auriemma-prevention-of-future-deaths-report/,2024-11-14,The Trust failed to ensure doctors complied with specific policies for managing hypokalaemia.,Failure to ensure clinical compliance with hypokalaemia management policies.,Clinical policy non-compliance,0.9648146629333496,3
278,iss_0016728,https://www.judiciary.uk/prevention-of-future-death-reports/jonathan-meaney/,2017-08-24,The mental health nurse did not consult the wider clinical team before clearing the patient for discharge.,Failure to consult the multidisciplinary team before patient discharge.,Communication failure,0.975020706653595,1
278,iss_0008532,https://www.judiciary.uk/prevention-of-future-death-reports/stephen-wells-prevention-of-future-deaths-report/,2022-09-05,The Somerset Cancer Registry tracking system failed to monitor the patient following his discharge and multidisciplinary team discussion.,Failure to monitor a patient following discharge and multidisciplinary team discussion.,Clinical monitoring failure,0.9570105075836182,2
278,iss_0003838,https://www.judiciary.uk/prevention-of-future-death-reports/david-power-prevention-of-future-deaths-report/,2024-09-18,The neighbourhood mental health team discharged the deceased without a multidisciplinary team meeting.,A patient was discharged without a multidisciplinary team meeting.,Clinical discharge process,0.9551969170570374,3
279,iss_0016010,https://www.judiciary.uk/prevention-of-future-death-reports/reginald-key/,2018-01-24,Clinical deterioration was not identified prior to discharge.,Failure to identify clinical deterioration before patient discharge.,Clinical monitoring failure,0.9788774847984314,1
279,iss_0016906,https://www.judiciary.uk/prevention-of-future-death-reports/james-allbones/,2017-07-21,The seriousness of a child's condition may not be recognised prior to ward transfer.,Failure to recognise clinical deterioration before ward transfer.,Clinical deterioration,0.9635241031646729,2
279,iss_0003938,https://www.judiciary.uk/prevention-of-future-death-reports/dave-onawelo-prevention-of-future-deaths-report/,2024-08-27,The Trust failed to adequately identify a critically ill patient with a high risk of acute deterioration.,Failure to identify patients at high risk of acute clinical deterioration.,Clinical deterioration monitoring,0.9615392088890076,3
280,iss_0003959,https://www.judiciary.uk/prevention-of-future-death-reports/hannah-jacobs-prevention-of-future-deaths-report-2/,2024-08-20,A national shortage of adrenaline autoinjectors resulted in the unavailability of an appropriately dosed paediatric injector.,Shortage of adrenaline autoinjectors causing unavailability of paediatric doses.,Medical supply shortage,0.9794579744338989,1
280,iss_0003956,https://www.judiciary.uk/prevention-of-future-death-reports/hannah-jacobs-prevention-of-future-deaths-report-1/,2024-08-20,A national shortage of adrenaline auto-injectors limited access to appropriate emergency medication.,Shortage of adrenaline auto-injectors limits access to emergency medication.,Medical supply shortage,0.9777934551239014,2
280,iss_0003957,https://www.judiciary.uk/prevention-of-future-death-reports/hannah-jacobs-prevention-of-future-deaths-report-1/,2024-08-20,The availability of adrenaline auto-injectors in pharmacies during emergencies is inconsistent.,Inconsistent availability of adrenaline auto-injectors in pharmacies during emergencies.,Medical supply access,0.9700396656990051,3
281,iss_0015653,https://www.judiciary.uk/prevention-of-future-death-reports/kenneth-horne/,2018-05-03,A Datix form for the second fall was not completed in a timely manner.,Incident reporting was not completed in a timely manner.,Reporting delay,0.9815060496330261,1
281,iss_0017508,https://www.judiciary.uk/prevention-of-future-death-reports/peter-norton/,2017-03-09,Accident reporting did not follow best practice regarding the timely recording of incidents.,Incident reporting failed to meet requirements for timely recording.,Reporting non-compliance,0.9755359888076782,2
281,iss_0003966,https://www.judiciary.uk/prevention-of-future-death-reports/alan-fallows-prevention-of-future-deaths-report/,2024-08-19,Staff failed to complete the Datix incident report in a timely manner.,Failure to complete incident reports in a timely manner.,Reporting non-compliance,0.9750773310661316,3
282,iss_0003976,https://www.judiciary.uk/prevention-of-future-death-reports/kay-simmonds-prevention-of-future-deaths-report/,2024-08-15,The NEWS score was incorrectly calculated.,Incorrect calculation of the NEWS score.,Calculation error,0.9887687563896179,1
282,iss_0015247,https://www.judiciary.uk/prevention-of-future-death-reports/natalie-billingham/,2018-07-27,The NEWS score was incorrectly calculated.,Incorrect calculation of the NEWS score.,Calculation error,0.9887687563896179,2
282,iss_0017443,https://www.judiciary.uk/prevention-of-future-death-reports/clive-davies/,2017-03-16,"The NEWS score was incorrectly calculated, preventing a necessary medical review.",Incorrect calculation of NEWS score prevented necessary medical review.,Clinical calculation error,0.9618474245071411,3
283,iss_0009553,https://www.judiciary.uk/prevention-of-future-death-reports/benjamin-stroud-prevention-of-future-deaths-report/,2022-02-08,The Care Coordinator failed to refer the patient to the Multi-Disciplinary Team despite escalating psychosis.,Failure to refer a patient to the multi-disciplinary team following clinical escalation.,Failure to refer,0.977281928062439,1
283,iss_0008522,https://www.judiciary.uk/prevention-of-future-death-reports/demet-akcicek-prevention-of-future-deaths-report/,2022-09-07,The duty worker failed to escalate the patient for a multidisciplinary team meeting.,Failure to escalate patient care for multidisciplinary team review.,Clinical escalation failure,0.9618019461631775,2
283,iss_0003977,https://www.judiciary.uk/prevention-of-future-death-reports/kay-simmonds-prevention-of-future-deaths-report/,2024-08-15,The patient was not referred to a senior medical practitioner following the NEWS algorithm.,Failure to refer patient to senior practitioner following clinical escalation protocol.,Clinical escalation failure,0.9513523578643799,3
284,iss_0004120,https://www.judiciary.uk/prevention-of-future-death-reports/leah-croucher-prevention-of-future-deaths-report/,2024-08-01,Information sharing between the police and the probation service is inadequate.,Inadequate information sharing between police and probation services.,Information sharing,0.9968193173408508,1
284,iss_0013690,https://www.judiciary.uk/prevention-of-future-death-reports/nguyen-quyen/,2019-06-12,Information sharing between the Police and Probation Service was inadequate.,Inadequate information sharing between police and probation services.,Information sharing failure,0.9968193173408508,2
284,iss_0013692,https://www.judiciary.uk/prevention-of-future-death-reports/nguyen-quyen/,2019-06-12,Police officers failed to pass relevant information to the Probation Service.,Failure to communicate relevant information between police and probation services.,Information sharing failure,0.980659008026123,3
285,iss_0014043,https://www.judiciary.uk/prevention-of-future-death-reports/ann-corfield/,2019-03-29,The Adult Transfer Policy failed to ensure a written handover containing medication details was provided to the receiving unit.,Failure to provide written medication handover during adult patient transfers.,Clinical handover failure,0.9761859178543091,1
285,iss_0009081,https://www.judiciary.uk/prevention-of-future-death-reports/thomas-smith-prevention-of-future-deaths-report/,2022-05-16,Handover processes failed to communicate recent drug-related presentations to staff escorting patients on leave.,Failure to communicate recent drug-related presentations during patient handover processes.,Information handover failure,0.9585084915161133,2
285,iss_0004196,https://www.judiciary.uk/prevention-of-future-death-reports/janet-rice-prevention-of-future-deaths-report/,2024-07-23,The investigation failed to address medication omissions occurring during hospital transfers.,Failure to investigate medication omissions during hospital transfers.,Clinical investigation failure,0.956649124622345,3
286,iss_0015804,https://www.judiciary.uk/prevention-of-future-death-reports/peter-odonnell/,2018-03-20,Antibiotic therapy was significantly delayed.,Significant delay in antibiotic therapy administration.,Treatment delay,0.9690499305725098,1
286,iss_0004311,https://www.judiciary.uk/prevention-of-future-death-reports/sandra-phillpott-prevention-of-future-deaths-report/,2024-07-12,Necessary antibiotic therapy and intravenous fluids were not provided in a timely manner.,Delay in administering necessary antibiotic therapy and intravenous fluids.,Delayed medical treatment,0.9608852863311768,2
286,iss_0015251,https://www.judiciary.uk/prevention-of-future-death-reports/natalie-billingham/,2018-07-27,There were delays in the administration of prescribed antibiotics.,Delays in the administration of prescribed antibiotics.,Medication administration error,0.9592247009277344,3
287,iss_0004813,https://www.judiciary.uk/prevention-of-future-death-reports/matthew-scott-prevention-of-future-deaths-report/,2024-05-07,The highway authority failed to survey the defective section of road.,Failure to inspect defective road infrastructure.,Infrastructure maintenance failure,0.978976309299469,1
287,iss_0004814,https://www.judiciary.uk/prevention-of-future-death-reports/matthew-scott-prevention-of-future-deaths-report/,2024-05-07,The highway authority failed to consider concerns raised by the police regarding road defects.,Failure to consider reported road defects by relevant authorities.,Infrastructure maintenance failure,0.9735101461410522,2
287,iss_0004815,https://www.judiciary.uk/prevention-of-future-death-reports/matthew-scott-prevention-of-future-deaths-report/,2024-05-07,No decisions were taken to repair the road defect to prevent further accidents.,Failure to repair road defects to prevent accidents.,Infrastructure maintenance failure,0.9692742824554443,3
288,iss_0012233,https://www.judiciary.uk/prevention-of-future-death-reports/ian-weeks/,2020-03-12,Staff failed to identify that the deceased was prescribed anti-depressants.,Failure to identify prescribed medication for a deceased person.,Medication management error,0.9786638021469116,1
288,iss_0004879,https://www.judiciary.uk/prevention-of-future-death-reports/marlin-burrows-prevention-of-future-deaths-report/,2024-04-30,Healthcare staff failed to recognise that found medications were not prescribed to the deceased.,Failure to identify medications not prescribed to a deceased patient.,Medication management error,0.9770693778991699,2
288,iss_0018489,https://www.judiciary.uk/prevention-of-future-death-reports/patricia-cleghorn/,2016-07-25,Healthcare staff failed to recognise the clinical impact of diazepam on the deceased.,Failure to recognise the clinical impact of medication on a deceased patient.,Clinical oversight,0.9643874168395996,3
289,iss_0004967,https://www.judiciary.uk/prevention-of-future-death-reports/chanyang-li-prevention-of-future-deaths-report/,2024-04-22,The window lacked any or sufficient window restrictors.,Inadequate or missing window restrictors.,Physical safety hazard,0.9768238067626953,1
289,iss_0014331,https://www.judiciary.uk/prevention-of-future-death-reports/bryan-gray/,2019-02-12,The presence of a window restrictor at the time of the incident was unverified.,The presence of a window restrictor was unverified.,Safety equipment verification,0.9633547067642212,2
289,iss_0022362,https://www.judiciary.uk/prevention-of-future-death-reports/mary-wanya/,2014-04-30,"The window restrictor was defective, allowing the window to be fully opened.",Defective window restrictor allows full opening of the window.,Equipment failure,0.9595065116882324,3
290,iss_0019155,https://www.judiciary.uk/prevention-of-future-death-reports/betty-addison/,2016-02-25,Medication administration at Alexandra Court Care Home is not sufficiently controlled.,Inadequate control of medication administration within a care setting.,Medication management,0.9888343811035156,1
290,iss_0005020,https://www.judiciary.uk/prevention-of-future-death-reports/eleanor-smith-prevention-of-future-deaths-report/,2024-04-12,There is a lack of clear checks to ensure the effective administration of medicines.,Inadequate controls for the effective administration of medicines.,Medication management,0.9609086513519287,2
290,iss_0016966,https://www.judiciary.uk/prevention-of-future-death-reports/doreen-willis/,2017-07-11,Medication was not administered correctly at the nursing home.,Incorrect administration of medication in a care setting.,Medication error,0.9566199779510498,3
291,iss_0022508,https://www.judiciary.uk/prevention-of-future-death-reports/jamie-barlow/,2014-04-07,Existing processes for managing high-risk assessments were inadequate.,Inadequate processes for managing high-risk assessments.,Process inadequacy,0.976401686668396,1
291,iss_0015533,https://www.judiciary.uk/prevention-of-future-death-reports/robin-richards/,2018-05-25,The Trust's risk assessment and risk management processes were inadequate.,Inadequate risk assessment and risk management processes.,Governance failure,0.971143901348114,2
291,iss_0005054,https://www.judiciary.uk/prevention-of-future-death-reports/michael-burke-prevention-of-future-deaths-report/,2024-04-05,Inadequate arrangements exist to identify incomplete risk assessments.,Inadequate processes for identifying incomplete risk assessments.,Risk management failure,0.9581749439239502,3
292,iss_0020197,https://www.judiciary.uk/prevention-of-future-death-reports/dorothy-mcdermott/,2015-07-10,The placement at the care home was inappropriate for the deceased's clinical needs.,Inappropriate care home placement regarding clinical requirements.,Inadequate care provision,0.9849732518196106,1
292,iss_0005131,https://www.judiciary.uk/prevention-of-future-death-reports/mark-kinzley-prevention-of-future-deaths-report/,2024-03-26,The nursing home placement may have been inappropriate for the deceased's complex neurological and mental health needs.,Inappropriate residential care placement for complex clinical needs.,Inadequate care provision,0.9624432325363159,2
292,iss_0022224,https://www.judiciary.uk/prevention-of-future-death-reports/ross-boyd/,2014-05-23,The placement at the Willows was inappropriate for the patient's requirements.,Inappropriate patient placement within a care facility.,Inappropriate care placement,0.9585006237030029,3
293,iss_0007557,https://www.judiciary.uk/prevention-of-future-death-reports/alexandra-briess-prevention-of-future-deaths-report/,2023-04-06,There is a lack of national leadership and funding for anaphylaxis work.,Insufficient national leadership and funding for anaphylaxis management.,Resource deficiency,0.9790719151496887,1
293,iss_0005635,https://www.judiciary.uk/prevention-of-future-death-reports/james-atkinson-prevention-of-future-deaths-report/,2024-01-26,There is a lack of a systematic approach to improving anaphylaxis awareness and management.,Lack of a systematic approach to anaphylaxis awareness and management.,Clinical management deficiency,0.9494338035583496,2
293,iss_0007560,https://www.judiciary.uk/prevention-of-future-death-reports/alexandra-briess-prevention-of-future-deaths-report/,2023-04-06,Insufficient funding exists for gathering data to research and reduce anaphylaxis-related deaths.,Inadequate funding for research into reducing anaphylaxis-related mortality.,Resource deficiency,0.948412299156189,3
294,iss_0015658,https://www.judiciary.uk/prevention-of-future-death-reports/matthew-fulleylove/,2018-04-30,Recommended remedial safety measures have not been fully implemented.,Failure to fully implement recommended remedial safety measures.,Safety non-compliance,0.9770028591156006,1
294,iss_0009709,https://www.judiciary.uk/prevention-of-future-death-reports/gregory-barber-prevention-of-future-deaths-report/,2021-12-24,Network Rail failed to respond to mitigation recommendations from the British Transport Police.,Failure to implement recommended safety mitigation measures.,Regulatory non-compliance,0.966215968132019,2
294,iss_0005648,https://www.judiciary.uk/prevention-of-future-death-reports/christopher-kapessa-prevention-of-future-deaths-report/,2024-01-24,Identified remedial works to improve site safety were not carried out.,Failure to implement identified remedial safety works.,Safety non-compliance,0.9647175073623657,3
295,iss_0009629,https://www.judiciary.uk/prevention-of-future-death-reports/idris-habib-prevention-of-future-deaths-report/,2022-01-24,Welfare checks were not consistently documented as having taken place.,Inconsistent documentation of welfare checks.,Documentation failure,0.9842914342880249,1
295,iss_0005728,https://www.judiciary.uk/prevention-of-future-death-reports/nicholas-cork-prevention-of-future-deaths-report/,2024-01-11,Data entry for welfare checks is inconsistent and lacks essential details such as time and personnel.,Welfare check documentation is inconsistent and lacks essential details.,Data integrity,0.9633462429046631,2
295,iss_0005724,https://www.judiciary.uk/prevention-of-future-death-reports/nicholas-cork-prevention-of-future-deaths-report/,2024-01-11,There is an inconsistent definition of what constitutes a completed welfare check.,Inconsistent definition of completed welfare checks.,Procedural inconsistency,0.9607735872268677,3
296,iss_0008215,https://www.judiciary.uk/prevention-of-future-death-reports/derek-shaw-prevention-of-future-deaths-report/,2022-11-11,Ambulance response delays contributed to the death.,Delayed emergency service response caused a fatality.,Emergency response delay,0.9941496849060059,1
296,iss_0005925,https://www.judiciary.uk/prevention-of-future-death-reports/john-taylor-prevention-of-future-deaths-report/,2023-12-15,The ambulance response delay contributed to the death.,Delayed emergency service response resulting in fatality.,Emergency response delay,0.9814058542251587,2
296,iss_0006186,https://www.judiciary.uk/prevention-of-future-death-reports/lynda-blackmore-prevention-of-future-deaths-report/,2023-11-15,The thirteen hour delay in ambulance arrival likely contributed to the death.,Delayed emergency response contributed to a fatality.,Emergency response delay,0.9799056053161621,3
297,iss_0009192,https://www.judiciary.uk/prevention-of-future-death-reports/zoe-zaremba-prevention-of-future-deaths-report/,2022-04-25,TEWV's provision for caring for autistic conditions was underdeveloped.,Inadequate provision for supporting individuals with autism.,Service provision inadequacy,0.9855532646179199,1
297,iss_0005948,https://www.judiciary.uk/prevention-of-future-death-reports/jessica-eastland-seares-prevention-of-future-deaths-report/,2023-12-10,There is an acute shortage of community support and provision for autistic people.,Insufficient community support and provision for autistic individuals.,Service provision deficit,0.9759676456451416,2
297,iss_0005947,https://www.judiciary.uk/prevention-of-future-death-reports/jessica-eastland-seares-prevention-of-future-deaths-report/,2023-12-10,Community provision for the care and treatment of individuals with autism is inadequate.,Inadequate community provision for the care and treatment of individuals with autism.,Service provision inadequacy,0.9757436513900757,3
298,iss_0006030,https://www.judiciary.uk/prevention-of-future-death-reports/david-briggs-prevention-of-future-deaths-report/,2023-12-01,Yorkshire Ambulance Service lacked sufficient resources to respond to the volume of emergency calls.,Insufficient resources to manage emergency call volume.,Resource inadequacy,0.9802806973457336,1
298,iss_0015398,https://www.judiciary.uk/prevention-of-future-death-reports/margaret-stemp/,2018-06-25,Ambulance service resources were insufficient to manage high call volumes.,Insufficient emergency service resources to manage high call volumes.,Resource inadequacy,0.9760608673095703,2
298,iss_0007080,https://www.judiciary.uk/prevention-of-future-death-reports/emlyn-roberts-prevention-of-future-deaths-report/,2023-07-06,There is an absence of available emergency resources to attend urgent calls.,Insufficient emergency resources to respond to urgent calls.,Resource shortage,0.9677574634552002,3
299,iss_0008932,https://www.judiciary.uk/prevention-of-future-death-reports/donald-gore-prevention-of-future-deaths-report/,2022-06-17,The investigation and related documentation were not disclosed to the Coroner's office.,Failure to disclose investigation findings and documentation to the Coroner.,Information non-disclosure,0.9766294956207275,1
299,iss_0008624,https://www.judiciary.uk/prevention-of-future-death-reports/derek-holmes-prevention-of-future-deaths-report/,2022-08-11,Completed complaints investigations were not disclosed to the Coroner.,Failure to disclose completed complaint investigations to the Coroner.,Information disclosure failure,0.972260594367981,2
299,iss_0006210,https://www.judiciary.uk/prevention-of-future-death-reports/igor-szalapski-prevention-of-future-deaths-report-2/,2023-11-13,The internal investigation report was not disclosed to the Coroner's office in advance of the inquest.,Failure to disclose internal investigation reports to the Coroner prior to inquest.,Information non-disclosure,0.9667994379997253,3
300,iss_0006358,https://www.judiciary.uk/prevention-of-future-death-reports/bronwen-morgan-prevention-of-future-deaths-report/,2023-10-25,There is a lack of effective measures to limit or mitigate access to harmful online content.,Insufficient measures to restrict access to harmful online content.,Content safety controls,0.9810874462127686,1
300,iss_0009888,https://www.judiciary.uk/prevention-of-future-death-reports/berenice-bell-prevention-of-future-deaths-report/,2021-11-22,Access to harmful online content is not being effectively monitored or restricted.,Inadequate monitoring or restriction of access to harmful online content.,Content safety oversight,0.9646921157836914,2
300,iss_0013867,https://www.judiciary.uk/prevention-of-future-death-reports/bradley-trevarthen/,2019-04-29,The regulation of the internet is insufficient to protect young people.,Inadequate internet regulation to protect minors.,Online safety regulation,0.9536067247390747,3
301,iss_0006379,https://www.judiciary.uk/prevention-of-future-death-reports/jennifer-campbell-prevention-of-future-deaths-report/,2023-10-24,"A lack of investigation prevented learning, change, or improvements to prevent recurrence.",Failure to investigate incidents to prevent recurrence.,Inadequate incident investigation,0.9812769889831543,1
301,iss_0023286,https://www.judiciary.uk/prevention-of-future-death-reports/wright-2013-0285/,2013-10-31,The cause of the fall was not investigated to prevent future incidents.,Failure to investigate the cause of an incident to prevent recurrence.,Incident investigation failure,0.9707322120666504,2
301,iss_0011990,https://www.judiciary.uk/prevention-of-future-death-reports/pauline-russell/,2020-08-04,The hospital failed to implement systemic changes to prevent recurrence following the incident.,Failure to implement systemic changes to prevent incident recurrence.,Preventative measure failure,0.9600259065628052,3
302,iss_0006429,https://www.judiciary.uk/prevention-of-future-death-reports/claire-twinn-prevention-of-future-deaths-report/,2023-10-16,The radiological report for the chest x-ray was significantly delayed.,Significant delay in receiving radiological reports.,Diagnostic delay,0.9840397834777832,1
302,iss_0021660,https://www.judiciary.uk/prevention-of-future-death-reports/joyce-nelson/,2014-09-09,There were significant delays in the reporting of imaging results.,Significant delays in reporting imaging results.,Reporting delays,0.9706258773803711,2
302,iss_0023377,https://www.judiciary.uk/prevention-of-future-death-reports/davidson-2013-0258/,2013-10-14,There were delays in the forwarding and receipt of X-ray reports from radiology.,Delays in the distribution and receipt of radiology reports.,Information transfer delays,0.961669921875,3
303,iss_0006447,https://www.judiciary.uk/prevention-of-future-death-reports/sarah-holmes-prevention-of-future-deaths-report/,2023-10-11,The Trust failed to complete the investigation within the NHS framework timescale.,Failure to complete investigations within required timeframes.,Timeliness of investigations,0.9888257384300232,1
303,iss_0007470,https://www.judiciary.uk/prevention-of-future-death-reports/nancy-price-prevention-of-future-deaths-report/,2023-04-26,The Health Board failed to complete investigations in a timely manner.,Failure to complete investigations in a timely manner.,Delayed investigations,0.9883031249046326,2
303,iss_0011143,https://www.judiciary.uk/prevention-of-future-death-reports/grazyna-walczak/,2021-03-04,The 72-hour investigation report was not completed within the required timeframe.,Investigation reports were not completed within the required timeframe.,Reporting delays,0.9713581800460815,3
304,iss_0008681,https://www.judiciary.uk/prevention-of-future-death-reports/james-curry-prevention-of-future-deaths-report/,2022-08-04,A shortage of orthopaedic beds prevented patients from receiving specialist orthogeriatric care.,Insufficient availability of specialist beds prevents delivery of required clinical care.,Resource shortage,0.9832913875579834,1
304,iss_0006560,https://www.judiciary.uk/prevention-of-future-death-reports/benjamin-hazelden-prevention-of-future-deaths-report/,2023-09-26,A lack of suitable specialist beds prevents patients from receiving care in environments that meet their specific needs.,Insufficient specialist beds prevent patients from receiving appropriate clinical care.,Resource inadequacy,0.9775691032409668,2
304,iss_0006562,https://www.judiciary.uk/prevention-of-future-death-reports/benjamin-hazelden-prevention-of-future-deaths-report/,2023-09-26,There is insufficient access to specialist beds in other regions to meet urgent local requirements.,Insufficient access to specialist beds to meet urgent local requirements.,Resource scarcity,0.9562134146690369,3
305,iss_0006680,https://www.judiciary.uk/prevention-of-future-death-reports/lynsey-smalley-prevention-of-future-deaths-report/,2023-09-08,The lack of electronic medical records compromises the continuity of patient care.,Absence of electronic medical records compromises continuity of patient care.,Information management risk,0.970311164855957,1
305,iss_0019162,https://www.judiciary.uk/prevention-of-future-death-reports/amy-cooper/,2016-02-25,The absence of shared digital medical notes hindered the continuity of patient care.,Lack of shared digital medical records hinders continuity of patient care.,Information interoperability,0.9665544033050537,2
305,iss_0014790,https://www.judiciary.uk/prevention-of-future-death-reports/thomas-jackson/,2018-11-13,"Record keeping within the Trust is poor, hindering continuity of care.",Inadequate record keeping hinders continuity of care.,Clinical documentation,0.9627201557159424,3
306,iss_0012430,https://www.judiciary.uk/prevention-of-future-death-reports/mark-mallinson/,2020-02-07,Front line staff are not being provided with specific training designed to save lives.,Frontline staff lack essential life-saving training.,Training deficiency,0.9717121124267578,1
306,iss_0006763,https://www.judiciary.uk/prevention-of-future-death-reports/christopher-locke-prevention-of-future-deaths-report/,2023-08-24,Staff are deprived of opportunities to provide lifesaving treatment due to a lack of training.,Lack of training prevents staff from providing life-saving treatment.,Training deficiency,0.9642068147659302,2
306,iss_0008576,https://www.judiciary.uk/prevention-of-future-death-reports/charles-evans-prevention-of-future-deaths-report/,2022-08-25,No carers employed at the facility had training in CPR.,Care staff lack essential life support training.,Staff training deficiency,0.9636327028274536,3
307,iss_0018080,https://www.judiciary.uk/prevention-of-future-death-reports/jane-reason/,2016-10-25,The placement of public access defibrillators requires further consideration.,Inadequate placement of public access defibrillators.,Equipment accessibility,0.9717780351638794,1
307,iss_0007038,https://www.judiciary.uk/prevention-of-future-death-reports/mackenzie-cooper-prevention-of-future-deaths-report/,2023-07-13,There is no clear system for ensuring the maintenance and good order of community public access defibrillators.,Lack of maintenance procedures for community public access defibrillators.,Equipment maintenance,0.9665560722351074,2
307,iss_0018079,https://www.judiciary.uk/prevention-of-future-death-reports/jane-reason/,2016-10-25,There is a lack of sufficient public access defibrillators in colleges and schools.,Insufficient availability of public access defibrillators in educational institutions.,Medical equipment shortage,0.9656119346618652,3
308,iss_0015781,https://www.judiciary.uk/prevention-of-future-death-reports/joan-osborne/,2018-03-26,Nursing home staff failed to escalate the resident's insulin refusal to the management team.,Failure to escalate resident medication refusal to management.,Communication failure,0.9727891683578491,1
308,iss_0007048,https://www.judiciary.uk/prevention-of-future-death-reports/john-james-prevention-of-future-deaths-report/,2023-07-11,The refusal of anti-coagulation medication was not escalated to the medical team.,Failure to escalate medication refusal to the medical team.,Clinical escalation failure,0.9708501696586609,2
308,iss_0015780,https://www.judiciary.uk/prevention-of-future-death-reports/joan-osborne/,2018-03-26,Staff did not seek medical assistance when the resident refused insulin over an extended period.,Failure to seek medical assistance following medication refusal by a resident.,Medical neglect,0.9632619023323059,3
309,iss_0007812,https://www.judiciary.uk/prevention-of-future-death-reports/george-kearsey-prevention-of-future-deaths-report/,2023-02-09,"Clinical records were poorly maintained, obscuring the history of fluid administration.",Inadequate maintenance of clinical records regarding fluid administration history.,Clinical record keeping,0.9733768701553345,1
309,iss_0007289,https://www.judiciary.uk/prevention-of-future-death-reports/alexander-blewitt-prevention-of-future-deaths-report/,2023-06-06,The hospital failed to maintain reliable records of intravenous fluids administered in the emergency department.,Failure to maintain accurate records of intravenous fluid administration.,Inaccurate medical record-keeping,0.9708441495895386,2
309,iss_0015318,https://www.judiciary.uk/prevention-of-future-death-reports/sheila-ridgway/,2018-07-16,There were omissions and poor documentation in relation to the administration of intravenous fluids.,Incomplete and poor documentation regarding intravenous fluid administration.,Clinical documentation errors,0.967556357383728,3
310,iss_0007444,https://www.judiciary.uk/prevention-of-future-death-reports/bency-joseph-prevention-of-future-deaths-report/,2023-05-07,The investigation failed to address the family's attempts to alert the Trust to medication issues.,Failure to investigate reported medication concerns.,Investigation oversight,0.9736493825912476,1
310,iss_0007441,https://www.judiciary.uk/prevention-of-future-death-reports/bency-joseph-prevention-of-future-deaths-report/,2023-05-07,The Trust failed to action the family's attempts to escalate concerns regarding medication failure.,Failure to escalate concerns regarding medication errors.,Clinical governance failure,0.9599758386611938,2
310,iss_0019803,https://www.judiciary.uk/prevention-of-future-death-reports/maureen-chatterley/,2015-10-08,The hospital failed to investigate family concerns regarding the administration of an excess dose of Lorazepam.,Failure to investigate concerns regarding medication overdose administration.,Clinical investigation failure,0.9575655460357666,3
311,iss_0022216,https://www.judiciary.uk/prevention-of-future-death-reports/josephine-foday/,2014-05-23,The duty holders failed to implement effective controls to reduce the risk of drowning.,Failure to implement effective controls to mitigate drowning risks.,Safety control failure,0.9955050349235535,1
311,iss_0022228,https://www.judiciary.uk/prevention-of-future-death-reports/komba-kpakiwa/,2014-05-23,Duty holders failed to implement effective controls to reduce the risk of drowning.,Failure to implement effective controls to mitigate drowning risks.,Safety control failure,0.9955050349235535,2
311,iss_0007724,https://www.judiciary.uk/prevention-of-future-death-reports/kyron-hibbert-prevention-of-future-deaths-report/,2023-02-27,The Trust failed to take action to address drowning risks following the incident.,Failure to implement measures to mitigate identified drowning risks.,Safety management failure,0.9815138578414917,3
312,iss_0012093,https://www.judiciary.uk/prevention-of-future-death-reports/barrie-copeland/,2020-05-01,Inadequate lighting in the lounge increased the risk of accidents.,Insufficient lighting increases the risk of accidents.,Physical safety hazard,0.9987173080444336,1
312,iss_0007744,https://www.judiciary.uk/prevention-of-future-death-reports/james-parsons-prevention-of-future-deaths-report/,2023-02-22,"The pier is poorly lit, increasing the risk of accidents.",Inadequate lighting increases the risk of accidents.,Inadequate lighting,0.9966736435890198,2
312,iss_0008886,https://www.judiciary.uk/prevention-of-future-death-reports/peter-moorby-prevention-of-future-deaths-report/,2022-06-23,The lack of lighting in the area increases the risk of accidents during darkness.,Insufficient lighting increases the risk of accidents in the dark.,Inadequate lighting,0.9831930994987488,3
313,iss_0018041,https://www.judiciary.uk/prevention-of-future-death-reports/ivy-morris/,2016-11-02,The maternal heart rate was incorrectly recorded on the external CTG machine.,Incorrect recording of maternal heart rate on CTG equipment.,Medical data inaccuracy,0.9758496880531311,1
313,iss_0007779,https://www.judiciary.uk/prevention-of-future-death-reports/raniya-khan-prevention-of-future-deaths-report/,2023-02-15,The midwife recorded the maternal rather than fetal heart rate.,Incorrect recording of fetal heart rate.,Clinical documentation error,0.9662442803382874,2
313,iss_0020079,https://www.judiciary.uk/prevention-of-future-death-reports/casey-garrett/,2015-07-30,The maternal pulse was incorrectly identified as the fetal heart rate on the cardiotocography.,Maternal pulse misidentified as fetal heart rate during cardiotocography.,Clinical monitoring error,0.9637454152107239,3
314,iss_0008260,https://www.judiciary.uk/prevention-of-future-death-reports/philip-day-prevention-of-future-deaths-report/,2022-11-04,Significant delays in triage and medical review occurred due to high patient volumes in the emergency department.,High patient volumes causing delays in triage and medical review.,Operational delays,0.9848450422286987,1
314,iss_0015660,https://www.judiciary.uk/prevention-of-future-death-reports/catherine-burns/,2018-04-28,High patient volumes in the Emergency Department prevented timely medical assessment of triaged patients.,High patient volumes causing delays in medical assessment.,Service delivery delays,0.9622264504432678,2
314,iss_0007800,https://www.judiciary.uk/prevention-of-future-death-reports/celia-sanderson-prevention-of-future-deaths-report/,2023-02-10,High demand on the emergency department caused significant delays in patient triage and clinical review.,High demand causing delays in patient triage and clinical review.,Service delivery delays,0.9460155963897705,3
315,iss_0008436,https://www.judiciary.uk/prevention-of-future-death-reports/katherine-tyrer-prevention-of-future-deaths-report/,2022-09-30,The ward layout was inadequate for the effective observation of patients.,Inadequate ward layout for effective patient observation.,Clinical monitoring risk,0.9808985590934753,1
315,iss_0022682,https://www.judiciary.uk/prevention-of-future-death-reports/neil-carter/,2014-03-05,The ward layout across two floors was inappropriate.,Inappropriate ward layout across multiple floors.,Inadequate facility design,0.9474152326583862,2
315,iss_0007852,https://www.judiciary.uk/prevention-of-future-death-reports/mary-white-prevention-of-future-deaths-report/,2023-02-02,The L-shaped ward layout and use of individual cubicles prevented effective visual observation of patients.,Ward layout and cubicle use impede effective visual observation of patients.,Patient monitoring risk,0.9472024440765381,3
316,iss_0007905,https://www.judiciary.uk/prevention-of-future-death-reports/zachary-klement-prevention-of-future-deaths-report/,2023-01-26,There is insufficient availability of psychological interventions such as DBT and STEPPS.,Insufficient availability of psychological interventions.,Service accessibility,0.9831037521362305,1
316,iss_0012120,https://www.judiciary.uk/prevention-of-future-death-reports/patricia-ferguson/,2020-04-23,Patients lack access to clinical psychology interventions when clinically indicated.,Inadequate access to clinically indicated psychological interventions.,Healthcare access,0.9679169058799744,2
316,iss_0009503,https://www.judiciary.uk/prevention-of-future-death-reports/daniel-france-prevention-of-future-deaths-report/,2022-02-16,There is a shortage of availability for psychological therapies such as CBT.,Insufficient availability of psychological therapies.,Service accessibility,0.9653657674789429,3
317,iss_0022066,https://www.judiciary.uk/prevention-of-future-death-reports/redmond-johnson/,2014-06-20,Prison healthcare failed to liaise with community healthcare providers regarding detainee care.,Failure to coordinate care between prison and community healthcare providers.,Healthcare coordination failure,0.978424072265625,1
317,iss_0008045,https://www.judiciary.uk/prevention-of-future-death-reports/alexander-braund-prevention-of-future-deaths-report/,2022-12-20,There is an absence of a safe joint system of care between prison discipline and healthcare staff for managing acutely unwell patients.,Lack of integrated care coordination between prison staff and healthcare providers.,Care coordination failure,0.9615271091461182,2
317,iss_0008239,https://www.judiciary.uk/prevention-of-future-death-reports/liridon-saliuka-prevention-of-future-deaths-report/,2022-11-08,There were significant failures in the coordination of the prisoner's care.,Failure to coordinate prisoner care effectively.,Care coordination failure,0.9527204632759094,3
318,iss_0008449,https://www.judiciary.uk/prevention-of-future-death-reports/donna-neill-prevention-of-future-deaths-report/,2022-09-28,The Trust's internal investigation failed to identify the absence of a risk assessment and management plan.,Failure to identify the absence of risk assessment and management planning.,Governance oversight failure,0.9836111068725586,1
318,iss_0008119,https://www.judiciary.uk/prevention-of-future-death-reports/mary-nwanonyiri-prevention-of-future-deaths-report/,2022-12-01,No completed risk assessment or associated risk management plan was in place.,Absence of completed risk assessment and associated risk management plan.,Risk management failure,0.9631941318511963,2
318,iss_0010652,https://www.judiciary.uk/prevention-of-future-death-reports/catherine-jux/,2021-06-02,Staff failed to identify the absence of a completed risk assessment.,Failure to identify missing risk assessments.,Compliance oversight,0.9583120346069336,3
319,iss_0019925,https://www.judiciary.uk/prevention-of-future-death-reports/george-ainsworth/,2015-09-11,The pedestrian crossing phase may not provide sufficient time for all pedestrians to cross the road safely.,Insufficient pedestrian crossing time for safe road traversal.,Pedestrian safety risk,0.9836114645004272,1
319,iss_0008137,https://www.judiciary.uk/prevention-of-future-death-reports/miriam-boulia-prevention-of-future-deaths-report/,2022-11-28,The signal timings at the pedestrian crossings do not allow sufficient time for pedestrians to cross the road safely.,Pedestrian crossing signal timings are insufficient for safe road crossing.,Traffic safety risk,0.9711406230926514,2
319,iss_0008138,https://www.judiciary.uk/prevention-of-future-death-reports/miriam-boulia-prevention-of-future-deaths-report/,2022-11-28,The inter-green period at crossing 1 is insufficient to allow pedestrians to clear the road before traffic signals turn green.,Insufficient inter-green period for pedestrians to clear the crossing.,Signal timing error,0.9676638841629028,3
320,iss_0023090,https://www.judiciary.uk/prevention-of-future-death-reports/sarah-shepherd/,2013-12-16,Nursing staff failed to attempt resuscitation in accordance with Resuscitation Council guidelines.,Failure to follow established resuscitation guidelines during clinical practice.,Clinical practice non-compliance,0.9704381227493286,1
320,iss_0008511,https://www.judiciary.uk/prevention-of-future-death-reports/deline-etienne-prevention-of-future-deaths-report/,2022-09-12,The nursing team failed to follow trust and national guidelines during a cardiac arrest.,Failure to adhere to clinical guidelines during a cardiac arrest.,Clinical non-compliance,0.9658170938491821,2
320,iss_0008162,https://www.judiciary.uk/prevention-of-future-death-reports/margaret-russell-prevention-of-future-deaths-report/,2022-11-22,The decision not to commence CPR breached Trust and Resuscitation Council policy.,Failure to follow resuscitation and cardiac arrest protocols.,Clinical protocol breach,0.9648915529251099,3
321,iss_0009800,https://www.judiciary.uk/prevention-of-future-death-reports/rebecca-begg-prevention-of-future-deaths-report/,2021-12-08,Staff were not given dedicated time to read care plans.,Staff lack sufficient time to review care plans.,Resource allocation,0.9812889099121094,1
321,iss_0017830,https://www.judiciary.uk/prevention-of-future-death-reports/winifred-elliott/,2016-12-15,Staff lacked sufficient time to read care plans.,Insufficient time allocated for reviewing care plans.,Resource constraints,0.9741573333740234,2
321,iss_0008460,https://www.judiciary.uk/prevention-of-future-death-reports/robert-howell-prevention-future-deaths-report/,2022-09-26,Staff were not instructed to read care plans and were not allocated time to familiarise themselves with them.,Staff were not provided with sufficient time or instruction to review care plans.,Staff training and supervision,0.9630447030067444,3
322,iss_0020990,https://www.judiciary.uk/prevention-of-future-death-reports/alexander-holt/,2015-02-03,"Staff were not notified of the patient's recent overdose, leading to an inaccurate risk assessment.",Failure to communicate patient clinical information leads to inaccurate risk assessment.,Information handover failure,0.9803686141967773,1
322,iss_0020250,https://www.judiciary.uk/prevention-of-future-death-reports/tommy-faisali/,2015-07-06,Inadequate documentation of risk assessments prevents effective communication of patient risks within clinical teams.,Insufficient risk assessment documentation hinders clinical communication of patient risks.,Clinical documentation failure,0.9433362483978271,2
322,iss_0008814,https://www.judiciary.uk/prevention-of-future-death-reports/louise-allen-prevention-of-future-deaths-report/,2022-07-12,Inaccurate clinical details led to unreliable risk assessments.,Inaccurate clinical information results in unreliable risk assessments.,Data inaccuracy,0.942155122756958,3
323,iss_0012366,https://www.judiciary.uk/prevention-of-future-death-reports/wayne-millett/,2020-02-18,The hospital failed to follow the established care plan for monitoring gastro-intestinal side effects.,Failure to adhere to established clinical monitoring protocols.,Clinical protocol non-compliance,0.9757367968559265,1
323,iss_0009742,https://www.judiciary.uk/prevention-of-future-death-reports/louise-cooper-prevention-of-future-deaths-report/,2021-12-21,The patient did not receive the expected monitoring during 2020.,Failure to provide required clinical monitoring.,Clinical monitoring failure,0.9591077566146851,2
323,iss_0009403,https://www.judiciary.uk/prevention-of-future-death-reports/joyce-dennis-prevention-of-future-deaths-report/,2022-03-07,Staff failed to follow medical advice regarding the monitoring of blood sugar levels and fluid intake.,Failure to adhere to medical instructions for patient monitoring.,Clinical non-compliance,0.9562957286834717,3
324,iss_0016000,https://www.judiciary.uk/prevention-of-future-death-reports/sandra-miller/,2018-01-25,Clinical recommendations from a consultant urological surgeon were not implemented by the nursing home.,Failure to implement clinical recommendations from a specialist consultant.,Clinical care failure,0.9840172529220581,1
324,iss_0009445,https://www.judiciary.uk/prevention-of-future-death-reports/vijaykumar-gadhavi-prevention-of-future-deaths-report/,2022-02-28,Recommendations from the learning disability nurse were not fully implemented.,Failure to fully implement clinical recommendations from a specialist nurse.,Clinical implementation failure,0.9574971199035645,2
324,iss_0022490,https://www.judiciary.uk/prevention-of-future-death-reports/frederick-hall/,2014-04-08,Clinical instructions from the Consultant were not implemented or acted upon by the medical and nursing staff.,Failure to implement clinical instructions from a consultant.,Clinical non-compliance,0.9550854563713074,3
325,iss_0009482,https://www.judiciary.uk/prevention-of-future-death-reports/van-tuyen-prevention-of-future-deaths-report/,2022-02-22,There is a recurring national issue of misplaced nasogastric tubes being used for administration.,Misplacement of nasogastric tubes during administration.,Medical device error,0.979790449142456,1
325,iss_0009483,https://www.judiciary.uk/prevention-of-future-death-reports/van-tuyen-prevention-of-future-deaths-report/,2022-02-22,Barts NHS Trust has experienced multiple incidents involving misplaced nasogastric tubes.,Incidents of misplaced nasogastric tubes within a healthcare setting.,Medical device error,0.9569380283355713,2
325,iss_0009481,https://www.judiciary.uk/prevention-of-future-death-reports/van-tuyen-prevention-of-future-deaths-report/,2022-02-22,The use of misplaced nasogastric tubes to administer fluids or medication is a preventable never event.,Administration of fluids or medication via misplaced nasogastric tubes.,Medical administration error,0.9546242356300354,3
326,iss_0014049,https://www.judiciary.uk/prevention-of-future-death-reports/tony-goodridge/,2019-03-28,The property lacked a functioning smoke alarm.,Absence of a functional smoke alarm.,Fire safety risk,0.9892363548278809,1
326,iss_0009486,https://www.judiciary.uk/prevention-of-future-death-reports/sean-ennis-prevention-of-future-deaths-report/,2022-02-21,The bedroom lacked a smoke alarm.,Absence of a smoke alarm in the bedroom.,Fire safety risk,0.9738237857818604,2
326,iss_0022950,https://www.judiciary.uk/prevention-of-future-death-reports/julie-ann-camm/,2014-01-17,The property lacked functional smoke detectors.,Absence of functional smoke detectors in the property.,Fire safety risk,0.9654102325439453,3
327,iss_0016226,https://www.judiciary.uk/prevention-of-future-death-reports/gordon-thornhill/,2017-12-04,The consultant failed to identify the incomplete VTE risk assessment.,Failure to identify an incomplete VTE risk assessment.,Clinical assessment error,0.9734600782394409,1
327,iss_0018726,https://www.judiciary.uk/prevention-of-future-death-reports/karen-ravenscroft/,2016-05-23,The required 24-hour VTE risk re-assessment was not performed.,Failure to perform required 24-hour VTE risk re-assessment.,Clinical monitoring failure,0.9730567932128906,2
327,iss_0009541,https://www.judiciary.uk/prevention-of-future-death-reports/sheila-steggles-prevention-of-future-deaths-report/,2022-02-10,Medical staff failed to perform and document a formal VTE risk assessment when the patient's mobility declined.,Failure to perform and document formal VTE risk assessments.,Clinical documentation failure,0.972996711730957,3
328,iss_0009542,https://www.judiciary.uk/prevention-of-future-death-reports/sheila-steggles-prevention-of-future-deaths-report/,2022-02-10,Clinical notes lacked sufficient detail to inform staff on subsequent shifts.,Clinical documentation lacks sufficient detail for continuity of care.,Inadequate documentation,0.98389732837677,1
328,iss_0014771,https://www.judiciary.uk/prevention-of-future-death-reports/emmett-gillah/,2018-11-16,The discharge letter provided insufficient detail to enable the GP to facilitate ongoing mental health care.,Discharge documentation lacks sufficient detail for ongoing clinical care.,Inadequate clinical documentation,0.9672017097473145,2
328,iss_0015487,https://www.judiciary.uk/prevention-of-future-death-reports/rita-taylor/,2018-06-12,Clinical documentation was inadequate and failed to provide a record of assessment or a plan for continuity of care.,Clinical documentation lacks sufficient assessment details and continuity of care plans.,Inadequate clinical documentation,0.9638341665267944,3
329,iss_0023273,https://www.judiciary.uk/prevention-of-future-death-reports/roshen-abbas-ladak-ebrahim/,2013-11-05,Guidance is required when assessing the risk of self-harm.,Lack of guidance for assessing self-harm risk.,Clinical assessment risk,0.9803641438484192,1
329,iss_0023275,https://www.judiciary.uk/prevention-of-future-death-reports/roshen-abbas-ladak-ebrahim/,2013-11-05,Healthcare professionals require guidance on steps to ensure patient safety when a risk of self-harm is identified.,Lack of guidance for managing identified risks of self-harm in patients.,Clinical safety guidance,0.956936240196228,2
329,iss_0009801,https://www.judiciary.uk/prevention-of-future-death-reports/anthony-fitzpatrick-prevention-of-future-deaths-report/,2021-12-07,Health care professionals used inconsistent and non-objective criteria to assess the risk of self-harm.,Inconsistent and non-objective criteria used for self-harm risk assessment.,Assessment inconsistency,0.9523704648017883,3
330,iss_0009944,https://www.judiciary.uk/prevention-of-future-death-reports/susan-merton-prevention-of-future-deaths-report/,2021-11-09,The Health Board repeatedly fails to complete actions within its own established timeframes.,Failure to complete actions within established timeframes.,Operational non-compliance,0.9723663926124573,1
330,iss_0009994,https://www.judiciary.uk/prevention-of-future-death-reports/kyle-hurst-prevention-of-future-deaths-report/,2021-10-26,"The Health Board fails to implement necessary changes within established timeframes, creating risks to patient safety.",Failure to implement required changes within established timeframes.,Operational non-compliance,0.963187575340271,2
330,iss_0020925,https://www.judiciary.uk/prevention-of-future-death-reports/huseyin-erdogan/,2015-02-17,The Haringey CRHTT Action Plan steps remained uncompleted at the time of the inquest.,Failure to complete specified action plan steps within a designated timeframe.,Service delivery failure,0.9619417786598206,3
331,iss_0010001,https://www.judiciary.uk/prevention-of-future-death-reports/margaret-kinsey-prevention-of-future-deaths-report/,2021-10-25,Junior doctors lacked sufficient supervision and support during night shifts.,Inadequate supervision and support for junior doctors during night shifts.,Clinical supervision deficit,0.9757915735244751,1
331,iss_0012590,https://www.judiciary.uk/prevention-of-future-death-reports/keith-hill/,2019-12-20,Junior medical staff lacked sufficient support and oversight during night-time care.,Insufficient support and oversight for junior medical staff during night shifts.,Clinical supervision deficit,0.9756818413734436,2
331,iss_0021632,https://www.judiciary.uk/prevention-of-future-death-reports/clive-turner/,2014-09-12,No senior clinicians were on duty to provide second opinions during late-night shifts.,Lack of senior clinical supervision during night shifts.,Clinical supervision deficit,0.9638832211494446,3
332,iss_0016747,https://www.judiciary.uk/prevention-of-future-death-reports/christopher-fairhurst/,2017-08-16,Heavy reliance on locum GPs causes a lack of continuity of care.,High reliance on locum doctors reduces continuity of care.,Care continuity risk,0.9942437410354614,1
332,iss_0014233,https://www.judiciary.uk/prevention-of-future-death-reports/nathan-mooney/,2019-02-26,Significant reliance on locum doctors may adversely impact continuity of care.,High reliance on locum doctors may impact continuity of care.,Staffing stability,0.9902927875518799,2
332,iss_0010021,https://www.judiciary.uk/prevention-of-future-death-reports/david-walker-prevention-of-future-deaths-report/,2021-10-21,The high reliance on locum staff impacted the continuity of care.,High reliance on locum staff impacts continuity of care.,Staffing levels,0.9801482558250427,3
333,iss_0012845,https://www.judiciary.uk/prevention-of-future-death-reports/deborah-headspeath/,2019-11-18,There is no single database for clinicians to identify all medications prescribed to a patient.,Lack of a centralised database for patient medication records.,Data fragmentation,0.9852615594863892,1
333,iss_0010031,https://www.judiciary.uk/prevention-of-future-death-reports/jamie-oconnor-prevention-of-future-deaths-report/,2021-10-21,There is no central database to track prescribed and dispensed medications.,Absence of a centralised database for tracking prescribed and dispensed medications.,Data management deficiency,0.978276252746582,2
333,iss_0010831,https://www.judiciary.uk/prevention-of-future-death-reports/parys-lapper/,2021-05-10,There is no central record to track prescriptions issued by different healthcare providers.,Lack of a centralised record for tracking prescriptions across healthcare providers.,Data fragmentation,0.9706147909164429,3
334,iss_0010340,https://www.judiciary.uk/prevention-of-future-death-reports/hadley-savory-prevention-of-future-deaths-report/,2021-08-11,A multi-agency planning meeting did not take place prior to the patient's discharge from hospital.,Failure to conduct a multi-agency planning meeting before hospital discharge.,Inadequate discharge planning,0.9804937243461609,1
334,iss_0010347,https://www.judiciary.uk/prevention-of-future-death-reports/hadley-savory-prevention-of-future-deaths-report-2/,2021-08-11,A multi-agency meeting did not take place prior to the patient's discharge from hospital.,Failure to conduct a multi-agency meeting before patient discharge.,Communication failure,0.9784839153289795,2
334,iss_0022886,https://www.judiciary.uk/prevention-of-future-death-reports/leslie-pates/,2014-01-30,Social Services failed to hold a meeting with the family to discuss the discharge plan.,Failure to hold a multidisciplinary meeting regarding a discharge plan.,Communication failure,0.972241222858429,3
335,iss_0010395,https://www.judiciary.uk/prevention-of-future-death-reports/mary-lincoln-prevention-of-future-deaths-report/,2021-08-02,The hospital failed to implement recommended changes to the checks policy following a serious incident review.,Failure to implement recommended policy changes following a serious incident review.,Policy implementation failure,0.9762396812438965,1
335,iss_0017437,https://www.judiciary.uk/prevention-of-future-death-reports/stephen-mcdermott/,2017-03-17,The Trust failed to implement learning or changes to policy following the incident review.,Failure to implement lessons learned or policy changes following an incident review.,Governance failure,0.9637167453765869,2
335,iss_0018350,https://www.judiciary.uk/prevention-of-future-death-reports/margaret-richardson/,2016-08-19,A robust and comprehensive action plan with timescales has not been implemented following the serious incident investigation.,Failure to implement a comprehensive action plan following a serious incident investigation.,Post-incident management,0.9608793258666992,3
336,iss_0022632,https://www.judiciary.uk/prevention-of-future-death-reports/stephen-tilbury/,2014-03-12,There is a lack of physical traffic calming measures to ensure compliance with the speed limit.,Insufficient physical traffic calming measures to enforce speed limits.,Traffic safety management,0.9766530394554138,1
336,iss_0012722,https://www.judiciary.uk/prevention-of-future-death-reports/darren-wilson/,2019-12-05,There is a lack of traffic calming measures at the location.,Insufficient traffic calming measures at the location.,Road safety infrastructure,0.9633185863494873,2
336,iss_0010429,https://www.judiciary.uk/prevention-of-future-death-reports/oscar-seaman-prevention-of-future-deaths-report/,2021-07-21,There is a lack of enforcement measures such as speed cameras.,Insufficient enforcement measures for speed regulation.,Lack of enforcement,0.9624905586242676,3
337,iss_0012467,https://www.judiciary.uk/prevention-of-future-death-reports/susan-sterland/,2020-01-28,The intestinal obstruction was not diagnosed.,Failure to diagnose intestinal obstruction.,Diagnostic error,0.9786672592163086,1
337,iss_0010773,https://www.judiciary.uk/prevention-of-future-death-reports/juliet-saunders/,2021-05-18,Diagnostic overshadowing and a lack of clinical curiosity led to a failure to diagnose intestinal obstruction.,Failure to diagnose intestinal obstruction due to diagnostic overshadowing and lack of curiosity.,Diagnostic error,0.9546838402748108,2
337,iss_0012134,https://www.judiciary.uk/prevention-of-future-death-reports/allan-cunliffe/,2020-04-22,Bowel obstruction was incorrectly ruled out on the afternoon of 17 July 2018.,Failure to correctly identify a bowel obstruction.,Diagnostic error,0.9535390734672546,3
338,iss_0010776,https://www.judiciary.uk/prevention-of-future-death-reports/juliet-saunders/,2021-05-18,Ineffective identification of care delivery problems during the Trust's Serious Incident Investigation process.,Failure to identify care delivery problems during serious incident investigations.,Investigation inadequacy,0.9769781827926636,1
338,iss_0013088,https://www.judiciary.uk/prevention-of-future-death-reports/pamela-evans/,2019-10-04,The Trust failed to detect systemic clinical and procedural errors during a previous serious incident investigation.,Failure to detect systemic clinical and procedural errors during incident investigation.,Investigation failure,0.9679991006851196,2
338,iss_0023107,https://www.judiciary.uk/prevention-of-future-death-reports/stephanie-daniels/,2013-12-13,Failures in the investigation process of serious untoward incidents.,Failures in the investigation of serious untoward incidents.,Incident investigation failure,0.9615715742111206,3
339,iss_0010832,https://www.judiciary.uk/prevention-of-future-death-reports/parys-lapper/,2021-05-10,Healthcare providers fail to check for duplicate prescriptions from other sources before issuing new medication.,Failure to check for duplicate prescriptions before issuing new medication.,Prescription duplication error,0.9798712134361267,1
339,iss_0023677,https://www.judiciary.uk/prevention-of-future-death-reports/paula-doreen-prevention-of-future-deaths-report/,,The electronic prescribing system lacks a mandatory hard stop to prevent duplicate paracetamol prescriptions.,Lack of mandatory checks to prevent duplicate medication prescriptions.,Prescribing safety error,0.9695509672164917,2
339,iss_0015228,https://www.judiciary.uk/prevention-of-future-death-reports/cuthbert-hingert/,2018-08-01,The Medical Registrar failed to check the JAC medicines database before prescribing a second dose of antiplatelet and anticoagulant medication.,Failure to check the medicines database before prescribing duplicate medication doses.,Prescribing error,0.9666217565536499,3
340,iss_0010964,https://www.judiciary.uk/prevention-of-future-death-reports/stephen-oakes/,2021-04-19,There is no compulsory training for clinicians to undertake root cause analysis.,Lack of mandatory training for clinicians in root cause analysis.,Training deficiency,0.9902739524841309,1
340,iss_0010971,https://www.judiciary.uk/prevention-of-future-death-reports/peter-hussey/,2021-04-19,There is no compulsory training for clinicians to perform root cause analysis.,Lack of mandatory training for clinicians to perform root cause analysis.,Training deficiency,0.9718137979507446,2
340,iss_0018522,https://www.judiciary.uk/prevention-of-future-death-reports/leilani-chute/,2016-07-15,The Trust failed to identify these clinical practices as care and service delivery problems during its Root Cause Analysis.,Failure to identify clinical practice issues during root cause analysis.,Investigation failure,0.9480258226394653,3
341,iss_0011134,https://www.judiciary.uk/prevention-of-future-death-reports/yvonne-copland/,2021-03-08,The road layout at the junction is deceptive and may lead drivers to believe the road continues straight across.,Deceptive road layout at a junction may mislead drivers.,Road infrastructure safety,0.9817996025085449,1
341,iss_0018346,https://www.judiciary.uk/prevention-of-future-death-reports/amanda-coppen/,2016-08-19,The unusual road layout at the junction may mislead pedestrians and motorists.,Confusing road layout at a junction may mislead users.,Road design safety,0.9588735699653625,2
341,iss_0023177,https://www.judiciary.uk/prevention-of-future-death-reports/nilsson-2013-0332/,2013-12-02,The road layout creates an optical illusion that obscures the junction.,Road layout creates an optical illusion obscuring the junction.,Road design safety,0.948974072933197,3
342,iss_0014174,https://www.judiciary.uk/prevention-of-future-death-reports/matthew-bilby/,2019-03-07,The junction is an accident blackspot.,The junction is a high-risk area for accidents.,Road safety risk,0.9793054461479187,1
342,iss_0015315,https://www.judiciary.uk/prevention-of-future-death-reports/leslie-bingham/,2018-07-17,The junction presents a significant hazard with a high likelihood of serious injury.,A junction presents a high risk of serious injury.,Road safety hazard,0.975622296333313,2
342,iss_0011135,https://www.judiciary.uk/prevention-of-future-death-reports/yvonne-copland/,2021-03-08,The junction is identified as a high-risk location on the Highways Safety and Improvement Register.,A junction is identified as a high-risk location on a safety register.,Road safety risk,0.9602501392364502,3
343,iss_0011653,https://www.judiciary.uk/prevention-of-future-death-reports/amarbai-bhudia/,2020-11-12,Nursing staff lacked specific clinical instructions for managing the naso-gastric tube.,Lack of specific clinical instructions for nasogastric tube management.,Clinical guidance deficiency,0.9751923084259033,1
343,iss_0011652,https://www.judiciary.uk/prevention-of-future-death-reports/amarbai-bhudia/,2020-11-12,Consultant instructions regarding naso-gastric tube management were not clearly documented by the House Officer.,Incomplete documentation of clinical instructions for nasogastric tube management.,Clinical documentation error,0.9738671779632568,2
343,iss_0011651,https://www.judiciary.uk/prevention-of-future-death-reports/amarbai-bhudia/,2020-11-12,Clinical instructions for naso-gastric tube management were not recorded in the patient's notes.,Clinical instructions for nasogastric tube management were not documented in patient records.,Incomplete clinical documentation,0.9646181464195251,3
344,iss_0015585,https://www.judiciary.uk/prevention-of-future-death-reports/philip-ashton/,2018-05-14,Warfarin was administered to the deceased in error.,Incorrect administration of warfarin to a patient.,Medication error,0.978253960609436,1
344,iss_0014280,https://www.judiciary.uk/prevention-of-future-death-reports/malcolm-rathmell/,2019-02-20,The multi-disciplinary team failed to identify the incorrect administration of warfarin.,Failure to identify incorrect administration of warfarin.,Medication administration error,0.9746275544166565,2
344,iss_0011840,https://www.judiciary.uk/prevention-of-future-death-reports/marian-day/,2020-09-25,Prescription errors occurred regarding the administration of Warfarin.,Errors in the prescription of warfarin administration.,Medication errors,0.9609705805778503,3
345,iss_0012104,https://www.judiciary.uk/prevention-of-future-death-reports/mary-brady/,2020-04-24,Staff failed to alert others or highlight the identified choking risk to the resident.,Failure to communicate identified choking risks to residents.,Communication failure,0.9703392386436462,1
345,iss_0023127,https://www.judiciary.uk/prevention-of-future-death-reports/barton-2013-0330/,2013-12-06,Residents at risk of choking were subject to periodic checks rather than constant supervision.,Inadequate supervision of residents at risk of choking.,Supervision inadequacy,0.9613972902297974,2
345,iss_0014939,https://www.judiciary.uk/prevention-of-future-death-reports/anne-roberts/,2018-10-18,Information regarding choking risks was not accurately reflected in care plans or disseminated to staff.,Inaccurate documentation and communication of choking risks in care plans.,Information management failure,0.9612308740615845,3
346,iss_0015975,https://www.judiciary.uk/prevention-of-future-death-reports/aaron-nordass-lacey/,2018-01-31,Pedestrians and school children frequently cross the road unsafely outside of designated crossings.,Pedestrians crossing the road outside of designated crossing points.,Unsafe pedestrian behaviour,0.9895200729370117,1
346,iss_0012388,https://www.judiciary.uk/prevention-of-future-death-reports/anthony-lewis/,2020-02-17,Pedestrians regularly cross Ringwood Road at a location lacking a designated crossing.,Pedestrians cross a road at a location without a designated crossing.,Pedestrian safety risk,0.9662162661552429,2
346,iss_0018482,https://www.judiciary.uk/prevention-of-future-death-reports/yogalakshmi-sinnaiah-2/,2016-07-25,Pedestrians frequently use the pelican crossing by cutting the corner from the wrong side of the traffic lights.,Pedestrians crossing at locations other than designated crossing points.,Pedestrian safety,0.9602385759353638,3
347,iss_0012613,https://www.judiciary.uk/prevention-of-future-death-reports/suzanne-roberts/,2019-12-18,The Department of Trauma and Orthopaedics lacked an effective system for using patient clinical records.,Ineffective management of patient clinical records within the department.,Information management failure,0.9810283780097961,1
347,iss_0012615,https://www.judiciary.uk/prevention-of-future-death-reports/suzanne-roberts/,2019-12-18,The management of patient records at the RSCH was ineffective.,Ineffective management of patient records within a healthcare setting.,Data management failure,0.9597555994987488,2
347,iss_0012612,https://www.judiciary.uk/prevention-of-future-death-reports/suzanne-roberts/,2019-12-18,The RSCH lacked an effective system for the use of patient clinical records.,Lack of an effective system for managing patient clinical records.,Data management failure,0.9595952033996582,3
348,iss_0013115,https://www.judiciary.uk/prevention-of-future-death-reports/julie-barrow/,2019-09-30,No best interests meeting was held to discuss the patient's care.,Failure to hold a best interests meeting regarding patient care.,Decision-making oversight,0.9774731397628784,1
348,iss_0017912,https://www.judiciary.uk/prevention-of-future-death-reports/brian-gerrard/,2016-12-05,Staff failed to properly manage the best interests meeting.,Failure to properly manage a best interests meeting.,Procedural mismanagement,0.9741091728210449,2
348,iss_0012627,https://www.judiciary.uk/prevention-of-future-death-reports/lewis-mendelson/,2019-12-17,No formal best interests meeting took place regarding end of life care decisions.,Failure to conduct a formal best interests meeting for end of life care.,Decision making process,0.9588782787322998,3
349,iss_0012897,https://www.judiciary.uk/prevention-of-future-death-reports/costel-stancu/,2019-11-12,The risk arising from the lack of lighting was not re-assessed following the incident.,Failure to re-assess risks following an incident.,Risk assessment failure,0.9790394306182861,1
349,iss_0017644,https://www.judiciary.uk/prevention-of-future-death-reports/rachel-morgan/,2017-02-09,Nursing staff failed to conduct full risk assessments following incidents of concern.,Failure to conduct complete risk assessments following incidents.,Clinical assessment failure,0.961057722568512,2
349,iss_0015701,https://www.judiciary.uk/prevention-of-future-death-reports/karen-edgar/,2018-04-16,The Trust failed to conduct formal risk re-assessments.,Failure to conduct formal risk re-assessments.,Risk management failure,0.9559520483016968,3
350,iss_0012938,https://www.judiciary.uk/prevention-of-future-death-reports/liyakat-sidat/,2019-11-01,The A34 Melrose Way bend presents a danger to life.,A bend on the A34 Melrose Way poses a danger to life.,Road safety hazard,1.0023267269134521,1
350,iss_0012940,https://www.judiciary.uk/prevention-of-future-death-reports/salma-sidat/,2019-11-01,The A34 Melrose Way bend presents a danger to life.,A bend on the A34 Melrose Way poses a danger to life.,Road safety hazard,1.0023267269134521,2
350,iss_0012942,https://www.judiciary.uk/prevention-of-future-death-reports/hajra-sidat/,2019-11-01,The A34 Melrose Way bend presents a danger to life.,A bend on the A34 Melrose Way poses a danger to life.,Road safety hazard,1.0023267269134521,3
351,iss_0012981,https://www.judiciary.uk/prevention-of-future-death-reports/catherine-gardiner/,2019-10-24,No organisation is responsible for ensuring hard shoulder closures are kept to the shortest possible duration.,Lack of accountability for minimising the duration of hard shoulder closures.,Lack of accountability,0.9764702320098877,1
351,iss_0012982,https://www.judiciary.uk/prevention-of-future-death-reports/catherine-gardiner/,2019-10-24,There is a lack of oversight regarding the duration of national temporary hard shoulder closures.,Insufficient oversight of the duration of temporary hard shoulder closures.,Regulatory oversight,0.9591323137283325,2
351,iss_0012983,https://www.judiciary.uk/prevention-of-future-death-reports/catherine-gardiner/,2019-10-24,There are no penalties for prolonging hard shoulder closures beyond commercial implications for contractors.,Lack of penalties for extended hard shoulder closures.,Regulatory enforcement,0.9587894678115845,3
352,iss_0013006,https://www.judiciary.uk/prevention-of-future-death-reports/lauren-finch/,2019-10-21,"Staff carried out observations at predictable, regular intervals instead of irregular intervals.",Observations were conducted at predictable intervals rather than irregular intervals.,Monitoring inconsistency,0.9829455614089966,1
352,iss_0018551,https://www.judiciary.uk/prevention-of-future-death-reports/michael-williams/,2016-07-11,"Observations were documented at predictable intervals, which is not best practice.",Observations were recorded at predictable intervals.,Sampling bias,0.965739369392395,2
352,iss_0018051,https://www.judiciary.uk/prevention-of-future-death-reports/anthony-mcmanus/,2016-10-31,Nursing staff conducted hourly observations at fixed intervals rather than at random.,Observations were conducted at fixed intervals instead of random intervals.,Inconsistent monitoring procedures,0.9565722346305847,3
353,iss_0021273,https://www.judiciary.uk/prevention-of-future-death-reports/stephen-mayoll/,2014-11-25,Delays in typing fracture clinic doctors' notes prevent timely access to patient records.,Delayed clinical documentation prevents timely access to patient records.,Documentation delays,0.9907901287078857,1
353,iss_0022256,https://www.judiciary.uk/prevention-of-future-death-reports/peter-franklin/,2014-05-19,Delays in clinical documentation prevented the GP from receiving essential information regarding recent hospital admissions and mental health involvement.,Delayed clinical documentation prevents access to essential patient information.,Information transfer delay,0.9723690748214722,2
353,iss_0013010,https://www.judiciary.uk/prevention-of-future-death-reports/lauren-finch/,2019-10-21,Nursing staff delayed clinical record entries by up to 24 hours.,Delays in the documentation of clinical records.,Documentation delay,0.9584987759590149,3
354,iss_0013710,https://www.judiciary.uk/prevention-of-future-death-reports/glenys-button/,2019-06-10,There is inadequate written evidence of clinical conversations regarding patient care.,Insufficient documentation of clinical discussions regarding patient care.,Clinical documentation deficiency,0.9755567908287048,1
354,iss_0023102,https://www.judiciary.uk/prevention-of-future-death-reports/cynthia-fretwell/,2013-12-16,Discussions between doctors and patients or their families were not fully and properly documented.,Incomplete documentation of clinical discussions with patients or families.,Clinical documentation failure,0.973008930683136,2
354,iss_0016856,https://www.judiciary.uk/prevention-of-future-death-reports/songul-bozdag/,2017-07-26,Clinical discussions and consultations were not adequately documented in the patient records.,Clinical discussions and consultations were not adequately documented in patient records.,Inadequate clinical documentation,0.9616489410400391,3
355,iss_0017885,https://www.judiciary.uk/prevention-of-future-death-reports/mary-muldowney/,2016-12-08,The delay in transferring the patient prevented time-critical neurosurgical intervention.,Delayed patient transfer prevented time-critical surgical intervention.,Delayed clinical care,0.9845201373100281,1
355,iss_0019490,https://www.judiciary.uk/prevention-of-future-death-reports/kevin-gilbert/,2015-12-14,The delay in accepting the patient for transfer reduced the opportunity for life-saving surgery.,Delayed patient transfer prevented access to life-saving surgical intervention.,Delayed clinical care,0.9792295694351196,2
355,iss_0013734,https://www.judiciary.uk/prevention-of-future-death-reports/christopher-williams-2/,2019-05-31,The delay in transferring the patient to the Emergency Department prevented timely investigation and treatment.,Delayed patient transfer prevented timely investigation and treatment.,Delayed clinical care,0.9589723348617554,3
356,iss_0013782,https://www.judiciary.uk/prevention-of-future-death-reports/jonathan-mccarthy/,2019-05-22,Nursing care was inadequate.,Provision of nursing care was inadequate.,Inadequate clinical care,0.9762781262397766,1
356,iss_0021675,https://www.judiciary.uk/prevention-of-future-death-reports/anne-sandever/,2014-09-04,Nursing care was insufficient during the patient's stay on Walnut ward.,Inadequate nursing care provided during patient hospitalisation.,Clinical care inadequacy,0.964548647403717,2
356,iss_0016138,https://www.judiciary.uk/prevention-of-future-death-reports/lindsey-parker/,2017-12-19,"Basic nursing care, including vital signs and fluid balance charting, was inadequate.",Inadequate provision of basic nursing care and clinical monitoring.,Clinical care inadequacy,0.9624541997909546,3
357,iss_0013990,https://www.judiciary.uk/prevention-of-future-death-reports/jennifer-handy/,2019-04-05,The Registrar failed to admit the mother under observation.,Failure to admit a patient under observation.,Clinical admission failure,0.9724643230438232,1
357,iss_0019359,https://www.judiciary.uk/prevention-of-future-death-reports/derek-hare/,2016-01-20,The failure to admit the patient for observation on 6 May 2015 compromised his clinical management.,Failure to admit a patient for observation compromised clinical management.,Clinical management failure,0.9620873928070068,2
357,iss_0019166,https://www.judiciary.uk/prevention-of-future-death-reports/marie-rollason/,2016-02-24,The medical team failed to admit the patient for further observation following an abnormal ECG.,Failure to admit a patient for observation following abnormal test results.,Clinical monitoring failure,0.9612564444541931,3
358,iss_0022163,https://www.judiciary.uk/prevention-of-future-death-reports/thomas-maher/,2014-06-05,Nursing staff lacked the necessary training and confidence to administer prescribed oral morphine.,Staff lack sufficient training and competence to administer prescribed medication.,Clinical competency,0.9804649949073792,1
358,iss_0019971,https://www.judiciary.uk/prevention-of-future-death-reports/frederick-sutton/,2015-08-27,Staff lacked adequate training in the dosage and delivery methods of certain prescribed drugs.,Staff lack sufficient training in medication dosage and administration methods.,Training deficiency,0.9733078479766846,2
358,iss_0014823,https://www.judiciary.uk/prevention-of-future-death-reports/daniel-stokes/,2018-11-05,Prison healthcare staff lacked the training and authorisation to administer diazepam during incidents.,Healthcare staff lack necessary training and authorisation for medication administration.,Staff competency,0.9687124490737915,3
359,iss_0014876,https://www.judiciary.uk/prevention-of-future-death-reports/timothy-mason/,2018-10-26,The inadequacy of training for doctors and nurses in recognising and managing sepsis.,Insufficient training for medical staff in sepsis recognition and management.,Clinical training deficiency,0.9752899408340454,1
359,iss_0016907,https://www.judiciary.uk/prevention-of-future-death-reports/james-allbones/,2017-07-21,Sepsis 'red flag' signs may not be identified without further staff training.,Staff training deficiency regarding the identification of sepsis warning signs.,Training deficiency,0.9690624475479126,2
359,iss_0014873,https://www.judiciary.uk/prevention-of-future-death-reports/timothy-mason/,2018-10-26,The inadequacy of staff instructions regarding the management of patients with symptoms suggestive of sepsis.,Inadequate staff instructions for managing patients with suspected sepsis.,Clinical guidance deficiency,0.9645000696182251,3
360,iss_0014973,https://www.judiciary.uk/prevention-of-future-death-reports/michael-wheeler/,2018-10-04,Systemic strain on mental health services provided by Forward Thinking Birmingham and BSMHFT presents a risk of future deaths.,Systemic strain on mental health services increases risk of mortality.,Service capacity risk,0.9939309358596802,1
360,iss_0014967,https://www.judiciary.uk/prevention-of-future-death-reports/bradley-morgan/,2018-10-04,Systemic strain on mental health services poses a risk of future deaths.,Systemic pressure on mental health services increases mortality risk.,Healthcare service strain,0.9875596761703491,2
360,iss_0014982,https://www.judiciary.uk/prevention-of-future-death-reports/stephen-jackson/,2018-10-04,Systemic strain within mental health services increases the risk of future fatalities.,Systemic strain in mental health services increases mortality risk.,Healthcare service strain,0.9866024851799011,3
361,iss_0023652,https://www.judiciary.uk/prevention-of-future-death-reports/leo-deady/,2013-02-13,A significant proportion of breech presentations go undiagnosed.,Failure to diagnose breech presentations.,Diagnostic error,0.9795570373535156,1
361,iss_0019010,https://www.judiciary.uk/prevention-of-future-death-reports/lincoln-brady/,2016-03-23,The breech position was not diagnosed.,Failure to diagnose breech position.,Diagnostic error,0.9791505336761475,2
361,iss_0015277,https://www.judiciary.uk/prevention-of-future-death-reports/aniyah-winston/,2018-07-25,The medical team failed to identify the breech presentation until the mother was fully dilated.,Failure to identify breech presentation prior to full cervical dilation.,Diagnostic failure,0.9683529734611511,3
362,iss_0015624,https://www.judiciary.uk/prevention-of-future-death-reports/kirsty-tolley/,2018-05-09,Clinical escalation procedures were not followed when Early Warning Scores reached the threshold for review.,Failure to follow clinical escalation procedures when thresholds are met.,Clinical escalation failure,0.9780579805374146,1
362,iss_0017292,https://www.judiciary.uk/prevention-of-future-death-reports/harold-mullins/,2017-04-20,Clinicians failed to appropriately respond to the escalation of care triggered by the NEWS score system.,Failure to respond appropriately to clinical escalation triggers.,Clinical escalation failure,0.9570485353469849,2
362,iss_0019183,https://www.judiciary.uk/prevention-of-future-death-reports/freda-weston/,2016-02-23,Staff failed to follow or were unaware of the iBleep system escalation guidelines.,Failure to adhere to or awareness of escalation guidelines.,Procedural non-compliance,0.9553970098495483,3
363,iss_0017597,https://www.judiciary.uk/prevention-of-future-death-reports/esther-hartsilver/,2017-02-20,The junction design predisposes road users to the risk of collisions.,Junction design increases the risk of vehicle collisions.,Road infrastructure safety,0.9902209043502808,1
363,iss_0018097,https://www.judiciary.uk/prevention-of-future-death-reports/joan-green/,2016-10-24,The junction design may be a contributory factor to collisions.,Junction design may contribute to vehicle collisions.,Road infrastructure safety,0.9742007851600647,2
363,iss_0015921,https://www.judiciary.uk/prevention-of-future-death-reports/molly-mills/,2018-02-21,The junction layout increases the risk of collisions.,Junction design increases collision risk.,Road safety risk,0.9726873636245728,3
364,iss_0021174,https://www.judiciary.uk/prevention-of-future-death-reports/connor-smith/,2014-12-17,There were no provisions in place to require more frequent checks on the prisoner.,Inadequate frequency of prisoner welfare checks.,Inadequate monitoring,0.9824312329292297,1
364,iss_0020092,https://www.judiciary.uk/prevention-of-future-death-reports/carl-smith/,2015-07-24,The quality of custodial and welfare checks for the prisoner was insufficient.,Inadequate custodial and welfare checks for a prisoner.,Inadequate prisoner supervision,0.9599045515060425,2
364,iss_0016142,https://www.judiciary.uk/prevention-of-future-death-reports/stephen-shaylor/,2017-12-18,The healthcare night welfare check system was inadequate for verifying if a prisoner was alive.,Inadequate night-time welfare checks for prisoner survival verification.,Inadequate monitoring,0.95670485496521,3
365,iss_0017601,https://www.judiciary.uk/prevention-of-future-death-reports/milan-dokic/,2017-02-17,Low grip on the cycle super-highway surface may be widespread across the network.,Insufficient skid resistance on cycle super-highway surfaces.,Surface safety,0.9819461107254028,1
365,iss_0017599,https://www.judiciary.uk/prevention-of-future-death-reports/milan-dokic/,2017-02-17,The cycle super-highway surface has significantly lower skid resistance than the conventional road surface.,Reduced skid resistance on cycle super-highway surfaces compared to conventional roads.,Surface safety hazard,0.9738215208053589,2
365,iss_0016786,https://www.judiciary.uk/prevention-of-future-death-reports/milan-dokic-2/,2017-08-11,There has been a failure to monitor grip values on London Cycle Super Highways.,Failure to monitor surface grip levels on cycle superhighways.,Infrastructure maintenance,0.9541029930114746,3
366,iss_0017170,https://www.judiciary.uk/prevention-of-future-death-reports/sharon-soares/,2017-05-15,The safety of bio-ethanol burners in domestic settings.,Safety of bio-ethanol burners in domestic environments.,Domestic product safety,0.9767653942108154,1
366,iss_0017172,https://www.judiciary.uk/prevention-of-future-death-reports/blaise-alvares/,2017-05-15,There is a lack of adequate regulation regarding the use of bio-ethanol heaters in domestic settings.,Insufficient regulation of bio-ethanol heaters in domestic environments.,Regulatory inadequacy,0.9718582630157471,2
366,iss_0017171,https://www.judiciary.uk/prevention-of-future-death-reports/blaise-alvares/,2017-05-15,The safety risks associated with the use of bio-ethanol burners are insufficiently addressed.,Insufficiently addressed safety risks regarding the use of bio-ethanol burners.,Product safety risk,0.9695117473602295,3
367,iss_0017345,https://www.judiciary.uk/prevention-of-future-death-reports/john-haughey/,2017-04-06,There is a risk of confused patients consuming alcohol-based hand sanitiser dispensers in hospital settings.,Risk of accidental ingestion of alcohol-based hand sanitiser in healthcare settings.,Accidental ingestion risk,0.9708658456802368,1
367,iss_0021870,https://www.judiciary.uk/prevention-of-future-death-reports/donna-kirkland/,2014-07-25,Staff lacked awareness regarding the alcohol content and ingestion risks of hand sanitising gels.,Insufficient awareness of alcohol content and ingestion risks in hand sanitising gels.,Safety awareness deficit,0.966773509979248,2
367,iss_0017344,https://www.judiciary.uk/prevention-of-future-death-reports/john-haughey/,2017-04-06,The frequency of clinical observations was inadequate following the ingestion of alcohol-based hand sanitiser.,Inadequate frequency of clinical observations following ingestion of alcohol-based hand sanitiser.,Inadequate clinical monitoring,0.9641927480697632,3
368,iss_0022194,https://www.judiciary.uk/prevention-of-future-death-reports/magdalen-dwerryhouse/,2014-05-29,The Trust failed to contact the family or the original referrer when a scheduled home visit could not be completed.,Failure to notify relevant parties when a scheduled home visit is missed.,Communication failure,0.9727728366851807,1
368,iss_0022195,https://www.judiciary.uk/prevention-of-future-death-reports/magdalen-dwerryhouse/,2014-05-29,The Trust failed to rearrange a failed home visit or send the intended follow-up correspondence.,Failure to reschedule missed home visits or send required follow-up correspondence.,Administrative failure,0.9627833962440491,2
368,iss_0017471,https://www.judiciary.uk/prevention-of-future-death-reports/mariana-pinto/,2017-03-14,The crisis line nurse failed to discuss bringing the scheduled home visit forward with colleagues.,Failure to communicate necessary changes to scheduled home visits with colleagues.,Communication failure,0.9600955247879028,3
369,iss_0019924,https://www.judiciary.uk/prevention-of-future-death-reports/george-ainsworth/,2015-09-11,Vehicle blind spots and the building line restrict the driver's view of pedestrians at the junction.,Obstructed visibility of pedestrians at a junction due to vehicles and building lines.,Visibility obstruction,0.9776977300643921,1
369,iss_0017549,https://www.judiciary.uk/prevention-of-future-death-reports/thomas-unsworth/,2017-03-01,Street furniture and the building line restrict driver views of pedestrians at the junction.,Obstructions at junctions restrict visibility of pedestrians.,Visibility obstructions,0.9760968685150146,2
369,iss_0023610,https://www.judiciary.uk/prevention-of-future-death-reports/matthew-thomas-hamilton/,2013-08-07,The metal fence and shrubbery restrict visibility for both footpath and road users.,Obstructions reducing visibility for pedestrians and motorists.,Visibility obstruction,0.9609272480010986,3
370,iss_0018534,https://www.judiciary.uk/prevention-of-future-death-reports/harold-goulding/,2016-07-14,The care home failed to notify the anti-coagulation clinic of the change in General Practitioner.,Failure to notify relevant medical services of a change in GP.,Communication failure,0.9779921770095825,1
370,iss_0018536,https://www.judiciary.uk/prevention-of-future-death-reports/harold-goulding/,2016-07-14,The care home failed to ensure health agencies were informed when residents were registered with a new General Practitioner.,Failure to notify health agencies of changes to resident GP registration.,Information sharing failure,0.9513062238693237,2
370,iss_0017843,https://www.judiciary.uk/prevention-of-future-death-reports/francis-lea/,2016-12-15,The family was not involved in or alerted to the decision to change the patient's GP.,Family members were not informed of changes to the patient's GP.,Lack of communication,0.9501323699951172,3
371,iss_0018262,https://www.judiciary.uk/prevention-of-future-death-reports/lauris-kodors/,2016-09-13,The RSSB Rule Book does not allow trains to be stopped when a person may be in danger from a train.,Regulations do not permit stopping trains when persons are at risk.,Safety regulation deficiency,0.9897372722625732,1
371,iss_0020357,https://www.judiciary.uk/prevention-of-future-death-reports/lewis-ghessen/,2015-06-09,The RSSB Rule Book does not allow trains to be stopped when a person may be in danger from a train.,Regulations do not permit stopping trains when persons are at risk.,Safety regulation deficiency,0.9897372722625732,2
371,iss_0020279,https://www.judiciary.uk/prevention-of-future-death-reports/michael-bovell/,2015-06-29,The RSSB Rule Book does not permit trains to be stopped when a person on the line is in danger.,Safety regulations do not permit stopping trains when persons are on the line.,Safety regulation deficiency,0.9631074666976929,3
372,iss_0019235,https://www.judiciary.uk/prevention-of-future-death-reports/adam-withers/,2016-02-15,The absence of prescribed safe nursing staff levels for acute psychiatric wards poses a risk to patient safety.,Inadequate staffing levels in acute psychiatric wards risk patient safety.,Staffing inadequacy,0.9815380573272705,1
372,iss_0020887,https://www.judiciary.uk/prevention-of-future-death-reports/laura-hill-2/,2015-02-20,Staffing levels on the acute ward were insufficient to ensure patient safety.,Inadequate staffing levels on an acute ward compromise patient safety.,Staffing inadequacy,0.9573637247085571,2
372,iss_0019234,https://www.judiciary.uk/prevention-of-future-death-reports/adam-withers/,2016-02-15,Inadequate staffing levels on acute psychiatric wards may prevent sufficient patient supervision.,Insufficient staffing levels on acute psychiatric wards may compromise patient supervision.,Staffing inadequacy,0.9565902948379517,3
373,iss_0019296,https://www.judiciary.uk/prevention-of-future-death-reports/edward-haughey/,2016-02-02,Regulations do not prevent take-offs in low visibility for non-commercial ventures from unlicensed aerodromes.,Regulations permit take-offs in low visibility from unlicensed aerodromes for non-commercial ventures.,Regulatory oversight gap,1.0034356117248535,1
373,iss_0019300,https://www.judiciary.uk/prevention-of-future-death-reports/lee-hoyle/,2016-02-02,Regulations do not prevent take-offs in low visibility for non-commercial ventures from unlicensed aerodromes.,Regulations permit take-offs in low visibility from unlicensed aerodromes for non-commercial ventures.,Regulatory oversight gap,1.0034356117248535,2
373,iss_0019304,https://www.judiciary.uk/prevention-of-future-death-reports/carl-dickerson/,2016-02-02,Regulations do not prevent take-offs in low visibility for non-commercial ventures from unlicensed aerodromes.,Regulations permit take-offs in low visibility from unlicensed aerodromes for non-commercial ventures.,Regulatory oversight gap,1.0034356117248535,3
374,iss_0019297,https://www.judiciary.uk/prevention-of-future-death-reports/edward-haughey/,2016-02-02,A special category for corporate aviation has not been established by the CAA.,The CAA has not established a special category for corporate aviation.,Regulatory omission,1.0029782056808472,1
374,iss_0019301,https://www.judiciary.uk/prevention-of-future-death-reports/lee-hoyle/,2016-02-02,A special category for corporate aviation has not been established by the CAA.,The CAA has not established a special category for corporate aviation.,Regulatory omission,1.0029782056808472,2
374,iss_0019305,https://www.judiciary.uk/prevention-of-future-death-reports/carl-dickerson/,2016-02-02,A special category for corporate aviation has not been established by the CAA.,The CAA has not established a special category for corporate aviation.,Regulatory omission,1.0029782056808472,3
375,iss_0019299,https://www.judiciary.uk/prevention-of-future-death-reports/edward-haughey/,2016-02-02,Non-commercial ventures from unlicensed aerodromes are not covered by equivalent safety regulations to commercial operations.,Safety regulations for unlicensed aerodromes do not match commercial operation standards.,Regulatory disparity,1.0013431310653687,1
375,iss_0019303,https://www.judiciary.uk/prevention-of-future-death-reports/lee-hoyle/,2016-02-02,Non-commercial ventures from unlicensed aerodromes are not covered by equivalent safety regulations to commercial operations.,Safety regulations for unlicensed aerodromes do not match commercial operation standards.,Regulatory disparity,1.0013431310653687,2
375,iss_0019307,https://www.judiciary.uk/prevention-of-future-death-reports/carl-dickerson/,2016-02-02,Non-commercial ventures from unlicensed aerodromes are not covered by equivalent safety regulations to commercial operations.,Safety regulations for unlicensed aerodromes do not match commercial operation standards.,Regulatory disparity,1.0013431310653687,3
376,iss_0023086,https://www.judiciary.uk/prevention-of-future-death-reports/clive-gould/,2013-12-16,The priority status allocated to the initial emergency call was potentially incorrect.,Incorrect priority status assigned to an emergency call.,Emergency triage error,0.9807837009429932,1
376,iss_0023452,https://www.judiciary.uk/prevention-of-future-death-reports/michael-sweeney/,2013-09-23,The London Ambulance Service categorised the emergency call with an inappropriate level of priority.,Emergency calls were assigned an incorrect priority level.,Incorrect triage,0.9764372110366821,2
376,iss_0019998,https://www.judiciary.uk/prevention-of-future-death-reports/david-sweeney/,2015-08-19,The London Ambulance Service failed to assign a red priority categorisation to a call regarding an unconscious patient.,Failure to assign correct priority level to an emergency call.,Emergency dispatch error,0.971425473690033,3
377,iss_0022799,https://www.judiciary.uk/prevention-of-future-death-reports/lisa-inkin/,2014-02-13,There is a lack of local specialist inpatient services for eating disorders.,Insufficient local specialist inpatient services for eating disorders.,Service availability,0.9709316492080688,1
377,iss_0020179,https://www.judiciary.uk/prevention-of-future-death-reports/emma-carpenter/,2015-07-14,The Trust lacked a specialist eating disorder service for children and adolescents.,Lack of specialist eating disorder services for children and adolescents.,Service provision deficiency,0.9690275192260742,2
377,iss_0020180,https://www.judiciary.uk/prevention-of-future-death-reports/emma-carpenter/,2015-07-14,The specialist eating disorder service lacks long-term funding and commissioner commitment.,Insufficient long-term funding and commissioner commitment for specialist eating disorder services.,Resource instability,0.9655576944351196,3
378,iss_0020361,https://www.judiciary.uk/prevention-of-future-death-reports/alice-mcmeekin/,2015-06-04,The perpetrator was discharged from hospital without adequate follow-up care or immediate intervention.,Inadequate follow-up care or intervention following hospital discharge.,Clinical care failure,0.9785940647125244,1
378,iss_0023515,https://www.judiciary.uk/prevention-of-future-death-reports/anderson-2013-0227/,2013-09-09,The patient had insufficient contact with the Access team following discharge.,Inadequate follow-up care after hospital discharge.,Post-discharge care,0.9736098647117615,2
378,iss_0021221,https://www.judiciary.uk/prevention-of-future-death-reports/elaine-giles/,2014-12-05,Adequate support was not ensured for the patient following her discharge from hospital.,Inadequate support provided to a patient following hospital discharge.,Post-discharge care,0.9637967944145203,3
379,iss_0021092,https://www.judiciary.uk/prevention-of-future-death-reports/jason-lawson/,2015-01-09,The pharmacy lacks a computerised system to flag non-attendance for prescription collection.,Absence of an automated system to identify uncollected prescriptions.,Process monitoring failure,0.9814578294754028,1
379,iss_0021093,https://www.judiciary.uk/prevention-of-future-death-reports/jason-lawson/,2015-01-09,The pharmacy lacks a computerised system to flag lapsed prescriptions.,Absence of an automated system to identify expired prescriptions.,System deficiency,0.9676035642623901,2
379,iss_0020511,https://www.judiciary.uk/prevention-of-future-death-reports/jorge-castro/,2015-04-29,The GP surgery lacked systems to identify patients who failed to collect prescribed medications.,Lack of systems to identify uncollected prescribed medications.,Medication management failure,0.9620181322097778,3
380,iss_0021950,https://www.judiciary.uk/prevention-of-future-death-reports/david-giles/,2014-07-09,Helium gas canisters are readily available to the general public without restrictions on sale or location.,Unrestricted public access to helium gas canisters.,Unregulated access,0.9930280447006226,1
380,iss_0023229,https://www.judiciary.uk/prevention-of-future-death-reports/goodwin-2013-0311/,2013-11-20,Helium canisters are readily available to the general public without restrictions on sale or location.,Unrestricted public access to helium canisters.,Product accessibility,0.9848756194114685,2
380,iss_0020722,https://www.judiciary.uk/prevention-of-future-death-reports/brenda-leyland/,2015-03-20,Helium gas canisters are freely available without controls on the quantity an individual can purchase.,Unrestricted access to helium gas canisters via unregulated purchase quantities.,Unregulated access,0.9665642976760864,3
381,iss_0020724,https://www.judiciary.uk/prevention-of-future-death-reports/brenda-leyland/,2015-03-20,Helium canisters lack modified control valves to restrict the volume of gas released.,Helium canisters lack control valves to restrict gas release volume.,Inadequate safety controls,1.0011627674102783,1
381,iss_0021952,https://www.judiciary.uk/prevention-of-future-death-reports/david-giles/,2014-07-09,Helium canisters lack modified control valves to restrict the volume of gas released.,Helium canisters lack control valves to restrict gas release volume.,Inadequate safety controls,1.0011627674102783,2
381,iss_0023231,https://www.judiciary.uk/prevention-of-future-death-reports/goodwin-2013-0311/,2013-11-20,Helium canisters lack modified control valves to restrict the volume of gas released.,Helium canisters lack control valves to restrict gas release volume.,Inadequate safety controls,1.0011627674102783,3
382,iss_0022819,https://www.judiciary.uk/prevention-of-future-death-reports/ethel-smith-leese/,2014-02-06,The hospital failed to accurately update the patient's address following her move to a care home.,Failure to update patient contact details following a change of address.,Data inaccuracy,0.9863691329956055,1
382,iss_0020792,https://www.judiciary.uk/prevention-of-future-death-reports/bradley-griffiths/,2015-03-11,The Health Visitor failed to track the child's new address or GP details following a change in circumstances.,Failure to update patient contact and GP details following change of circumstances.,Inaccurate patient records,0.9739333391189575,2
382,iss_0020906,https://www.judiciary.uk/prevention-of-future-death-reports/john-dack/,2015-02-19,The hospital failed to update patient contact details despite being notified of an incorrect address on two occasions.,Failure to update patient contact information following notification of inaccuracies.,Data management error,0.9732867479324341,3
383,iss_0020897,https://www.judiciary.uk/prevention-of-future-death-reports/lexie-harrison/,2015-02-20,There is a lack of standardised practices for consultants undertaking oesophageal varices banding due to the absence of national guidelines.,Absence of national guidelines for standardised oesophageal varices banding practices.,Clinical practice inconsistency,0.9796852469444275,1
383,iss_0020899,https://www.judiciary.uk/prevention-of-future-death-reports/lexie-harrison/,2015-02-20,There is no national guidance determining which grades of varices should be subject to banding.,Lack of national guidance for banding specific grades of oesophageal varices.,Clinical guidance deficiency,0.9690020084381104,2
383,iss_0020896,https://www.judiciary.uk/prevention-of-future-death-reports/lexie-harrison/,2015-02-20,Sheffield Children’s NHS Foundation Trust and Leeds Teaching Hospitals NHS Trust lack policies or guidelines for paediatric oesophageal varices banding.,Absence of clinical guidelines for paediatric oesophageal varices banding.,Clinical policy deficiency,0.9653081297874451,3
384,iss_0023095,https://www.judiciary.uk/prevention-of-future-death-reports/joseph-drew-whiteside/,2013-12-16,There is an inadequate number of life buoys and warning signs at river access points.,Insufficient life buoys and warning signs at river access points.,Safety equipment deficiency,0.9844152331352234,1
384,iss_0023094,https://www.judiciary.uk/prevention-of-future-death-reports/joseph-drew-whiteside/,2013-12-16,There is a lack of sufficient safety measures at main access points to the River Trent at Burton.,Insufficient safety measures at river access points.,Public safety risk,0.9662672281265259,2
384,iss_0020944,https://www.judiciary.uk/prevention-of-future-death-reports/christopher-taylor/,2015-02-13,The landowner should consider the provision of a vandal-proof life buoy station along the high-risk stretch of the river.,Lack of vandal-proof life buoy stations in high-risk river areas.,Water safety equipment,0.9557658433914185,3
385,iss_0021545,https://www.judiciary.uk/prevention-of-future-death-reports/lexi-branson/,2014-10-02,There are no standards for assessing the suitability of stray dogs for re-homing.,Lack of standards for assessing stray dog suitability for re-homing.,Standardisation deficiency,0.9791626930236816,1
385,iss_0021544,https://www.judiciary.uk/prevention-of-future-death-reports/lexi-branson/,2014-10-02,There are no national or local standards for the re-homing of stray dogs.,Absence of national or local standards for re-homing stray dogs.,Regulatory deficiency,0.9554086327552795,2
385,iss_0021546,https://www.judiciary.uk/prevention-of-future-death-reports/lexi-branson/,2014-10-02,There is no requirement for objectively assessed qualifications for those performing dog re-homing assessments.,Lack of mandatory objective qualifications for dog re-homing assessors.,Inadequate competency standards,0.9483646154403687,3
386,iss_0022446,https://www.judiciary.uk/prevention-of-future-death-reports/paul-ashton/,2014-04-14,The unavailability of Isoprenaline in the United Kingdom limits effective resuscitation for heart transplanted patients.,Unavailability of Isoprenaline limits effective resuscitation for heart transplant patients.,Medicine shortage,0.9802861213684082,1
386,iss_0022447,https://www.judiciary.uk/prevention-of-future-death-reports/paul-ashton/,2014-04-14,There is a lack of national guidance regarding the source and use of Isoprenaline for heart transplanted patients.,Absence of national guidance for Isoprenaline use in heart transplant recipients.,Clinical guidance deficiency,0.9561525583267212,2
386,iss_0022445,https://www.judiciary.uk/prevention-of-future-death-reports/paul-ashton/,2014-04-14,Isoprenaline was unavailable at Salford Royal Hospital during the resuscitation attempt.,Unavailability of isoprenaline during a resuscitation attempt.,Medication unavailability,0.9541006088256836,3
