group_id,group_label,group_description,issue_count,report_count,first_date,last_date,median_centroid_similarity,sample_issues
0,Clinical Information Exchange Failures,Inadequate communication of patient details and clinical updates between healthcare professionals and organisations.,301,278,2013-06-28,2026-01-16,0.8672662377357483,Failure to communicate clinical information between staff members. | Failure to communicate patient information between clinical teams. | Failure to communicate essential clinical information to hospital staff.
1,Inadequate clinical documentation and monitoring,"Failure to accurately record, maintain, or review essential patient observations and clinical information.",148,138,2013-08-07,2026-03-06,0.8908042907714844,Failure to maintain complete patient observation records. | Failure to record required patient observations. | Failure to maintain accurate clinical records.
2,Inadequate falls risk assessments,"Failure to properly identify, assess, or review the risk of patients falling.",144,97,2013-08-30,2026-03-11,0.9216795563697815,Failure to perform an adequate falls risk assessment. | Failure to conduct a falls risk assessment. | Failure to complete appropriate falls risk assessments.
3,Inadequate post-discharge follow-up care,"Failure to organise necessary follow-up appointments, investigations, or care plans after a patient leaves the hospital.",104,96,2013-01-30,2026-02-06,0.8680221438407898,Failure to arrange necessary follow-up care. | Failure to conduct required follow-up meetings after patient discharge. | Failure to ensure patient follow-up for required treatment.
4,Inadequate Staffing Levels,Insufficient personnel to maintain safe patient care and meet clinical demands.,87,78,2013-01-07,2026-02-27,0.8932793140411377,Insufficient staffing levels to ensure adequate patient care. | Insufficient staffing levels preventing safe delivery of care. | Inadequate staffing levels within a clinical unit.
5,Inadequate road signage and markings,Insufficient or poorly placed signs and road markings at junctions and bends.,82,70,2013-08-07,2025-12-11,0.8782867193222046,Inadequate road signage at a junction. | Inadequate road signage. | Inadequate road signage for upcoming bends.
6,Inadequate suicide and self-harm assessment,"Failure to properly identify, assess, or manage risks of self-harm and suicide.",79,72,2013-12-03,2025-09-24,0.9047592878341675,Failure to assess the risk of self-harm. | Failure to properly assess and manage suicide and self-harm risks. | Failure to adequately assess suicide risk following known self-harm attempt.
7,Ambulance resource and response delays,Insufficient vehicle and staff availability causing delays in emergency response times.,67,63,2014-01-09,2026-02-05,0.9068297743797302,Insufficient ambulance availability for emergency response. | Ambulance response delays caused by high demand and insufficient resources. | Insufficient ambulance resources to meet target response times.
8,GP notification failures,"Failure to communicate patient admission, discharge, or clinical information to general practitioners.",53,48,2013-01-30,2026-02-04,0.8943191766738892,Failure to notify the general practitioner of patient discharge or assessment. | Failure to communicate patient discharge information to the general practitioner. | Failure to provide a discharge summary to the general practitioner.
9,National Early Warning Score mismanagement,"Failure to correctly apply, monitor, and escalate clinical alerts using the NEWS protocol.",44,34,2013-09-24,2025-06-16,0.926838755607605,Failure to adhere to the National Early Warning Score protocol. | Failure to escalate National Early Warning Score alerts to the nurse in charge. | Repeated failure to correctly utilise the National Early Warning Score tool.
10,Incomplete clinical record keeping,Failure to maintain accurate and comprehensive nursing and medical documentation.,42,41,2013-08-20,2026-02-06,0.9006557464599609,Inadequate documentation of medical and nursing care. | Incomplete documentation of resident care records. | Incomplete documentation of nursing home records.
11,Clinical system interoperability failures,Incompatible electronic health record systems prevent the seamless sharing of patient information across healthcare providers.,41,40,2014-07-30,2026-01-28,0.9285989999771118,Incompatible clinical record systems prevent access to essential patient information. | Lack of interoperability between systems prevents shared access to electronic patient records. | Inability to share medical records between different hospital trusts.
12,Ambulance response time delays,Failure to meet established or national targets for ambulance response speeds.,34,33,2015-05-21,2025-09-19,0.9198374152183533,Ambulance response times fail to meet established service targets. | Ambulance response times failed to meet established service targets. | Failure to consistently meet target ambulance response times.
13,Inadequate emergency first aid training,"Staff lack essential training in first aid, CPR, and defibrillator use.",32,30,2014-03-06,2025-06-12,0.9205060005187988,Staff lack essential first aid and CPR training. | Inadequate basic life support and first aid training for staff. | Staff lack essential first aid and resuscitation training.
14,Pressure ulcer prevention and management,"Failures in assessing, documenting, and implementing preventative care for pressure ulcers.",30,24,2013-08-20,2026-02-09,0.9305528402328491,Failure to perform a timely assessment of a pressure ulcer. | Failure to timely identify and document a pressure ulcer. | Failure to regularly reposition a resident at high risk of pressure ulcers.
15,Inaccurate fluid balance monitoring,Failure to correctly record or maintain patient fluid intake and output charts.,30,28,2013-11-11,2025-10-10,0.9285483956336975,Inaccurate or inadequate completion of fluid balance charts. | Inaccurate recording of fluid balance charts. | Failure to maintain fluid balance charts for monitoring intake and output.
16,Mental capacity assessment failures,Failure to formally assess or document a patient's mental capacity for medical decisions.,28,26,2013-12-16,2025-11-25,0.9150380492210388,Failure to conduct a formal mental capacity assessment. | Failure to formally assess a patient's mental capacity. | Failure to assess or document patient mental capacity.
17,Hospital handover delays,Delays in transferring patients to hospitals reduce the availability of ambulances.,48,39,2014-01-21,2025-11-11,0.9637432098388672,Hospital handover delays causing loss of ambulance availability. | Hospital handover delays reduce ambulance availability. | Hospital handover delays reducing ambulance availability.
18,Inadequate social care provision,Insufficient social care capacity and placements delay hospital discharges.,22,21,2017-11-28,2026-02-10,0.9587605595588684,Insufficient social care provision delays hospital discharge for medically fit patients. | Inadequate social care provision delays hospital patient discharge. | Insufficient social care provision delays hospital discharge.
19,Frequent road traffic collisions,A high number of vehicle accidents occurring at specific junctions or road sections.,22,22,2014-02-06,2025-11-28,0.9356245398521423,High frequency of road traffic collisions at a specific junction. | High frequency of road traffic collisions at a specific location. | High frequency of road traffic collisions at a junction.
20,Inadequate incident investigation processes,"Failures in identifying, conducting, or escalating formal investigations following incidents.",19,19,2013-10-21,2026-02-06,0.9183463454246521,Failure to conduct an effective investigation into an incident. | Failure to conduct a formal investigation into an incident. | Failure to conduct a timely investigation into an incident.
21,Inadequate medication reviews,"Failure to conduct, monitor, or verify patient medication reviews and clinical assessments.",19,19,2014-03-26,2025-08-12,0.9334791898727417,Failure to conduct a medication review following reports of non-compliance. | Failure to review patient medication according to practice guidelines. | Failure to conduct timely medication reviews for a patient.
22,Inadequate death investigation and reporting,"Failure to properly investigate, review, or report clinical incidents following a patient death.",19,18,2014-02-12,2024-10-14,0.9048700332641602,Failure to conduct a serious incident investigation following a patient death. | Failure to conduct a serious incident review following a patient death. | Inadequate investigation of clinical incidents following a patient death.
23,Mental health referral failures,Inadequate or incomplete processes for directing patients to psychiatric and mental health services.,18,18,2014-03-18,2025-12-05,0.9284799098968506,Failure to refer to mental health services. | Failure to refer a patient for specialist mental health intervention. | Failure to refer a patient to specialist psychiatric services.
24,Patient allergy information management,"Failures in recording, accessing, and synchronising allergy data across clinical systems.",17,9,2013-11-04,2026-03-04,0.9263149499893188,Failure to access available patient allergy information in medical records. | Failure to record or display patient drug allergy information in medical records. | Failure to verify allergy information when patient capacity is impaired.
25,Inter-agency information sharing,Failure to communicate and exchange vital data between different organisations and services.,17,16,2013-05-29,2026-02-25,0.9338839650154114,Inadequate information sharing between agencies. | Inadequate information sharing between services and agencies. | Inadequate inter-agency communication regarding information sharing.
26,Inadequate mental health inpatient capacity,There is an insufficient number of psychiatric beds available to meet patient demand.,16,15,2016-08-07,2026-01-19,0.961604118347168,Insufficient availability of mental health beds for inpatient care. | Insufficient availability of inpatient mental health beds. | Insufficient availability of mental health inpatient beds.
27,Ambulance handover delays,Delays in transferring patients from ambulances to hospital care increase mortality risks.,16,15,2016-05-24,2025-10-28,0.9166520833969116,Delayed ambulance handovers at hospitals increase mortality risk. | Ambulance handover delays at hospitals increase patient mortality risks. | Delays in hospital handovers increase the risk of patient mortality.
28,Inadequate training and awareness,Staff lack sufficient training and knowledge to recognise and manage acute behavioural disturbance.,15,11,2013-09-23,2026-02-09,0.9263877868652344,Inadequate training for staff to recognise and communicate acute behavioural disturbances. | Lack of standardised training and guidance for managing acute behavioural disturbance. | Insufficient national training for managing acute behavioural disturbance.
29,Emergency response and protocol training,"Staff lack sufficient training for managing medical emergencies, communication protocols, and risk assessments.",15,14,2014-07-14,2026-01-27,0.9330719113349915,Inadequate staff training for managing emergency situations. | Inadequate staff training regarding emergency protocols. | Inadequate staff training for emergency response.
30,Inadequate communication of suicidal ideation,Failure to share or document information regarding patient suicidal intent with relevant clinical staff and authorities.,15,13,2014-02-13,2025-11-26,0.9381461143493652,Failure to communicate patient suicidal ideation to clinical staff. | Failure to notify patients and families regarding suicidal ideation information. | Failure to communicate clinical information regarding suicidal ideation to the Duty Governor.
31,Failure to recognise clinical deterioration,Inability to identify and escalate signs of a patient's declining health.,15,15,2014-04-16,2025-03-24,0.9753429889678955,Failure to recognise clinical deterioration in a patient. | Failure to recognise and escalate clinical deterioration of a patient. | Failure to recognise acute clinical deterioration in a patient.
32,Inadequate fall prevention barriers,Insufficient physical barriers and height requirements to prevent climbing or falling from bridges and cliff edges.,15,13,2015-03-17,2024-09-11,0.9206039905548096,Insufficient physical barriers to prevent climbing over bridge railings. | Inadequate measures to prevent climbing over the bridge parapet. | Absence of physical barriers to prevent falls from the bridge.
33,Safeguarding referral mismanagement,"Failures in making, processing, or communicating essential safeguarding referrals and alerts.",14,13,2016-06-01,2025-11-26,0.9345036745071411,Failure to act upon a received safeguarding referral. | Failure to make a required safeguarding referral. | Failure to initiate safeguarding referrals despite increasing risks.
34,Clinical escalation failures,Failure to report patient clinical concerns to the appropriate senior medical or nursing staff.,14,14,2016-04-28,2025-10-15,0.9550562500953674,Failure to escalate clinical concerns to medical professionals. | Failure to escalate clinical concerns in a timely manner. | Failure to escalate clinical concerns from junior to senior medical staff.
35,Fragmented multidisciplinary information sharing,"A lack of integrated communication and data exchange between primary, secondary, and specialist healthcare providers.",14,14,2013-09-12,2025-09-23,0.9358354806900024,Inadequate communication between general practitioners and mental health services. | Lack of integration between general practice and mental health services. | Lack of reciprocal information sharing between mental health services and general practitioners.
36,Sepsis protocol non-compliance,Failure to follow established clinical pathways and diagnostic procedures for sepsis management.,14,12,2016-10-11,2025-06-18,0.9428585171699524,Failure to initiate required sepsis pathway despite clinical indicators. | Failure to effectively initiate the sepsis protocol. | Failure to follow the sepsis pathway despite clinical indicators of sepsis.
37,Inadequate welfare check procedures,"Failure to perform, escalate, or follow up on required welfare checks and associated emergency assistance.",14,14,2013-09-17,2025-01-29,0.9293619394302368,Failure to perform required welfare checks on an individual. | Failure to conduct physical welfare checks following lack of response. | Failure to conduct welfare checks after unsuccessful contact attempts.
38,Inadequate track access barriers,Insufficient physical fencing or barriers to prevent unauthorised entry to the railway.,14,12,2016-08-04,2022-06-22,0.9445513486862183,Inadequate physical barriers to prevent unauthorised access to the railway. | Inadequate physical barriers failed to prevent unauthorised access to railway tracks. | Insufficient physical barriers to prevent unauthorised railway boundary access.
39,Emollient fire risk awareness,Insufficient knowledge and communication regarding the fire hazards posed by paraffin-based emollient creams.,13,7,2015-08-11,2025-08-12,0.946235179901123,Insufficient awareness of fire risks from petrol-based emollient creams. | Inadequate management of fire risks associated with paraffin-based emollient creams. | Inadequate assessment of fire risks in low-percentage paraffin-based emollient creams.
40,Medication administration and supply failures,"Errors related to the timely delivery, administration, and provision of prescribed medicines.",13,13,2014-02-26,2025-03-06,0.9387609362602234,Failure to deliver prescribed medication in a timely manner. | Failure to administer prescribed medication in a timely manner. | Failure to administer prescribed medication to a patient.
41,Medication administration documentation errors,Inaccuracies and omissions in the recording of administered medications and clinical observations.,12,12,2014-03-10,2025-12-17,0.9349613189697266,Inaccurate documentation of medication administration in nursing records. | Inaccuracy in medication administration records. | Inaccurate recording of medication administration in electronic records.
42,Inter-agency communication failures,Inadequate sharing of critical information between emergency services and healthcare providers.,12,12,2014-01-22,2025-11-26,0.9413623809814453,Inadequate information sharing between emergency services. | Inadequate communication between emergency services and healthcare professionals. | Ineffective communication between emergency services.
43,Inadequate risk assessment procedures,"Failure to properly conduct, document, or update required risk assessments.",12,12,2014-05-09,2025-10-15,0.9427856802940369,Failure to conduct a required risk assessment. | Failure to complete or document required risk assessments. | Failure to conduct a robust risk assessment.
44,Multidisciplinary team meeting failures,"Inadequate conduct, attendance, and documentation of multidisciplinary team meetings and their outcomes.",12,11,2013-09-16,2025-05-16,0.9260415434837341,Failure to maintain multi-disciplinary team meeting records. | Inadequate documentation of multidisciplinary team meetings. | Inadequate documentation of multidisciplinary team meetings in case notes.
45,Inadequate safety signage,"Warning signs are insufficient in size, visibility, or placement to alert people to hazards.",11,11,2014-02-03,2026-02-26,0.9268710613250732,Insufficient safety signage to warn of potential hazards. | Warning signage is inadequate in size and placement. | Inadequate safety signage at the site.
46,Inadequate neurological monitoring and imaging,Failure to perform required neurological observations or CT scans following head injuries or falls.,11,11,2013-12-16,2026-02-26,0.9355807304382324,Failure to perform neurological observations following a head injury. | Failure to perform required neurological observations following a head injury. | Failure to perform required neurological observations.
47,Unregulated online medication procurement,Lack of oversight regarding the purchase of prescription drugs via the internet.,11,10,2013-08-08,2025-04-23,0.9467486143112183,Unregulated online access to large quantities of prescription-only medicines. | Unregulated online access to prescription-only medicines and controlled drugs. | Unregulated access to non-prescribed medication via the internet.
48,Promotion of self-harm and suicide,"Content that provides instructions, methods, or assistance for self-harm and suicide.",11,10,2019-12-03,2025-03-12,0.9385039210319519,Online forums provide information and assistance for committing suicide. | Online forums provide instructions for methods of suicide. | Online forums provide information regarding methods for self-harm and suicide.
49,Inadequate clinical communication to emergency services,Failure to relay essential patient information and clinical changes to emergency responders.,11,11,2013-09-25,2024-11-26,0.9472381472587585,Failure to communicate changes in clinical condition to emergency services. | Failure to communicate clinical information to the ambulance service. | Failure to communicate clinical plans to emergency services.
50,Failure to implement investigation recommendations,Failure to act upon findings and remedial actions identified during root cause or incident analyses.,11,11,2014-06-06,2024-02-15,0.9468148946762085,Failure to implement recommendations from a root cause analysis report. | Failure to implement recommendations from root cause analysis investigations. | Failure to implement recommendations from root cause analyses.
51,Inadequate first aid training,Prison officers lack mandatory and regular training in first aid and resuscitation.,10,10,2013-10-30,2026-02-09,0.9621595740318298,Insufficient first aid and CPR training for prison officers. | Inadequate first aid and CPR training for prison staff. | Inadequate ongoing first aid training for prison officers.
52,Insufficient family and carer involvement,Failure to include families and carers in clinical decision-making and discharge planning.,10,10,2014-01-30,2026-02-06,0.9366472959518433,Failure to involve families in patient care and discharge planning. | Failure to involve or consult the family during the patient discharge process. | Failure to involve the patient's family in the discharge process.
53,Care plan and risk assessment maintenance,Failure to regularly update care plans and risk assessments to reflect changing resident needs and requirements.,10,10,2019-08-16,2025-09-29,0.9339230060577393,Care plans were not maintained up to date. | Care plans are not updated regularly or following changes in circumstances. | Care plans and risk assessments are not updated regularly.
54,Clinical guidance non-compliance,Failure to follow established NICE clinical guidelines and professional standards.,10,10,2013-08-20,2025-06-18,0.9329015016555786,Failure to adhere to NICE clinical guidelines. | Failure to adhere to NICE clinical guidance. | Failure to adhere to clinical guidelines.
55,Healthcare provider communication failures,"Inadequate information sharing between clinicians, GPs, and pharmacists regarding medication and patient care.",9,9,2014-05-12,2026-02-27,0.9413337111473083,Inadequate communication between hospital and general practice regarding prescribed medication. | Failure of communication between hospital and GP regarding medication procurement. | Failure of communication between specialists and GPs regarding medication dispensation.
56,Inadequate mealtime supervision and monitoring,Failure to provide sufficient oversight and monitoring of residents during meals and nutritional intake.,9,8,2016-01-14,2026-02-24,0.9203046560287476,Insufficient supervision of high-risk residents during meal times. | Failure to provide required supervision during mealtimes in a care setting. | Failure to maintain continuous visual monitoring of residents during meals.
57,Inadequate clinical documentation,"Medical and nursing records are poorly maintained, inaccurate, or incomplete.",9,9,2014-11-10,2026-01-09,0.9345924258232117,Medical records and documentation are maintained to a poor standard. | Medical records are maintained with poor quality. | Medical records and case notes are inadequate and inconsistent.
58,Inadequate discharge notification,Failure to inform family members or next of kin when a patient is discharged.,9,9,2013-09-24,2025-11-07,0.9704523086547852,Failure to notify family members of a patient's discharge. | Failure to notify family members of a patient's hospital discharge. | Failure to notify next of kin regarding patient discharge.
59,Inadequate notification of clinical deterioration,"Failure to inform relevant medical professionals, emergency services, or family members when a patient's condition worsens.",9,9,2014-07-31,2025-10-15,0.9433367848396301,Failure to notify a doctor of significant clinical deterioration during discharge. | Failure to notify the general practitioner of clinical deterioration. | Failure to advise contacting emergency services during clinical deterioration.
60,Inadequate fall documentation and reporting,"Failure to accurately record, report, or investigate patient falls and subsequent clinical changes.",9,9,2014-03-17,2025-06-19,0.9510023593902588,Inadequate documentation of a patient fall. | Inadequate documentation of a patient fall by nursing staff. | Failure to provide contemporaneous documentation of a significant resident fall.
61,Medication dosage and prescription errors,"Failures in identifying, reviewing, or updating medication dosages and prescription details.",9,9,2014-01-27,2025-05-28,0.9343547821044922,Failure to identify incorrect medication dosage during pharmacy review. | Failure to update prescribed medication dosage following notification of changes. | Failure to review medication changes resulting in incorrect dosages.
62,Delayed or omitted cardiopulmonary resuscitation,Failures or delays in initiating life-saving resuscitation procedures for unresponsive patients.,9,8,2014-12-22,2025-04-09,0.9339559674263,Failure to initiate timely cardiopulmonary resuscitation. | Delay in commencing cardiopulmonary resuscitation for an unresponsive patient. | Failure to perform cardiopulmonary resuscitation on an unresponsive patient.
63,Insufficient street lighting,Inadequate illumination on roads and junctions during hours of darkness.,9,9,2014-03-24,2025-03-06,0.982664942741394,Inadequate street lighting on the road. | Inadequate street lighting. | Inadequate street lighting at night.
64,Inadequate hospital bed capacity,Insufficient availability of ward beds causing prolonged waiting times and boarding in emergency departments.,9,9,2020-02-25,2025-02-19,0.9457626342773438,Insufficient bed capacity causing prolonged emergency department waiting times. | Insufficient bed capacity causing prolonged emergency department stays. | Inadequate bed capacity causing prolonged waiting times in the Emergency Department.
65,Venous thromboembolism risk assessment failures,Failure to perform or complete mandatory assessments for venous thromboembolism risk.,9,9,2015-02-13,2024-08-12,0.9721866250038147,Failure to perform required venous thromboembolism risk assessments. | Failure to complete mandatory venous thromboembolism risk assessments. | Failure to perform venous thromboembolism assessment.
66,Psychological therapy waiting times,Delays in accessing assessment and treatment for psychological services.,9,9,2014-11-11,2024-06-25,0.9776973128318787,Excessive waiting times for psychological therapies. | Excessive waiting times for access to psychological therapy. | Excessive waiting times for specialised psychological therapy.
67,Inadequate hospital bed capacity,A shortage of available beds prevents timely patient admission and medical treatment.,9,9,2016-07-25,2024-01-30,0.9421746730804443,Insufficient hospital bed capacity prevents timely patient admission. | Insufficient hospital bed capacity prevented necessary admission. | Inadequate inpatient bed capacity prevented necessary medical treatment.
68,Clinical Incident Learning Processes,Failure to establish and implement effective systems for learning from clinical incidents and fatalities.,8,8,2017-10-31,2025-09-10,0.9389512538909912,Lack of a formal process for learning from clinical incidents. | Failure to implement clinical learning following fatal incidents. | Inadequate systems for learning from clinical incidents.
69,Deprivation of Liberty Safeguards non-compliance,"Failures regarding the assessment, application, and implementation of Deprivation of Liberty Safeguards.",8,7,2015-01-29,2025-07-10,0.9593549370765686,Failure to apply for Deprivation of Liberty Safeguards for residents lacking mental capacity. | Failure to assess the necessity of a Deprivation of Liberty Safeguards application. | Failure to implement a Deprivation of Liberty Safeguards order.
70,Instructions for lethal substances,Content providing guidance on sourcing and preparing substances for self-harm or suicide.,8,8,2025-05-23,2025-05-23,0.9595391750335693,Websites providing instructions for sourcing and administering lethal substances. | Instructions for sourcing and administering lethal substances are provided online. | Online access to instructions for sourcing and preparing lethal substances.
71,Failure to learn from fatalities,Inadequate processes for implementing lessons learned to prevent the recurrence of fatal incidents.,8,8,2017-01-18,2025-04-16,0.9367458820343018,Failure to implement lessons learned from previous fatal investigations. | Inadequate review and learning from fatalities to prevent recurrence. | Failure to implement lessons learned to prevent recurrence of fatal incidents.
72,Mental health service delays,Extended waiting times for accessing mental health assessments and support services.,8,8,2014-03-11,2025-04-10,0.9580219388008118,Excessive delays in accessing mental health support services. | Delayed access to mental health services due to long waiting lists. | Excessive waiting times for mental health assessments.
73,Inappropriate speed limits,"The established speed limits do not align with road geometry, visibility, or environmental conditions.",8,8,2014-04-30,2025-01-09,0.9509483575820923,The speed limit is inappropriate for the road conditions. | The statutory speed limit is inappropriate for the road environment. | The speed limit is unsafe for the road geometry.
74,Healthcare and prison staff communication,Failure to share critical medical information and risk documentation between healthcare and prison personnel.,8,8,2015-06-30,2024-06-11,0.9496010541915894,Inadequate information sharing between healthcare and prison staff. | Inadequate information exchange between healthcare and prison staff. | Lack of reliable mechanism for communicating medical information to prison staff.
75,Emergency call triage errors,Emergency calls are being incorrectly categorised or assigned to inappropriate response levels.,8,8,2017-09-15,2022-06-24,0.9401846528053284,An emergency call was incorrectly triaged to an inappropriate response category. | Incorrect initial triage of an emergency call. | Incorrect triage of emergency service calls.
76,Standardised clinical handover protocols,A lack of consistent national guidance and procedures for transferring patient information during clinical handovers.,7,5,2017-07-21,2026-02-12,0.9461464881896973,Absence of standardised protocols for patient handovers in emergency departments. | Absence of national written guidance for clinical handover procedures. | Lack of national guidance for clinical handovers in non-acute healthcare settings.
77,Inadequate food and fluid monitoring,Failure to accurately record and track nutritional and hydration intake.,7,7,2015-08-20,2025-12-22,0.9387660026550293,Incomplete documentation of food and fluid intake. | Failure to monitor and record food and fluid intake. | Failure to maintain food and hydration records.
78,Duty of candour non-compliance,Failure to meet statutory requirements for being open and honest when things go wrong.,7,7,2016-05-11,2025-12-15,0.9682161808013916,Failure to comply with the statutory duty of candour. | Failure to comply with the duty of candour. | Failure to comply with statutory duty of candour requirements.
79,Bed rail safety management,"Failures regarding the assessment, positioning, and documentation of bed rails.",7,6,2015-12-14,2025-08-07,0.9507486820220947,Failure to assess the need for bed rails during hospitalisation. | Failure to ensure bed rails are correctly positioned in care settings. | Bed rails used contrary to clinical assessment recommendations.
80,Insufficient clinical staffing levels,Inadequate numbers of nurses and medical staff across paediatric and emergency departments.,7,7,2017-07-21,2025-06-20,0.9542713165283203,Inadequate medical staffing levels in emergency and paediatric departments. | Inadequate staffing levels of trained paediatric nurses in the emergency department. | Insufficient staffing levels in the paediatric emergency department.
81,Care Programme Approach non-compliance,Failure to follow established protocols and coordinator assignments within the Care Programme Approach.,7,7,2015-01-16,2025-03-17,0.9532107710838318,Failure to adhere to the Care Programme Approach. | Failure to allocate a care coordinator as required by the Care Programme Approach. | Failure to follow Care Programme Approach guidance.
82,Dual diagnosis care provision,Insufficient specialist services and coordination for patients with co-occurring mental health and substance misuse needs.,7,7,2018-12-12,2025-02-24,0.9642926454544067,Inadequate service provision for patients with dual diagnosis. | Inadequate provision of care for patients with a dual diagnosis. | Inadequate support for patients with a dual diagnosis.
83,Fracture misdiagnosis or missed detection,Failure to correctly identify or report fractures during clinical or radiological examination.,7,7,2016-03-04,2024-09-06,0.9496468901634216,Failure to identify a fracture during initial radiographic examination. | Failure to diagnose a fracture during initial radiographic examination. | Failure to identify a fracture during radiological review.
84,Inadequate clinical assessment,Failure to identify the true severity of a patient's medical condition.,7,7,2014-02-25,2024-04-03,1.0016809701919556,Failure to recognise the severity of a patient's clinical condition. | Failure to recognise the clinical severity of a patient's condition. | Failure to recognise the severity of a medical condition.
85,Ambulance offloading delays,Delays in transferring patients from ambulances to hospitals reduce available emergency resources.,7,7,2018-07-30,2024-03-20,0.9512447118759155,Hospital offloading delays reduce available ambulance resources. | Emergency department offloading delays causing ambulance shortages. | Prolonged ambulance offload delays at emergency departments.
86,Inadequate crossing visibility,Insufficient lighting and visibility at pedestrian crossing points.,7,7,2014-02-26,2020-07-10,0.9448526501655579,Insufficient lighting at the pedestrian crossing. | Inadequate lighting at a pedestrian crossing. | Inadequate visibility of the nearest pedestrian crossing.
87,Inadequate ACCT training,Healthcare staff lack sufficient knowledge and training regarding the ACCT process.,6,6,2016-11-27,2026-02-19,0.9539046287536621,Healthcare staff lack sufficient training on the ACCT process. | Agency healthcare staff lack sufficient training in the ACCT process. | Staff lack adequate training in the ACCT procedure.
88,Illicit substance control failures,Inadequate measures to prevent the smuggling or unauthorised access to controlled substances within the prison.,6,6,2016-05-05,2026-02-09,0.9776326417922974,Failure to prevent the smuggling of controlled substances into a prison. | Failure to prevent access to illicit substances within a prison environment. | Failure to prevent unauthorised access to controlled substances within a prison.
89,Unescorted patient leave management,"Failures in assessing, monitoring, and communicating risks associated with unsupervised patient leave.",6,6,2014-09-30,2026-02-08,0.9423071146011353,Failure to monitor the limitations of unescorted patient leave. | Failure to notify relevant persons of unsupervised patient leave. | Failure to assess patient mental state and risk before unescorted leave.
90,Emergency department patient flow,Inefficiencies and overcrowding causing delays in patient movement and admissions.,6,6,2016-08-26,2026-02-07,0.9406969547271729,Inefficient patient flow causing delays in the emergency department. | Emergency Department overcrowding causing delays in patient flow. | Inadequate patient flow causing delays in hospital admissions.
91,Psychoactive substance availability in prisons,The presence and use of illicit psychoactive substances within the prison environment.,6,5,2018-06-25,2026-02-06,0.9630696773529053,Access to novel psychoactive substances within a prison environment. | Access to new psychoactive substances within a prison environment. | Ongoing availability and use of psychoactive substances within a prison environment.
92,Inadequate pressure sore training,Clinical and care staff lack necessary training for the prevention and management of pressure ulcers.,6,5,2015-07-10,2025-11-26,0.9591956734657288,Clinical staff lack adequate training on pressure sore prevention. | Insufficient staff knowledge regarding pressure sore prevention. | Insufficient staff knowledge and care regarding pressure sore management.
93,Inadequate diagnostic imaging for head injuries,Failure to perform required CT scans or appropriate imaging following head or facial trauma.,6,6,2014-01-17,2025-07-25,0.9704364538192749,Failure to perform a CT scan following a head injury. | Failure to perform a CT scan following a scalp injury. | Failure to perform a CT head scan following head and facial injuries.
94,Incomplete clinical documentation,Medical records and care plans lack necessary detail and consistency.,6,6,2016-05-16,2025-06-23,0.9365929365158081,Clinical records and care plans were incomplete or inaccurate. | Clinical documentation and care planning were incomplete and inconsistent. | Clinical documentation of patient care was insufficient.
95,Medical record transfer delays,Delays or incompleteness in the movement of patient clinical information between healthcare providers.,6,6,2015-10-21,2025-05-27,0.9375952482223511,Delays in the transfer of medical records between general practitioners. | Incomplete or delayed transfer of patient medical records between GP practices. | Delayed transfer of hospital clinical information to general practitioners.
96,Inadequate self-harm prevention guidance,The guidance prioritises malicious misuse over addressing deliberate self-harm and suicide.,6,6,2025-05-23,2025-05-23,1.0029947757720947,Guidance focuses on malicious misuse instead of deliberate self-harm or suicide. | Guidance focuses on malicious misuse instead of deliberate self-harm.
97,Emergency department overcrowding mortality,Increased patient mortality risks due to overcrowding in emergency departments.,6,5,2018-04-28,2025-05-12,0.9885013699531555,Emergency department overcrowding increases mortality risks for patients. | Emergency department overcrowding increases patient mortality risks. | Emergency department overcrowding is associated with increased mortality rates.
98,Delayed hospital discharges,Delays in discharging medically ready patients reduce available acute bed capacity.,6,6,2020-07-30,2025-05-09,0.9530404806137085,Delayed hospital discharges reduce acute bed capacity. | Delayed hospital discharges causing acute bed occupancy and impacting patient care. | Delayed discharge of medically ready patients reduces hospital bed availability.
99,Antenatal CTG assessment guidance,A lack of standardised national protocols for interpreting and managing abnormal CTG tracings.,6,3,2014-09-24,2025-03-18,0.9493090510368347,Insufficient national guidance for antepartum CTG assessment. | Absence of national guidelines for interpreting antenatal CTG tracings. | Inadequate guidance for managing abnormal antenatal CTG results.
100,Access to self-harm instructions,The availability of online information detailing methods for self-harm or suicide.,6,4,2013-11-20,2024-11-14,0.9569035768508911,Online availability of detailed instructions for committing suicide. | Online availability of instructions for self-harm or suicide. | Easy access to online instructions for committing suicide.
101,Staffing shortages and clinical delays,Inadequate staffing levels are causing delays in patient assessments and treatment delivery.,6,6,2013-01-07,2024-08-19,0.9379294514656067,Staffing shortages causing delays in patient treatment. | Staffing shortages causing delays in patient assessments. | Staffing shortages causing delays in clinical care delivery.
102,Inadequate water fall protection,Insufficient physical barriers or fencing to prevent accidental falls into water features.,6,6,2015-04-20,2024-08-07,0.9682769179344177,Inadequate physical barriers to prevent falls into water. | Inadequate physical barriers to prevent falls into the water. | Lack of physical barriers to prevent falls into water.
103,Inadequate swimming hazard signage,"A lack of clear warnings regarding water depth, currents, and prohibited swimming areas.",6,6,2014-03-04,2024-07-03,0.9500806331634521,Absence of warning signage or markers for unsafe swimming conditions. | Inadequate signage warning against swimming in the lake area. | Lack of adequate signage for water depth and potential hazards.
104,Venous thromboembolism prophylaxis failures,Inadequate implementation of mechanical or pharmacological measures to prevent deep vein thrombosis.,6,4,2015-11-02,2024-06-04,0.9509744048118591,Failure to implement mechanical thromboprophylaxis following risk assessment. | Failure to provide mechanical venous thromboembolism prophylaxis. | Failure to identify omission of prescribed mechanical thromboprophylaxis.
105,Radiology staffing shortages,Insufficient clinical staff causing delays in diagnostic imaging and reporting.,6,6,2016-05-12,2024-05-29,0.9530390501022339,Staffing shortages in radiology cause delays in diagnostic reporting. | Radiologist shortages are causing delays in radiology reporting. | Staffing shortages causing delays in diagnostic imaging procedures and reporting.
106,Delayed clinical assessment,Delays in medical evaluation of patients following admission or presentation in emergency departments.,6,6,2014-02-05,2023-09-01,0.9485023021697998,Delayed medical assessment following admission to the emergency department. | Delayed initial assessment in emergency departments following symptom presentation. | Delay in clinical assessment following patient admission.
107,Delays in mental health assessments,Shortages of approved practitioners are causing delays in completing required assessments.,6,6,2016-10-07,2023-04-27,0.9484482407569885,Insufficient availability of approved mental health professionals causing assessment delays. | Delay in Mental Health Act assessment due to practitioner unavailability. | Delays in obtaining Mental Health Act assessments.
108,Inadequate speed limit signage,Insufficient or poorly positioned signs for communicating speed limit changes and warnings.,6,4,2015-06-19,2022-07-25,0.9537962675094604,Inadequate signage for communicating changes in speed limits. | Inadequate signage for temporary speed limit changes. | Inadequate speed limits or advisory signage on a road section.
109,CTG interpretation training deficiencies,"Inadequate training, assessment, and competency verification for interpreting cardiotocograph traces.",6,3,2014-02-25,2017-03-09,0.9651817083358765,Inadequate training on CTG tracing interpretation in the midwifery syllabus. | Insufficient training for midwives in interpreting CTG traces. | Lack of mandatory annual refresher training for CTG interpretation by midwives.
110,Learning disability accessibility failures,Inadequate provision of reasonable adjustments and communication support for patients with learning disabilities.,5,5,2015-08-12,2026-03-10,0.9423325061798096,Failure to implement reasonable adjustments for patients with learning disabilities. | Failure to address communication barriers for patients with learning disabilities. | Failure to provide reasonable adjustments for pain assessment in patients with learning disabilities.
111,Sepsis screening tool non-compliance,Failure to utilise prescribed sepsis assessment tools during patient clinical evaluations.,5,5,2015-10-16,2026-02-13,0.9682246446609497,Failure to use the sepsis screening tool during clinical assessment. | Failure to use the prescribed sepsis screening tool during patient assessment. | Failure to utilise the sepsis assessment tool.
112,Patient repositioning non-compliance,Failure to follow established protocols and instructions for repositioning patients.,5,5,2023-03-06,2026-02-09,0.9570325016975403,Failure to correctly perform or record patient repositioning. | Failure to implement clinical instructions for patient repositioning. | Inadequate protocols for patient repositioning.
113,Inaccessible medical records,Difficulty accessing patient records hinders clinical assessment and management.,5,5,2013-08-21,2026-01-12,0.9588086605072021,Lack of direct access to medical records during clinical assessment. | Clinical assessment hindered by unavailable patient medical records. | Lack of direct access to electronic patient records during clinical assessments.
114,Inadequate nutritional support,Failure to provide sufficient nutrition to patients during hospitalisation.,5,5,2021-03-03,2026-01-08,0.97216796875,Inadequate nutritional support for patients during hospitalisation. | Inadequate provision of sustained nutritional support for hospitalised patients. | Inadequate management of nutritional requirements during hospitalisation.
115,Unreported medical conditions,Failure to notify the DVLA of health issues affecting driving safety.,5,5,2016-01-13,2025-11-12,0.9666510820388794,Failure to notify the DVLA of a driver's medical condition. | Failure to notify the DVLA of a medical condition. | Failure to report medical conditions to the DVLA for assessment.
116,Inadequate post-overdose medication monitoring,Failure to review or monitor medication use following reports of intentional overdose.,5,3,2016-07-26,2025-10-27,0.955315351486206,Failure to review medications following disclosure of an overdose. | Failure to conduct medication reviews following reports of intentional overdose. | Failure to take action following disclosure of a medication overdose.
117,Venous thromboembolism policy inadequacy,"Deficiencies in the development, clarity, and staff comprehension of local VTE protocols.",5,3,2022-04-01,2025-10-24,0.947953999042511,Insufficient staff awareness of venous thromboembolism policy and implementation. | Staff training on local venous thromboembolism policy is inadequate or poorly engaged. | Inconsistency and lack of clarity in local venous thromboembolism policy.
118,Delayed emergency medical response,Failure to seek or provide timely medical assistance for unwell or unconscious residents.,5,4,2013-12-17,2025-10-20,0.973944902420044,Failure to seek medical assistance for an unconscious resident. | Failure to seek medical advice for an unconscious resident. | Failure to seek timely medical attention for unconscious residents.
119,Paediatric to adult service transitions,A lack of structured pathways and guidance when moving between paediatric and adult mental health services.,5,4,2019-10-01,2025-08-12,0.9647166728973389,Lack of defined transition pathways between paediatric and adult mental health services. | Inadequate transition arrangements for individuals moving from paediatric to adult mental health services. | Insufficient national guidance and provision for transitions from CAMHS to adult services.
120,Inadequate discharge follow-up arrangements,Patients are being discharged from hospital without organised follow-up care or appointments.,5,5,2017-03-10,2025-07-22,0.959374189376831,Patient discharged from hospital without follow-up care arrangements. | Patient discharged from hospital without a planned follow-up appointment. | Patient discharged without provision for follow-up care.
121,Delays in urgent referrals,Failure to recognise or process urgent clinical referrals within required timeframes.,5,5,2013-12-17,2025-06-30,0.9542092680931091,Failure to recognise the urgency of a referral. | Failure to provide timely assessments following urgent referrals. | Failure to process urgent clinical referrals in a timely manner.
122,Insufficient clinical decision documentation,Clinical records fail to provide adequate rationale for decisions or details of patient discussions.,5,5,2017-12-21,2025-06-18,0.9612542390823364,Clinical records lack sufficient documentation of decision-making rationale. | Clinical documentation lacks sufficient detail regarding decision-making processes. | Clinical documentation lacks rationale for decisions and details of patient discussions.
123,Hypoglycaemia management failures,Inadequate monitoring and failure to follow clinical protocols for managing low blood glucose levels.,5,5,2021-03-03,2025-06-18,0.9632344245910645,Failure to monitor blood glucose levels following a hypoglycaemic event. | Failure to follow clinical guidelines for managing hypoglycaemia. | Failure to follow critical medical instructions for hypoglycaemia management.
124,Non-compliance with risk management protocols,Failure to follow established risk assessment and mitigation procedures.,5,4,2013-12-18,2025-06-17,0.959331214427948,Failure to adhere to established risk mitigation measures. | Failure to implement identified risk mitigation measures. | Failure to comply with risk assessment and management policies.
125,Tissue viability referral delays,Failures or delays in referring patients to tissue viability specialists.,5,5,2013-08-20,2025-06-11,0.9655882120132446,Delay in referral to tissue viability nurses. | Delays in referrals to tissue viability nurses. | Delays in referring patients to tissue viability specialists.
126,Inadequate internal investigations,Failure to conduct thorough or formal enquiries into clinical care failures.,5,5,2015-04-29,2025-06-11,0.9512738585472107,Failure to conduct an internal investigation into provided care. | Failure to conduct an internal investigation into care failures. | Failure to conduct a detailed investigation into care and treatment provided.
127,Out-of-hours thrombectomy service gaps,Insufficient provision and funding for mechanical thrombectomy services outside of standard hours.,5,4,2023-11-17,2025-06-02,0.9623273015022278,Lack of out-of-hours thrombectomy services for stroke patients in Lancashire. | Lack of out-of-hours mechanical thrombectomy services at a specific NHS trust. | Lack of out-of-hours commissioned thrombectomy services for stroke patients.
128,Online marketplace poison sales guidance,The guidance lacks specific instructions and training for selling reportable poisons through online marketplaces.,5,5,2025-05-23,2025-05-23,0.9962835311889648,Guidance lacks specific training for sellers of reportable poisons via online marketplaces. | Guidance lacks specific training for sellers of reportable poisons from online marketplaces. | Guidance lacks specific instructions for selling reportable poisons via online marketplaces.
129,Unauthorised data sharing,Vendor contact details are being disclosed on platforms promoting self-harm.,5,5,2025-05-23,2025-05-23,0.9966058135032654,Vendors are unaware their contact details are shared on platforms promoting suicide methods. | Vendors are unaware their details are shared on platforms promoting suicide methods.
130,DVLA notification failures,Inadequate processes for assessing and reporting medical conditions affecting driving fitness to the DVLA.,5,4,2020-06-16,2025-04-17,0.9586225748062134,Lack of mandatory medical reporting for driving fitness to the DVLA. | Absence of local policy for assessing patient fitness to drive and DVLA notification. | Failure to discuss driving fitness and DVLA notification requirements upon patient discharge.
131,Working at height safety,"Insufficient measures, equipment, and training to prevent falls from height.",5,5,2013-08-05,2025-04-03,0.9561799764633179,Inadequate health and safety measures for working at height. | Inadequate measures to prevent falls from height. | Absence of safety netting to prevent falls from height.
132,Post-mortem medication administration errors,Failure to correctly manage or verify prescribed medication for deceased patients.,5,5,2014-09-18,2025-03-11,0.9569286704063416,Failure to administer prescribed medication to a deceased person. | Failure to administer prescribed steroid medication to a deceased patient. | Failure to verify medication contents before administration to a deceased person.
133,Insecure perimeter fencing,Physical barriers are insufficient to prevent unauthorised access to the site.,5,4,2015-05-27,2024-07-23,0.9656898975372314,Inadequate fencing fails to prevent unauthorised access. | A gap in the perimeter fencing allows unauthorised access. | Perimeter fencing is insufficiently secured.
134,Choking risk assessment failures,Inadequate identification and assessment of potential choking hazards.,5,5,2020-04-24,2024-07-10,0.9476035833358765,Failure to adequately recognise choking risks. | Failure to accurately assess and recognise choking risks. | Failure to conduct choking risk assessments following ingestion of non-food items.
135,Inadequate clinical staffing levels,Insufficient personnel available to ensure proper patient supervision and monitoring.,5,5,2015-03-19,2024-04-17,0.9643586277961731,Insufficient staffing levels resulting in inadequate patient supervision. | Insufficient patient supervision caused by inadequate clinical staffing levels. | Inadequate staffing levels resulting in insufficient clinical supervision and monitoring.
136,Sepsis recognition failure,Inability to identify clinical signs or urgency of sepsis.,5,5,2018-07-11,2024-03-11,0.9660787582397461,Failure to recognise clinical signs of sepsis. | Failure to recognise clinical indicators of sepsis. | Failure to recognise the development of sepsis.
137,Medication non-collection reporting failures,Inefficiencies and gaps in the processes for notifying staff when medication is not collected.,5,2,2017-11-17,2024-02-08,0.9435847997665405,Lack of a direct reporting mechanism for medication non-collection. | Inefficient intermediary reporting process for medication non-collection alerts. | Pharmacy reporting system fails to notify key workers of medication non-collection.
138,Cold water immersion oversight,"A lack of standardised regulation, monitoring, and safety guidance for providers and session leaders.",5,1,2023-10-04,2023-10-04,0.96733158826828,Insufficient health and safety guidance for cold water immersion providers. | Lack of regulation and quality assurance for cold water immersion session leaders. | Lack of established voluntary self-regulation for cold water immersion providers.
139,Inadequate prison staffing levels,Insufficient personnel numbers compromise the safety of both prisoners and officers.,5,5,2014-08-08,2023-07-03,0.9773025512695312,Inadequate staffing levels compromise prisoner safety. | Insufficient staffing levels compromised prisoner safety. | Inadequate staffing levels compromised prisoner safety.
140,Incomplete information to emergency services,"Failure to communicate vital medical, medication, or location details to emergency responders.",5,5,2015-09-16,2023-04-28,0.9579178094863892,Failure to provide specific information to emergency services. | Failure to communicate relevant medical history to emergency services. | Failure to provide essential medical and medication information to emergency services.
141,Insufficient out-of-hours medical staffing,There is inadequate clinical coverage during weekends and outside of standard operating hours.,5,4,2015-03-02,2022-08-06,0.9503990411758423,Inadequate medical staffing levels during out-of-hours periods. | Insufficient medical coverage during out-of-hours periods. | Insufficient clinician availability during out-of-hours periods.
142,Delayed critical care referrals,Failure to escalate or refer patients to specialist intensive care services during clinical deterioration.,5,5,2013-09-24,2021-12-03,0.9513578414916992,Failure to refer patient to specialist critical care following clinical deterioration. | Failure to refer patient to critical care outreach team despite deteriorating clinical scores. | Failure to refer a patient to critical care in a timely manner.
143,Inadequate specialist referral follow-up,Failure to monitor or action clinical referrals and subsequent patient contact.,5,5,2018-01-29,2021-10-22,0.9587977528572083,Failure to follow up on an unanswered specialist clinical referral. | Failure to follow up on outstanding specialist referrals. | Failure to provide required clinical follow-up after referral.
144,Inadequate internal investigations,"Internal investigations lacked sufficient depth, thoroughness, or accuracy.",5,5,2014-07-29,2021-10-14,0.976398229598999,The internal investigation was inadequate. | The internal investigation into the incident was inadequate. | Internal investigation lacked sufficient depth and thoroughness.
145,Inadequate fall monitoring equipment,There is a shortage of alarms and sensors required to monitor high-risk patients for falls.,5,3,2013-11-05,2021-04-23,0.9447706341743469,Insufficient availability of fall alarms for high-risk patients. | Insufficient availability of fall sensors for monitoring high-risk patients. | Insufficient fall alarm equipment increases risk of patient injury.
146,Failure to recognise clinical deterioration,Inability to identify and respond to declining health in residents.,5,5,2014-01-10,2021-02-05,0.9637949466705322,Failure to recognise clinical deterioration in a resident. | Failure to recognise and respond to a resident's deteriorating health condition. | Failure to recognise an acutely unwell resident.
147,Inadequate street lighting,Insufficient or failed illumination at the site of a road collision.,5,5,2014-05-19,2020-07-10,0.9758113026618958,Lack of street lighting at the site of a collision. | Inadequate street lighting at the site of a road collision. | Lack of street lighting at the site of the collision.
148,Inappropriate patient ward placement,Patients are assigned to wards or departments that do not meet their clinical needs.,5,5,2013-09-23,2020-05-04,0.9636693000793457,Patient placed in an inappropriate ward. | A patient was placed in an inappropriate ward for their needs. | Patient treated in an inappropriate ward or department.
149,Inadequate clinical escalation,Failure to escalate patient care to the required level of clinical intensity.,5,5,2013-09-20,2019-09-26,0.9804742336273193,Failure to escalate clinical care when required. | Failure to escalate clinical care requirements. | Failure to escalate clinical care to the appropriate level.
150,Mental health funding shortages,Inadequate financial resources for mental health services increase risks to patient lives.,5,5,2018-10-03,2018-10-04,0.9725632667541504,Insufficient funding of mental health services increases mortality risk. | Insufficient funding of mental health services poses a risk to life. | Insufficient funding of mental health services may lead to patient fatalities.
151,Inadequate recording of self-harm intent,Failure to document patient statements or discussions regarding self-harm and suicide in medical records.,5,4,2015-02-02,2016-06-13,0.9462627172470093,Failure to formally record patient intentions of self-harm. | Failure to record discussions regarding assisted self-harm in medical records. | Failure to record self-harm or suicide comments in medical records.
152,Insufficient hazard warning signage,Warning signs for dangerous bends are inadequate.,5,4,2016-04-19,2016-04-19,0.995407223701477,Inadequate warning signage for a left-hand bend on the A470. | Inadequate warning signage for a hazardous bend on the A470. | Inadequate signage for a hazardous bend on the A470 Storey Arms.
153,Mental health bed shortages,Inadequate capacity in mental health wards increases mortality risks.,4,3,2024-03-07,2026-03-12,0.9754984378814697,Insufficient mental health bed capacity increases risk of mortality. | Insufficient availability of mental health beds increases risk of mortality. | Inadequate measures to mitigate mortality risks from insufficient mental health bed capacity.
154,Inadequate clinical documentation,"Medical records are missing information, inconsistent, or unclear.",4,4,2015-06-24,2026-02-25,0.9781343936920166,Clinical documentation is incomplete or missing. | Clinical documentation is incomplete. | Clinical documentation is insufficient and unclear.
155,Inadequate risk assessment training,Staff members have not completed the necessary training to conduct formal risk assessments.,4,4,2015-07-20,2026-02-19,0.9731018543243408,Staff have not received training in conducting risk assessments. | Staff lack formal training in risk assessment. | Staff have not completed required risk assessment training.
156,Inadequate fall risk signage,Warning signs fail to sufficiently communicate the danger of falling.,4,4,2015-02-03,2026-02-09,0.9563413262367249,Inadequate signage regarding fall risks. | Inadequate warning signage for preventing falls of vulnerable persons. | Warning signage failed to communicate specific fall risks.
157,DNACPR training and documentation,"Staff lack sufficient knowledge regarding the application, criteria, and documentation of DNACPR orders.",4,3,2014-04-30,2026-02-07,0.9607402682304382,Insufficient training and clarification regarding the application of DNACPR orders. | Staff lack understanding of criteria for withholding DNACPR orders. | Inadequate staff understanding of DNACPR documentation requirements.
158,Inadequate response to clinical risks,Failure to take necessary action following the identification of patient risks.,4,4,2014-06-09,2026-01-14,0.9525333642959595,Failure to act on urgent clinical warnings regarding patient risk. | Failure to conduct urgent clinical assessment despite reported increased risk. | Failure to act upon information regarding patient risk and admission.
159,Medication management and administration,"Inconsistent processes for dispensing, administering, and documenting medication and patient records.",4,4,2016-04-29,2025-12-17,0.9587339758872986,Inadequate management and documentation of medication. | Inconsistent and poorly managed medication administration. | Inconsistent processes for medication dispensing and administration.
160,Inadequate electrocardiogram monitoring,Failure to perform required or clinically indicated ECGs during patient assessments.,4,4,2014-03-06,2025-11-25,0.9606759548187256,Failure to perform ECG when clinically indicated. | Failure to perform required electrocardiograms for patients with clinical risk factors. | Failure to perform a required electrocardiogram during clinical assessment.
161,Missing face-to-face assessments,Failure to perform required in-person clinical evaluations.,4,4,2023-05-16,2025-10-31,0.967199444770813,Failure to conduct a face-to-face assessment. | Failure to conduct a face-to-face clinical assessment. | Failure to conduct a required face-to-face assessment.
162,Clinical notification failures,Failure to alert responsible or on-call clinicians regarding significant incidents or patient deterioration.,4,4,2014-04-30,2025-10-23,0.9563877582550049,Failure of the notification system to alert responsible clinicians of significant incidents. | Failure of the notification system to alert the on-call clinician. | Failure to notify the on-call clinician of a patient becoming unresponsive.
163,Tissue viability staffing shortages,Insufficient numbers of specialist nurses across hospital and community settings.,4,4,2014-12-19,2025-09-25,0.9582543969154358,Inadequate staffing levels and coverage within the tissue viability nursing service. | Insufficient number of tissue viability nurses in community and hospital settings. | Lack of dedicated tissue viability nurses in community hospitals.
164,Hazardous junction and road geometry,Substandard road layouts and visibility at junctions increase the risk of collisions.,4,4,2022-05-09,2025-08-12,0.950840413570404,Poor road layout and visibility at a junction increase collision risk. | Road geometry and junctions increase the risk of collisions. | Inadequate road layout and signage at a junction increases accident risk.
165,Junction safety risks,The design of the junction poses a danger to pedestrians and other vulnerable road users.,4,4,2015-09-28,2025-08-12,0.9411635398864746,The junction presents a significant safety risk to vulnerable road users. | The junction poses a continuous risk to life for road users. | High risk to vulnerable road users at a specific road junction.
166,Prisoner medication management,"Deficiencies in the governance, oversight, and identification processes for prescribed medication held by prisoners.",4,4,2022-01-05,2025-07-25,0.9573305249214172,Inadequate management of prescribed medication for prisoners. | Inadequate guidance on the governance of medication held by prisoners. | Lack of national guidance for managing in-possession medication in prisons.
167,Delays in psychiatric assessment,Failure to provide necessary psychiatric reviews or assessments for patients exhibiting clinical symptoms.,4,4,2017-09-11,2025-07-18,0.953891396522522,Failure to provide psychiatric assessment prior to patient death. | Failure to provide psychiatric review despite evidence of clinical symptoms. | Failure to arrange a psychiatric review between discharge and patient death.
168,Lack of lifeguard supervision,Failure to provide adequate monitoring by lifeguards during swimming activities.,4,4,2018-01-18,2025-06-04,0.9668291211128235,Absence of lifeguard supervision during high-risk periods. | Absence of lifeguard supervision at a beach during peak periods. | Absence of lifeguards during pool operation.
169,Inadequate response to family concerns,Failure to address or escalate concerns raised by families in a timely manner.,4,4,2015-01-27,2025-05-23,0.974429726600647,Failure to provide an adequate or timely response to family concerns. | Failure to adequately respond to or escalate concerns raised by families. | Failure to respond to clinical concerns raised by families in a timely manner.
170,Misidentification of self-harm intent,Small purchases of reportable poisons are incorrectly categorised as legitimate or hobbyist use.,4,4,2025-05-23,2025-05-23,0.9954569935798645,Small purchases of reportable poisons are misidentified as hobbyist use instead of self-harm. | Small quantities of reportable poisons are misidentified as legitimate use instead of self-harm.
171,Inadequate family notification,"Failure to inform relatives about patient welfare, clinical deterioration, or expressed concerns.",4,4,2023-10-19,2025-05-23,0.9551534652709961,Failure to notify family of concerns regarding patient welfare. | Failure to inform family members of a patient's deteriorating condition. | Failure to inform family members of a patient's written concerns.
172,Inadequate post-discharge follow-up arrangements,Failure to organise necessary follow-up appointments or referrals following hospital discharge.,4,4,2017-04-03,2025-05-17,0.9595751166343689,Failure to arrange follow-up psychiatric outpatient appointments after discharge. | Failure to arrange follow-up referral to mental health services after hospital discharge. | Failure to arrange follow-up care with mental health services or general practitioners.
173,Inadequate communication of clinical information,Failure to share essential clinical details and discharge instructions with staff and bereaved families.,4,4,2018-03-14,2025-03-17,0.9600476622581482,Failure to communicate discharge safety information to the deceased's family. | Failure to communicate clinical information regarding a deceased patient to staff. | Failure to communicate the clinical plan to the deceased's next of kin.
174,Inadequate paediatric sports regulation,"A lack of standardised safety, medical, and risk management protocols in children's contact sports.",4,1,2025-03-14,2025-03-14,0.969275951385498,Lack of minimum safeguarding and risk management standards in children's contact sports. | Lack of minimum medical support standards in children's contact sports. | Lack of mandatory risk assessments and incident plans in children's contact sports.
175,Non-compliance with established procedures,Failure by staff to follow internal policies and protocols.,4,4,2017-04-20,2025-03-11,0.959612250328064,Failure by staff to adhere to established policies and procedures. | Failure to follow established protocols and procedures. | Failure to adhere to established clinical and managerial policies and procedures.
176,Inadequate mental health training,Staff lack the necessary training to manage patients with mental health needs.,4,4,2017-02-14,2025-03-04,0.9623112082481384,Inadequate training for staff managing patients with significant mental health needs. | Insufficient staff training for managing resident mental health needs. | Inadequate training for staff managing long-term mental health conditions.
177,Standardised falls risk management,Lack of national guidelines and standardised tools for assessing falls risk in emergency departments.,4,3,2021-06-02,2025-02-19,0.9630873203277588,Lack of a standardised national system for managing falls risk in emergency departments. | Absence of national guidelines for falls risk assessments in emergency departments. | Delayed falls risk assessments for vulnerable and elderly patients in emergency departments.
178,Inadequate bed capacity,Insufficient availability of hospital and community beds prevents timely patient discharge.,4,4,2017-01-13,2025-01-31,0.9534913301467896,Insufficient nursing beds causing delays in hospital discharge. | Inadequate staffing and bed capacity delay patient discharge. | Insufficient community bed capacity prevents discharge of medically fit patients.
179,Emergency service communication failures,"Ineffective information exchange between dispatchers, control rooms, and frontline medical personnel.",4,4,2013-09-25,2025-01-22,0.9595283269882202,Ineffective communication between control room and ambulance personnel. | Ineffective communication between dispatchers and on-scene paramedics. | Ineffective communication between healthcare staff and emergency control services.
180,Dysphagia communication and escalation failures,"Inadequate identification, recording, and reporting of swallowing difficulties within clinical workflows.",4,4,2018-07-25,2025-01-07,0.9636407494544983,Failure to identify documented swallowing difficulties during patient care. | Failure to record or communicate resident swallowing difficulties. | Failure to communicate clinical swallowing difficulties during nursing handover.
181,Emergency service resource pressure,Demand for emergency services is exceeding available capacity.,4,4,2018-02-27,2024-12-19,0.9598747491836548,Emergency services are operating under excessive demand and pressure. | Emergency services facing high demand against limited resources. | Demand for emergency services exceeds available resources.
182,Inadequate pedestrian crossing signals,The junction lacks necessary traffic lights and audible warnings for pedestrians.,4,4,2013-08-05,2024-11-05,0.964243471622467,The junction lacks dedicated pedestrian signals and audible warnings. | Pedestrian crossing lacks necessary traffic signals and audible alerts. | Pedestrian crossing lacks an audible signal for traffic light phases.
183,Paediatric psychiatric bed shortages,There is an inadequate supply of inpatient beds for children and adolescents requiring mental health care.,4,4,2014-11-19,2024-10-14,0.9672451019287109,Insufficient inpatient psychiatric beds for children and adolescents. | Insufficient inpatient bed capacity for children and adolescents with mental health needs. | Lack of an effective system to identify available child psychiatric beds.
184,Inadequate mental health training,Police officers lack sufficient training to identify and manage mental health crises.,4,4,2016-06-24,2024-10-02,0.965842068195343,Inadequate mental health training for police officers. | Inadequacy of police training for managing mental health crises. | Inadequate police training for identifying mental health issues during call attendances.
185,Inaccurate patient mobility assessments,Clinical records contain incorrect information regarding the mobility status of patients.,4,4,2014-12-05,2024-09-04,0.9556788206100464,Inaccurate assessment of patient mobility prior to discharge. | Inaccurate clinical information regarding patient mobility. | Inadequate assessment of mobility prior to patient discharge.
186,Insufficient theatre capacity,Inadequate operating room availability causing delays to surgical procedures.,4,4,2022-08-04,2024-07-25,0.9707674384117126,Insufficient theatre capacity causing delays to surgical intervention. | Inadequate theatre capacity causing delays to surgical intervention. | Inability to meet surgical timeframes due to insufficient theatre capacity.
187,Anticoagulant prescription non-compliance,Failure to follow clinical guidelines and protocols for prescribing anticoagulant medication.,4,4,2014-01-23,2024-07-17,0.9543494582176208,Failure to adhere to clinical guidelines for anticoagulant prescription. | Failure to prescribe lifelong anticoagulation therapy despite clinical indications. | Failure to prescribe anticoagulant medication upon patient discharge.
188,Falsification of patient records,Intentional or pressured alteration of clinical documentation and observations.,4,4,2014-03-05,2024-07-10,0.9563412666320801,Deliberate falsification of patient observation records. | Falsification of patient observation records by staff. | Deliberate falsification of nursing records.
189,Agonal breathing recognition failures,Inability to identify or assess agonal breathing as a critical clinical indicator.,4,3,2016-04-27,2024-06-21,0.9673795700073242,Failure to recognise agonal breathing during triage. | Failure to recognise agonal breathing as an indicator of respiratory distress. | Inadequate training in recognising agonal breathing.
190,Naloxone administration failures,Inadequate use of naloxone or failure to initiate emergency responses during overdose risks.,4,3,2019-10-10,2024-06-11,0.9586305618286133,Failure to administer naloxone despite evidence of opioid overdose risk. | Failure to administer naloxone to patients with opiate misuse history. | Failure to administer naloxone following signs of over-sedation.
191,NEWS2 protocol non-compliance,Failure to adhere to standardised procedures for monitoring and escalating clinical observations.,4,4,2016-03-23,2024-05-01,0.970219075679779,Failure to follow and monitor NEWS2 escalation protocols. | Failure to comply with NEWS2 protocols for vital signs and escalation. | Failure to follow NEWS protocols regarding review frequency and care escalation.
192,Crisis team referral failures,Inadequate documentation or omission of necessary referrals to the crisis team.,4,4,2015-02-19,2024-05-01,0.9709469079971313,Failure to refer a deceased patient to the crisis team. | Failure to refer a patient with suicidal ideation to a crisis team. | Failure to refer a patient with suicidal ideation to the crisis team.
193,Delayed antibiotic administration,Failure to provide antibiotic treatment despite clinical evidence of infection or deterioration.,4,4,2021-04-16,2024-03-14,0.9838513135910034,Failure to administer antibiotics despite clinical indicators of infection. | Failure to commence antibiotic treatment despite evidence of infection. | Failure to administer antibiotics following clinical deterioration observations.
194,Medication omission and error reporting,"Failures in identifying, managing, and documenting missed doses or clinical errors.",4,4,2019-01-10,2023-10-12,0.9563103318214417,Failure to report a medication omission via the incident reporting system. | Failure to recognise and act upon a medication omission. | Failure of clinical oversight leading to medication omission.
195,Inadequate clinical documentation review,Failure to thoroughly examine patient records and correspondence during the triage process.,4,4,2015-01-29,2023-10-04,0.9681869745254517,Failure to review patient clinical documentation during triage. | Failure to review available clinical documentation during triage. | Failure to review triage records prior to patient assessment.
196,Insufficient water rescue training,Staff lack necessary skills and knowledge regarding water safety and rescue protocols.,4,4,2014-01-22,2023-09-13,0.9515061378479004,Staff lack adequate training in water rescue procedures. | Inadequate training in water rescue and safety protocols. | Staff lack training in water safety and drowning recognition.
197,Failure to recognise clinical deterioration,Inability to identify signs of declining health or cardiac arrest.,4,4,2020-08-21,2023-08-14,0.9729474186897278,Failure to recognise cardiac arrest. | Failure to recognise clinical deterioration or cardiac arrest. | Failure to recognise a cardiac arrest event.
198,Regulatory non-compliance with improvements,Failure to implement required actions following regulatory inspections or reports.,4,4,2019-10-25,2023-07-12,0.9530311822891235,Failure to implement required improvements following a regulatory report. | Failure to implement improvements following regulatory inspections. | Failure to implement an action plan following a regulatory improvement requirement.
199,Unauthorised discharge without consultation,Patients are being discharged from mental health services without required clinical contact or personal assessment.,4,4,2022-02-15,2023-05-16,0.968065619468689,Patient discharged from mental health services without personal consultation. | Patient discharged from mental health service without an in-person assessment. | Patient discharged from mental health service without prior consultation or communication.
200,Inadequate staff training,Personnel lack the necessary training and supervised experience to perform tasks safely.,4,4,2014-09-19,2023-03-13,0.9670727252960205,Staff received insufficient training. | Staff training is insufficient or non-existent. | Insufficient staff training.
201,Inadequate welfare checks during cell unlocks,Failure to properly monitor prisoner wellbeing when opening cells.,4,4,2014-10-09,2023-02-02,0.9656623601913452,Failure to conduct mandatory welfare checks during cell unlocks. | Failure to conduct welfare checks on inmates during cell unlocking. | Failure to conduct a welfare check upon unlocking a prisoner's cell.
202,Delays in patient transfers,Issues relating to the postponed movement of patients between wards or hospitals.,4,4,2014-06-20,2022-10-24,0.9632995128631592,Delay in hospital transfer. | Delay in accepting patient transfer to a hospital. | Delayed review and action regarding intra-hospital transfers.
203,Inadequate staff sickness cover,Insufficient personnel available to cover for sickness and annual leave.,4,4,2016-09-07,2022-07-17,0.96592116355896,Insufficient staffing levels due to inadequate sickness cover. | Inadequate staffing levels to cover sickness or annual leave. | Insufficient staffing levels due to staff sickness.
204,Inadequate admission physical examinations,Failure to conduct thorough clinical assessments and observations when patients are admitted.,4,4,2016-11-14,2022-07-07,0.9446854591369629,Inadequate physical examination of patients upon admission. | Failure to perform a full physical examination upon admission. | Failure to perform a physical examination of the patient.
205,Inadequate specialist referral processes,Failure to refer patients to specialists following diagnostic results or for appropriate management.,4,4,2018-03-22,2022-03-31,0.9582515954971313,Failure to refer a patient to a specialist for appropriate management. | Failure to refer a patient to a specialist following diagnostic test results. | Failure to refer a patient to a specialist following diagnostic imaging.
206,Inadequate resident monitoring,Failure to properly observe residents and track vital health indicators.,4,4,2014-07-25,2022-02-22,0.9472610354423523,Failure to monitor resident vital signs. | Inadequate monitoring of a resident. | Failure to monitor a resident following missed medication and meals.
207,Inadequate flood warning signage,There is insufficient signage to alert motorists to potential flooding risks on the road.,4,4,2016-03-30,2022-02-16,0.9861997365951538,Insufficient warning signage regarding potential flooding on the road. | Insufficient signage warning of potential flooding risks to motorists. | Inadequate signage warning of flood risks on a road slip road.
208,High agency nursing reliance,Excessive use of temporary agency staff within nursing teams.,4,4,2019-05-17,2021-11-03,0.9616404175758362,Excessive reliance on agency nursing staff within the hospital trust. | Overreliance on agency nursing staff. | High reliance on agency nursing staff within the Trust.
209,Umbilical venous catheterisation guidance,Lack of standardised clinical protocols and training for umbilical venous catheter insertion.,4,2,2013-10-23,2020-11-19,0.9604207873344421,Absence of national clinical guidelines for umbilical venous catheterisation. | Insufficient training and education regarding umbilical venous catheter guidelines. | Failure to follow clinical guidelines for umbilical venous catheter insertion.
210,Non-compliance with NICE guidelines,Failure to adhere to clinical standards for head injury management.,4,4,2015-01-29,2020-10-14,0.9590867757797241,Failure to follow NICE clinical guidelines for head injury management. | Local policies for head injury treatment deviate from NICE guidelines. | Lack of adherence to NICE guidelines for head injuries among GPs in Wales.
211,Care plan documentation failures,Inadequate recording and management of patient care plans.,4,4,2014-12-04,2020-02-05,0.9553110003471375,Failure to document the ongoing nature of a care plan. | Failure to create a formal written care plan for a patient. | Failure to prepare structured care plans for each patient.
212,Inadequate overtaking prohibition markings,Missing continuous white lines to prevent unsafe overtaking on bends.,4,4,2019-11-01,2019-12-05,0.9971620440483093,Absence of continuous white lines to prohibit overtaking on a bend. | Lack of double white lines to prohibit overtaking.
213,Cardiotocograph interpretation errors,Failure to correctly identify or classify abnormal CTG readings.,4,3,2014-03-06,2019-05-17,0.955940842628479,Failure to identify abnormal CTG readings. | Failure to correctly interpret abnormal cardiotocograph traces. | Failure to identify a pathological abnormality in a CTG trace.
214,Inadequate discharge planning,Failures in planning patient transitions and continuity of care.,4,4,2015-02-18,2017-12-12,0.9524804949760437,Discharge planning was inadequate or absent. | Inadequate discharge planning and lack of continuity of care. | Inadequate discharge planning failed to ensure essential provisions for a patient.
215,Inadequate response to self-harm and suicide,Failure to recognise or act upon documented threats and histories of self-harm or suicide.,4,4,2014-09-30,2017-09-13,0.9524917006492615,Failure to recognise or act upon documented self-harm and suicide threats. | Failure to act upon documented self-harm threats. | Failure to communicate or act upon recorded suicidal threats.
216,Inadequate neurological observations,Neurological monitoring was not performed or recorded according to required frequency and policy standards.,4,4,2015-01-21,2017-03-16,0.9616249799728394,Neurological observations were not performed at the required intervals. | Neurological observations were not performed to an acceptable standard or within required timeframes. | Neurological observations were not recorded at the required minimum frequency.
217,Patient safety framework investigation failures,"Failure to identify, initiate, or complete required investigations under the patient safety framework.",3,2,2025-09-29,2026-03-10,0.9667476415634155,Failure to conduct a required patient safety framework investigation. | Failure to investigate a death under the required patient safety framework. | Failure to identify a case for investigation under the Patient Safety Framework.
218,Poor inter-agency communication,Inadequate information sharing and coordination between police and mental health services.,3,2,2020-02-10,2026-03-05,0.961101770401001,Insufficient operational liaison between police and NHS mental health services. | Ineffective communication between mental health services and police forces. | Lack of established links between police safeguarding and NHS mental health teams.
219,Inadequate incident review processes,Failure to conduct timely or formal reviews of clinical incidents and related records.,3,3,2018-07-18,2026-02-26,0.965340256690979,Failure to perform timely clinical reviews of incidents. | Failure to conduct a formal incident review following a clinical event. | Failure to review clinical records to identify previous incidents.
220,Inadequate record keeping,Documentation is incomplete and contains significant gaps.,3,3,2018-08-08,2026-02-19,0.9725015759468079,Record keeping is inadequate and incomplete. | Record keeping practices were inadequate. | Significant gaps and omissions in record keeping.
221,Inconsistent handover procedures,A lack of standardised protocols for transferring patient information during handovers.,3,3,2014-04-14,2026-02-12,0.9646980166435242,Lack of standardised handover procedures risks reducing patient care quality. | Lack of standardised handover procedures prevents effective patient monitoring. | Lack of standardised handover guidance risks incomplete or incorrect information transfer.
222,Delayed patient discharge risks,Delays in discharging patients increase exposure to hospital-acquired infections and environmental hazards.,3,3,2021-06-10,2026-02-10,0.9743040800094604,Delayed patient discharge increases risk of hospital-acquired infection. | Delayed discharge planning increases risk of hospital-acquired infection. | Delayed patient discharge increases exposure to risks in acute hospital environments.
223,Emergency reporting failure,Failure to notify authorities or medical staff during a psychiatric crisis.,3,3,2026-02-09,2026-02-09,1.0019655227661133,Failure to report a medical emergency during a psychotic episode.
224,Incorrect resuscitation techniques,Healthcare staff failed to follow correct CPR and airway management procedures.,3,3,2025-10-13,2026-02-09,0.9973037242889404,Healthcare staff performed incorrect CPR and airway management techniques. | Healthcare staff used incorrect CPR techniques.
225,Neurodevelopmental assessment delays,Long waiting periods for neurodevelopmental diagnoses and assessments.,3,3,2023-04-03,2026-02-05,0.985640287399292,Excessive waiting times for neurodevelopmental assessments. | Excessive waiting times for neurodevelopmental assessments and diagnoses. | Excessive waiting times for autism spectrum disorder assessments.
226,Ambulance resource shortages,Inadequate availability of emergency vehicles threatens patient safety.,3,3,2023-11-07,2026-02-02,0.9897302389144897,Insufficient ambulance resources pose a risk to patient lives. | Persistent unavailability of ambulance resources poses a risk to life.
227,Inadequate Staffing Levels,Insufficient personnel increases the risk of patient falls.,3,3,2018-07-20,2026-01-28,0.9719719290733337,Inadequate staffing levels to manage high risk of falls. | Insufficient staffing levels increase the risk of patient falls. | Inadequate staffing levels during recorded patient falls.
228,Inadequate staff supervision and training,"Failure to provide sufficient oversight, training, and management for care personnel.",3,3,2013-08-30,2026-01-21,0.9478855729103088,"Inadequate management, staff training, and supervision within a care facility. | Failure to implement adequate supervision or oversight within a care facility. | Inadequate training, support, and supervision of care staff."
229,Inadequate pain management,Failure to properly control or monitor patient pain levels.,3,3,2016-12-15,2026-01-08,0.9735362529754639,Inadequate management of pain. | Inadequate management of post-operative pain. | Inadequate pain management for the patient.
230,Illicit drug interaction risks,Failure to assess or warn about risks involving the use of prescribed and illicit substances.,3,3,2018-05-08,2025-12-29,0.9585203528404236,Failure to assess risks of drug interactions with illicit substances. | Failure to assess risks of concomitant use of prescribed and illicit drugs. | Failure to provide warnings regarding drug interactions with illicit substances.
231,Access to self-harm means,Availability of products and instructions for self-harm on online platforms.,3,3,2023-12-19,2025-12-09,0.9642979502677917,Easy access to means of self-harm via online retailers. | Availability of products used to promote self-harm or suicide. | Availability of instructional material for self-harm on e-commerce platforms.
232,Bed availability shortages,Delays in patient transfers caused by a lack of available ward beds.,3,3,2013-09-23,2025-12-04,0.9613752365112305,Patient transfer delayed due to insufficient bed availability. | Inability to transfer patient due to lack of available ward beds. | Patient transfer delays due to high demand and bed shortages.
233,Inadequate admission clinical assessments,Failure to complete required clinical assessments or clerking during the patient admission process.,3,3,2022-10-17,2025-11-11,0.9605544209480286,Failure to perform formal clinical assessment upon patient admission. | Failure to perform formal clinical clerking upon patient admission. | Failure to conduct required assessments before patient admission.
234,Delayed or missed CT scans,Failure to order or complete required CT scans within the required timeframe.,3,3,2019-11-12,2025-10-28,0.9731701016426086,Failure to perform a required CT scan within the mandated timeframe. | Failure to perform required CT scans on three occasions. | Failure to order or complete a required CT scan.
235,Clinical communication failures,Breakdowns in information sharing between medical teams and organisations causing delays in patient care.,3,3,2015-12-01,2025-09-25,0.9581586122512817,Communication failures between clinical teams caused delays in patient care. | Communication failures between clinicians and trusts causing delays in patient care. | Ineffective communication between specialist teams causes delays in care.
236,Ambulance handover delays,Delays in hospital handovers increase emergency response times.,3,3,2024-03-25,2025-08-20,0.9691554307937622,Extended hospital handovers cause delays in ambulance response times. | Ambulance handover delays increase emergency response times. | Delayed patient discharges cause ambulance handover delays and increased response times.
237,Ketamine health risk awareness,Lack of understanding regarding the long-term health consequences of ketamine use.,3,2,2024-11-05,2025-08-19,0.9572347402572632,Insufficient awareness of long-term health risks associated with ketamine use. | Insufficient knowledge regarding the long-term health effects of chronic ketamine use. | Insufficient public understanding of the risks associated with ketamine use.
238,Nitrofurantoin pulmonary toxicity awareness,Insufficient information regarding the risk of lung damage caused by nitrofurantoin.,3,2,2023-09-29,2025-08-19,0.9775717258453369,Lack of awareness regarding the risk of lung damage from nitrofurantoin. | Inadequate warning regarding the risk of irreversible lung damage from nitrofurantoin. | Insufficient clinical awareness of nitrofurantoin-induced pulmonary damage risk in elderly patients.
239,Inadequate junction risk mitigation,Safety measures and planning for junction risks are insufficient.,3,3,2021-03-08,2025-08-12,0.9520678520202637,Insufficient safety measures implemented to mitigate junction risks. | Existing safety measures are insufficient to ensure junction safety. | Lack of definitive plans to mitigate identified junction risks.
240,Bed rail training deficiencies,Staff lack sufficient knowledge regarding the assessment and management of bed rails.,3,3,2015-02-18,2025-08-07,0.9729125499725342,Inadequate staff training on the use of bed rails. | Inadequate staff training regarding the management of bed rails and bedding. | Insufficient staff knowledge regarding bed rail assessment procedures.
241,Undetected subdural haemorrhage on CT,Failure to identify subdural haemorrhage during initial CT scanning.,3,3,2018-03-29,2025-08-07,0.9853338599205017,Failure to identify a subdural haemorrhage during an initial CT scan. | Failure to identify a subdural haematoma on an initial CT scan report. | Failure to detect a subtle subdural haemorrhage on initial CT scan.
242,Inadequate medication side-effect documentation,Failure to record or act upon warnings regarding medication side effects.,3,3,2015-11-11,2025-08-06,0.9666754007339478,Failure to record advice regarding medication side effects. | Failure to record and act upon a medication-induced side effect. | Failure to document medication side-effect warnings.
243,Unavailability of essential medical equipment,Critical medical devices were missing or inaccessible when required.,3,3,2016-05-19,2025-08-05,0.9677473306655884,Essential medical equipment was unavailable or could not be located. | Essential medical equipment was unavailable in the clinical area. | Essential medical equipment was inaccessible during an emergency.
244,Incident reporting failure,Failure to log identified incidents within the Datix system.,3,3,2024-01-22,2025-08-04,1.0016937255859375,Failure to report an incident via the Datix system. | Failure to report an identified incident via the Datix system.
245,Inadequate staff training,Personnel lack sufficient knowledge of risk assessments and care plans.,3,3,2015-10-16,2025-08-01,0.9748871326446533,Staff lack familiarity with risk assessments and care plans. | Staff were not sufficiently familiar with risk assessments and care plans. | Staff may lack sufficient training for risk assessments and care planning.
246,Poor family engagement,Inadequate communication and involvement with the families of patients.,3,3,2023-06-30,2025-07-25,0.9880741834640503,Ineffective communication with families of patients with mental health difficulties. | Inadequate engagement with patient families by mental health teams.
247,Delayed emergency service notification,Failure to promptly contact emergency services when a patient becomes unresponsive.,3,3,2021-05-28,2025-07-21,0.9914088845252991,Delay in contacting emergency services after discovering an unresponsive patient. | Delay in contacting emergency services after a patient becomes unresponsive. | Delay in contacting emergency services following discovery of an unresponsive individual.
248,Inadequate reasonable adjustments,Failure to implement necessary support for neurodiversity and learning disabilities.,3,3,2023-10-16,2025-07-14,0.9810612797737122,Failure to provide necessary reasonable adjustments for neurodiversity and learning disabilities. | Failure to implement reasonable adjustments for neurodiversity and learning disabilities. | Failure to provide reasonable adjustments for learning disabilities and communication impairments.
249,Delayed patient discharges,Slow discharge processes causing overcrowding in the emergency department.,3,3,2023-07-19,2025-07-10,0.96896892786026,Delayed patient discharges impact emergency department operations. | Delayed patient discharges causing emergency department boarding. | Delayed patient discharges lead to emergency department overcrowding.
250,Emergency medical protocol failure,Failure to follow established procedures for initiating medical assistance and emergency response.,3,3,2016-05-15,2025-07-04,0.963893473148346,Failure to initiate emergency medical protocols. | Failure to initiate emergency medical protocols in accordance with established policy. | Failure to summon emergency assistance according to established medical response protocols.
251,Inadequate psychiatric assessment,Failure to properly review or evaluate a patient's mental health history and status.,3,3,2023-04-26,2025-07-04,0.9563828706741333,Failure to review a patient's mental health history during clinical assessment. | Failure to assess a patient's mental health status. | Failure to obtain a thorough psychiatric history during clinical assessment.
252,Action plan implementation failure,Failure to execute or monitor agreed remedial actions.,3,3,2017-12-04,2025-06-23,0.969464898109436,Failure to implement required actions from the action plan. | Failure to implement or approve essential actions within an identified action plan. | Failure to demonstrate effective implementation of an agreed action plan.
253,Dietary and supervision non-compliance,Failure to follow specified nutritional and monitoring instructions.,3,3,2022-12-05,2025-06-18,0.9808200597763062,Failure to adhere to prescribed dietary requirements. | Failure to adhere to dietary restrictions. | Failure to adhere to required dietary and supervision requirements.
254,Incomplete clinical documentation,Failure to record essential patient observations and significant medical events in clinical records.,3,3,2014-03-31,2025-06-17,0.9709734916687012,Clinical observations were not appropriately recorded in patient records. | Required clinical observations were not recorded in medical records. | Clinical documentation failed to record significant patient events and observations.
255,Inadequate fall risk management,"Failure to properly assess, document, and implement measures to prevent falls.",3,3,2017-11-20,2025-06-13,0.9814568758010864,Inadequate risk assessments and referrals prevented appropriate fall prevention measures. | Inadequate risk assessments and referrals prevented appropriate fall mitigation measures. | Fall risk assessments and preventative measures were not adequately documented.
256,Nitazene contamination in vapes,Risks associated with nitazene presence in cannabinoid vaping products.,3,1,2025-06-06,2025-06-06,0.9753491878509521,Lack of awareness regarding risks from nitazene contamination in cannabinoid vapes. | Insufficient recognition of nitazenes in cannabinoid vaping fluids. | Risk of overdose from unpredictable nitazene dosage via vaping.
257,Inadequate medication history management,"Failure to properly record, review, or utilise patient medication histories during clinical care.",3,3,2014-03-25,2025-06-05,0.9618289470672607,Failure to recognise or act upon a patient's medication history. | Failure to consider patient medical history during medication administration. | Failure to promptly obtain previous medication history upon patient admission.
258,Unauthorised data distribution,The sharing of vendor contact information on platforms that promote self-harm.,3,3,2025-05-23,2025-05-23,0.998710036277771,Unauthorised distribution of vendor contact details by platforms promoting self-harm.
259,Failure to implement organisational learning,Failure to apply lessons learned from fatal incidents across the organisation.,3,3,2019-07-31,2025-05-20,0.9632023572921753,Failure to implement collective learning following a fatal incident. | Failure to identify learning opportunities from a fatal incident investigation. | Failure to implement organisational learning from incidents.
260,Inadequate shoulder dystocia risk disclosure,Failure to properly inform patients about the risks associated with shoulder dystocia.,3,3,2021-07-20,2025-04-25,0.9659371376037598,Failure to disclose risks of shoulder dystocia during the antenatal period. | Failure to recognise the risk of shoulder dystocia during pregnancy. | Inadequate disclosure of fetal death risks during shoulder dystocia counselling.
261,Inaccurate medication weight-based dosing,Failure to adjust medication dosages following changes in patient weight.,3,3,2016-04-12,2025-04-04,0.9641664624214172,Inappropriate medication dosing due to failure to monitor weight changes. | Failure to adjust medication dosage according to patient body weight. | Failure to challenge inappropriate medication dosages despite identifying incorrect patient weight.
262,Unresolved internal investigation findings,Failure to act upon recommendations from previous internal reviews and investigations.,3,3,2019-02-21,2025-04-04,0.9694749116897583,Failure to implement recommendations from an internal investigation. | Failure to implement recommendations from an internal review. | Failure to implement findings from previous internal investigations.
263,Inadequate clinical monitoring,Failure to properly observe and track patients identified as being at high risk.,3,3,2023-07-18,2025-03-18,0.9536110162734985,Insufficient monitoring of high-risk patients after clinical assessment. | Failure to implement monitoring following identification of clinical risk factors. | Insufficient monitoring of high-risk patients via peripheral vision.
264,Inadequate one-to-one observations,Failure to implement or maintain required individualised monitoring of patients.,3,3,2017-07-14,2025-03-13,0.9753661155700684,Failure to provide required one-to-one observation following admission. | Failure to provide required continuous one-to-one observations. | Failure to implement appropriate one-to-one observations.
265,Inadequate mental health assessments,Failure to perform necessary risk and capacity evaluations regarding mental health.,3,3,2021-06-23,2025-03-13,0.9503625631332397,"Failure to conduct an adequate mental health or risk assessment. | Failure to perform a risk assessment following reported decline in mental health. | Failure to conduct required risk, capacity, and mental health assessments."
266,Inter-agency information sharing,Insufficient communication between organisations prevents accurate risk assessments.,3,3,2025-01-10,2025-03-04,0.982772946357727,Inadequate information sharing between agencies prevents accurate risk assessment. | Inadequate information sharing between agencies prevented accurate risk assessment. | Insufficient inter-agency information sharing hinders effective risk assessments.
267,Clinical communication breakdown,Failure of information exchange between nursing and medical staff.,3,3,2018-03-13,2025-02-17,0.9694346189498901,Communication failure between ward staff and the on-call junior doctor. | Communication failure between nursing staff and junior doctors regarding treatment requirements. | Widespread communication failure between ward and medical staff.
268,Delayed diagnostic communication,Failures in communicating or identifying critical diagnostic test results in a timely manner.,3,3,2014-05-20,2025-02-06,0.9519543647766113,Failure to act promptly on diagnostic test results due to miscommunication. | Communication failure between clinicians caused a delay in diagnostic testing. | Failure to identify critical diagnostic test results in a timely manner.
269,Insulin administration errors,Failures in delivering the correct dosage or timing of insulin treatments.,3,3,2016-01-20,2025-02-05,0.961219310760498,Failure to administer the correct dose of insulin. | Failure to administer prescribed long-acting insulin dose. | Incorrect administration of insulin following meals in a hospital setting.
270,Neurodiverse patient mental health risks,The A&E environment poses a risk of mental health deterioration for neurodiverse patients.,3,3,2024-12-16,2025-02-05,0.9898579120635986,The A&E environment is unsuitable for neurodiverse patients and risks mental health deterioration. | The A&E environment is unsuitable for neurodiverse patients and may worsen mental health. | The A&E environment may negatively impact neurodiverse patients' mental health.
271,Driver licensing restrictions,Insufficient regulations for young or newly qualified drivers.,3,3,2024-10-17,2025-01-13,0.9919553995132446,Lack of legal restrictions on licences for young or newly qualified drivers. | Driving licence regulations lack restrictions for young or newly qualified drivers.
272,Young driver passenger risk,Higher likelihood of collisions when young drivers carry peer passengers.,3,3,2024-10-17,2025-01-13,0.9963456988334656,Increased collision risk for young drivers carrying peer passengers. | Increased collision risk for young drivers when carrying peer passengers. | Increased collision risk for young drivers travelling with peer passengers.
273,Mental health awareness training,Staff lack the necessary training to recognise signs of mental health decline.,3,2,2014-09-18,2024-12-20,0.9720919728279114,Insufficient training for staff to recognise mental health indicators. | Inadequate training for staff to recognise mental health decline indicators. | Staff lack awareness of mental health indicators.
274,Medication administration error involving allergies,Medicines were administered to patients despite documented allergy information.,3,3,2016-06-29,2024-12-17,0.965924859046936,Medication administered despite documented allergy. | Medication administered despite documented allergy in referral documentation. | Administration of medication to a patient with documented allergies.
275,Positional asphyxia awareness,Lack of public information regarding suffocation risks in baby slings.,3,2,2014-04-04,2024-12-12,0.9868226051330566,Limited public awareness of positional asphyxia risks in baby slings. | Insufficient publicised information regarding the risk of positional asphyxia in baby slings. | Insufficient guidance on infant slumping and suffocation risks in baby slings.
276,Inadequate age verification,Failure to properly verify user age before allowing access to sensitive or harmful content.,3,3,2023-12-28,2024-11-14,0.9712662696838379,Inadequate age and identity verification for accessing harmful online content. | Insufficient age verification for accessing harmful content on digital platforms. | Lack of age verification for accessing sensitive content.
277,Hypokalaemia monitoring protocol non-compliance,Failure to adhere to established clinical guidance for monitoring potassium levels in patients.,3,2,2016-03-19,2024-11-14,0.9740650057792664,Failure to follow clinical monitoring protocols for patients with hypokalaemia. | Failure to follow clinical guidance for monitoring potassium levels in hypokalaemia patients. | Failure to ensure clinical compliance with hypokalaemia management policies.
278,Inadequate discharge consultation,Failure to involve the multidisciplinary team during the patient discharge process.,3,3,2017-08-24,2024-09-18,0.9570105075836182,Failure to consult the multidisciplinary team before patient discharge. | Failure to monitor a patient following discharge and multidisciplinary team discussion. | A patient was discharged without a multidisciplinary team meeting.
279,Failure to recognise clinical deterioration,Inability to identify worsening patient health during transitions of care or prior to discharge.,3,3,2017-07-21,2024-08-27,0.9635241031646729,Failure to identify clinical deterioration before patient discharge. | Failure to recognise clinical deterioration before ward transfer. | Failure to identify patients at high risk of acute clinical deterioration.
280,Adrenaline auto-injector shortages,Limited availability of adrenaline auto-injectors prevents access to essential emergency medication.,3,2,2024-08-20,2024-08-20,0.9777934551239014,Shortage of adrenaline autoinjectors causing unavailability of paediatric doses. | Shortage of adrenaline auto-injectors limits access to emergency medication. | Inconsistent availability of adrenaline auto-injectors in pharmacies during emergencies.
281,Delayed incident reporting,Failure to record incidents within the required timeframe.,3,3,2017-03-09,2024-08-19,0.9755359888076782,Incident reporting was not completed in a timely manner. | Incident reporting failed to meet requirements for timely recording. | Failure to complete incident reports in a timely manner.
282,NEWS score calculation errors,Inaccurate National Early Warning Score computations leading to delayed medical reviews.,3,3,2017-03-16,2024-08-15,0.9887687563896179,Incorrect calculation of the NEWS score. | Incorrect calculation of NEWS score prevented necessary medical review.
283,Inadequate clinical escalation and referral,Failure to refer patients to the multidisciplinary team or senior practitioners following clinical escalation.,3,3,2022-02-08,2024-08-15,0.9618019461631775,Failure to refer a patient to the multi-disciplinary team following clinical escalation. | Failure to escalate patient care for multidisciplinary team review. | Failure to refer patient to senior practitioner following clinical escalation protocol.
284,Inter-agency information sharing failures,Inadequate communication of vital data between police and probation services.,3,2,2019-06-12,2024-08-01,0.9968193173408508,Inadequate information sharing between police and probation services. | Failure to communicate relevant information between police and probation services.
285,Medication handover and transfer failures,Inadequate communication and investigation of medication details during patient transfers.,3,3,2019-03-29,2024-07-23,0.9585084915161133,Failure to provide written medication handover during adult patient transfers. | Failure to communicate recent drug-related presentations during patient handover processes. | Failure to investigate medication omissions during hospital transfers.
286,Delayed antibiotic administration,Failure to provide prescribed antibiotic therapy within the required timeframe.,3,3,2018-03-20,2024-07-12,0.9608852863311768,Significant delay in antibiotic therapy administration. | Delay in administering necessary antibiotic therapy and intravenous fluids. | Delays in the administration of prescribed antibiotics.
287,Road infrastructure maintenance failure,"Neglecting the inspection, reporting, and repair of defective road surfaces and structures.",3,1,2024-05-07,2024-05-07,0.9735101461410522,Failure to inspect defective road infrastructure. | Failure to consider reported road defects by relevant authorities. | Failure to repair road defects to prevent accidents.
288,Medication reconciliation errors,Failure to accurately identify or assess the clinical impact of prescribed and unprescribed medicines.,3,3,2016-07-25,2024-04-30,0.9770693778991699,Failure to identify prescribed medication for a deceased person. | Failure to identify medications not prescribed to a deceased patient. | Failure to recognise the clinical impact of medication on a deceased patient.
289,Defective window restrictors,"Window restrictors are missing, unverified, or failing to prevent full opening.",3,3,2014-04-30,2024-04-22,0.9633547067642212,Inadequate or missing window restrictors. | The presence of a window restrictor was unverified. | Defective window restrictor allows full opening of the window.
290,Medication administration failures,Inadequate or incorrect processes for administering medicines within a care setting.,3,3,2016-02-25,2024-04-12,0.9609086513519287,Inadequate control of medication administration within a care setting. | Inadequate controls for the effective administration of medicines. | Incorrect administration of medication in a care setting.
291,Risk assessment management failures,"Deficiencies in identifying, conducting, and managing high-risk assessments.",3,3,2014-04-07,2024-04-05,0.971143901348114,Inadequate processes for managing high-risk assessments. | Inadequate risk assessment and risk management processes. | Inadequate processes for identifying incomplete risk assessments.
292,Inappropriate clinical care placement,Patients are placed in facilities that cannot meet their specific clinical requirements.,3,3,2014-05-23,2024-03-26,0.9624432325363159,Inappropriate care home placement regarding clinical requirements. | Inappropriate residential care placement for complex clinical needs. | Inappropriate patient placement within a care facility.
293,Anaphylaxis resource and leadership deficit,"A lack of national oversight, systematic management, and research funding for anaphylaxis.",3,2,2023-04-06,2024-01-26,0.9494338035583496,Insufficient national leadership and funding for anaphylaxis management. | Lack of a systematic approach to anaphylaxis awareness and management. | Inadequate funding for research into reducing anaphylaxis-related mortality.
294,Incomplete implementation of safety measures,Failure to carry out recommended remedial safety actions.,3,3,2018-04-30,2024-01-24,0.966215968132019,Failure to fully implement recommended remedial safety measures. | Failure to implement recommended safety mitigation measures. | Failure to implement identified remedial safety works.
295,Welfare check documentation inconsistency,Records of welfare checks lack standardised details and clear definitions of completion.,3,2,2022-01-24,2024-01-11,0.9633462429046631,Inconsistent documentation of welfare checks. | Welfare check documentation is inconsistent and lacks essential details. | Inconsistent definition of completed welfare checks.
296,Emergency service response delays,Delays in emergency response times leading to fatalities.,3,3,2022-11-11,2023-12-15,0.9814058542251587,Delayed emergency service response caused a fatality. | Delayed emergency service response resulting in fatality. | Delayed emergency response contributed to a fatality.
297,Inadequate autism support provision,Insufficient community-based care and services for individuals with autism.,3,2,2022-04-25,2023-12-10,0.9759676456451416,Inadequate provision for supporting individuals with autism. | Insufficient community support and provision for autistic individuals. | Inadequate community provision for the care and treatment of individuals with autism.
298,Emergency resource shortages,Inadequate staffing or equipment to handle high volumes of urgent calls.,3,3,2018-06-25,2023-12-01,0.9760608673095703,Insufficient resources to manage emergency call volume. | Insufficient emergency service resources to manage high call volumes. | Insufficient emergency resources to respond to urgent calls.
299,Non-disclosure of investigation documentation,Failure to provide completed investigation reports and findings to the Coroner.,3,3,2022-06-17,2023-11-13,0.972260594367981,Failure to disclose investigation findings and documentation to the Coroner. | Failure to disclose completed complaint investigations to the Coroner. | Failure to disclose internal investigation reports to the Coroner prior to inquest.
300,Inadequate online content regulation,Insufficient measures to restrict access to harmful material and protect minors.,3,3,2019-04-29,2023-10-25,0.9646921157836914,Insufficient measures to restrict access to harmful online content. | Inadequate monitoring or restriction of access to harmful online content. | Inadequate internet regulation to protect minors.
301,Inadequate incident investigation,Failure to identify root causes and implement preventative measures following an incident.,3,3,2013-10-31,2023-10-24,0.9707322120666504,Failure to investigate incidents to prevent recurrence. | Failure to investigate the cause of an incident to prevent recurrence. | Failure to implement systemic changes to prevent incident recurrence.
302,Radiology report delays,Delays in the delivery and receipt of imaging results.,3,3,2013-10-14,2023-10-16,0.9706258773803711,Significant delay in receiving radiological reports. | Significant delays in reporting imaging results. | Delays in the distribution and receipt of radiology reports.
303,Delayed investigation completion,Failure to finalise investigations within the mandated timeframes.,3,3,2021-03-04,2023-10-11,0.9883031249046326,Failure to complete investigations within required timeframes. | Failure to complete investigations in a timely manner. | Investigation reports were not completed within the required timeframe.
304,Specialist bed shortages,Inadequate availability of specialised beds prevents patients from receiving necessary clinical care.,3,2,2022-08-04,2023-09-26,0.9775691032409668,Insufficient availability of specialist beds prevents delivery of required clinical care. | Insufficient specialist beds prevent patients from receiving appropriate clinical care. | Insufficient access to specialist beds to meet urgent local requirements.
305,Inadequate medical record sharing,A lack of integrated digital records prevents seamless continuity of patient care.,3,3,2016-02-25,2023-09-08,0.9665544033050537,Absence of electronic medical records compromises continuity of patient care. | Lack of shared digital medical records hinders continuity of patient care. | Inadequate record keeping hinders continuity of care.
306,Inadequate life support training,Staff members lack the necessary training to provide essential life-saving treatment.,3,3,2020-02-07,2023-08-24,0.9642068147659302,Frontline staff lack essential life-saving training. | Lack of training prevents staff from providing life-saving treatment. | Care staff lack essential life support training.
307,Public access defibrillator accessibility,"Issues regarding the placement, maintenance, and availability of automated external defibrillators.",3,2,2016-10-25,2023-07-13,0.9665560722351074,Inadequate placement of public access defibrillators. | Lack of maintenance procedures for community public access defibrillators. | Insufficient availability of public access defibrillators in educational institutions.
308,Medication refusal escalation failure,Failure to report or seek medical assistance following a resident's refusal of medication.,3,2,2018-03-26,2023-07-11,0.9708501696586609,Failure to escalate resident medication refusal to management. | Failure to escalate medication refusal to the medical team. | Failure to seek medical assistance following medication refusal by a resident.
309,Inaccurate intravenous fluid documentation,Failure to maintain complete and precise records of intravenous fluid administration.,3,3,2018-07-16,2023-06-06,0.9708441495895386,Inadequate maintenance of clinical records regarding fluid administration history. | Failure to maintain accurate records of intravenous fluid administration. | Incomplete and poor documentation regarding intravenous fluid administration.
310,Medication incident investigation failures,Failure to properly investigate or escalate reported medication errors and concerns.,3,2,2015-10-08,2023-05-07,0.9599758386611938,Failure to investigate reported medication concerns. | Failure to escalate concerns regarding medication errors. | Failure to investigate concerns regarding medication overdose administration.
311,Drowning risk mitigation failure,Inadequate measures implemented to prevent drowning incidents.,3,3,2014-05-23,2023-02-27,0.9955050349235535,Failure to implement effective controls to mitigate drowning risks. | Failure to implement measures to mitigate identified drowning risks.
312,Inadequate lighting,Poor illumination levels increase the risk of accidents.,3,3,2020-05-01,2023-02-22,0.9966736435890198,Insufficient lighting increases the risk of accidents. | Inadequate lighting increases the risk of accidents. | Insufficient lighting increases the risk of accidents in the dark.
313,Inaccurate heart rate recording,Errors in documenting maternal or fetal heart rates during cardiotocography.,3,3,2015-07-30,2023-02-15,0.9662442803382874,Incorrect recording of maternal heart rate on CTG equipment. | Incorrect recording of fetal heart rate. | Maternal pulse misidentified as fetal heart rate during cardiotocography.
314,Patient volume delays,High demand is causing delays in triage and clinical assessment.,3,3,2018-04-28,2023-02-10,0.9622264504432678,High patient volumes causing delays in triage and medical review. | High patient volumes causing delays in medical assessment. | High demand causing delays in patient triage and clinical review.
315,Suboptimal ward layout,The physical arrangement of wards and cubicles prevents effective patient observation.,3,3,2014-03-05,2023-02-02,0.9474152326583862,Inadequate ward layout for effective patient observation. | Inappropriate ward layout across multiple floors. | Ward layout and cubicle use impede effective visual observation of patients.
316,Limited psychological intervention availability,There is inadequate access to necessary psychological therapies and clinical interventions.,3,3,2020-04-23,2023-01-26,0.9679169058799744,Insufficient availability of psychological interventions. | Inadequate access to clinically indicated psychological interventions. | Insufficient availability of psychological therapies.
317,Inadequate care coordination,Failure to synchronise healthcare services between prison and community providers.,3,3,2014-06-20,2022-12-20,0.9615271091461182,Failure to coordinate care between prison and community healthcare providers. | Lack of integrated care coordination between prison staff and healthcare providers. | Failure to coordinate prisoner care effectively.
318,Missing risk assessments,Failure to identify or complete required risk assessments and management plans.,3,3,2021-06-02,2022-12-01,0.9631941318511963,Failure to identify the absence of risk assessment and management planning. | Absence of completed risk assessment and associated risk management plan. | Failure to identify missing risk assessments.
319,Inadequate pedestrian crossing timings,The duration of pedestrian signals and inter-green periods is insufficient for safe road traversal.,3,2,2015-09-11,2022-11-28,0.9711406230926514,Insufficient pedestrian crossing time for safe road traversal. | Pedestrian crossing signal timings are insufficient for safe road crossing. | Insufficient inter-green period for pedestrians to clear the crossing.
320,Non-compliance with resuscitation protocols,Failure to adhere to established clinical guidelines during cardiac arrest events.,3,3,2013-12-16,2022-11-22,0.9658170938491821,Failure to follow established resuscitation guidelines during clinical practice. | Failure to adhere to clinical guidelines during a cardiac arrest. | Failure to follow resuscitation and cardiac arrest protocols.
321,Inadequate care plan review time,Staff do not have enough time allocated to properly review care plans.,3,3,2016-12-15,2022-09-26,0.9741573333740234,Staff lack sufficient time to review care plans. | Insufficient time allocated for reviewing care plans. | Staff were not provided with sufficient time or instruction to review care plans.
322,Inaccurate clinical information exchange,Errors in communicating or documenting patient data lead to unreliable risk assessments.,3,3,2015-02-03,2022-07-12,0.9433362483978271,Failure to communicate patient clinical information leads to inaccurate risk assessment. | Insufficient risk assessment documentation hinders clinical communication of patient risks. | Inaccurate clinical information results in unreliable risk assessments.
323,Clinical monitoring non-compliance,Failure to follow established protocols or instructions for patient monitoring.,3,3,2020-02-18,2022-03-07,0.9591077566146851,Failure to adhere to established clinical monitoring protocols. | Failure to provide required clinical monitoring. | Failure to adhere to medical instructions for patient monitoring.
324,Non-compliance with clinical instructions,Failure to follow specialist clinical recommendations or instructions.,3,3,2014-04-08,2022-02-28,0.9574971199035645,Failure to implement clinical recommendations from a specialist consultant. | Failure to fully implement clinical recommendations from a specialist nurse. | Failure to implement clinical instructions from a consultant.
325,Nasogastric tube misplacement,Errors involving the incorrect positioning of nasogastric tubes and subsequent administration of fluids or medication.,3,1,2022-02-22,2022-02-22,0.9569380283355713,Misplacement of nasogastric tubes during administration. | Incidents of misplaced nasogastric tubes within a healthcare setting. | Administration of fluids or medication via misplaced nasogastric tubes.
326,Missing smoke alarms,Smoke detection equipment is absent or non-functional within the property.,3,3,2014-01-17,2022-02-21,0.9738237857818604,Absence of a functional smoke alarm. | Absence of a smoke alarm in the bedroom. | Absence of functional smoke detectors in the property.
327,VTE risk assessment failures,Incomplete or missing documentation and periodic reviews of venous thromboembolism risk assessments.,3,3,2016-05-23,2022-02-10,0.9730567932128906,Failure to identify an incomplete VTE risk assessment. | Failure to perform required 24-hour VTE risk re-assessment. | Failure to perform and document formal VTE risk assessments.
328,Inadequate clinical documentation,Clinical and discharge records lack sufficient detail for continuity of care.,3,3,2018-06-12,2022-02-10,0.9672017097473145,Clinical documentation lacks sufficient detail for continuity of care. | Discharge documentation lacks sufficient detail for ongoing clinical care. | Clinical documentation lacks sufficient assessment details and continuity of care plans.
329,Self-harm risk management,Inadequate procedures for assessing and managing risks of self-harm.,3,2,2013-11-05,2021-12-07,0.956936240196228,Lack of guidance for assessing self-harm risk. | Lack of guidance for managing identified risks of self-harm in patients. | Inconsistent and non-objective criteria used for self-harm risk assessment.
330,Missed deadlines and timeframes,Failure to complete required actions or changes within the agreed period.,3,3,2015-02-17,2021-11-09,0.963187575340271,Failure to complete actions within established timeframes. | Failure to implement required changes within established timeframes. | Failure to complete specified action plan steps within a designated timeframe.
331,Inadequate night shift supervision,Insufficient senior oversight and support for junior medical staff during nocturnal shifts.,3,3,2014-09-12,2021-10-25,0.9756818413734436,Inadequate supervision and support for junior doctors during night shifts. | Insufficient support and oversight for junior medical staff during night shifts. | Lack of senior clinical supervision during night shifts.
332,Locum staff dependency,Heavy reliance on temporary medical staff compromises continuity of care.,3,3,2017-08-16,2021-10-21,0.9902927875518799,High reliance on locum doctors reduces continuity of care. | High reliance on locum doctors may impact continuity of care. | High reliance on locum staff impacts continuity of care.
333,Centralised medication record deficit,There is no unified database for tracking patient prescriptions and dispensed medicines across healthcare providers.,3,3,2019-11-18,2021-10-21,0.978276252746582,Lack of a centralised database for patient medication records. | Absence of a centralised database for tracking prescribed and dispensed medications. | Lack of a centralised record for tracking prescriptions across healthcare providers.
334,Inadequate discharge planning meetings,Failure to hold multidisciplinary or multi-agency meetings prior to patient discharge.,3,3,2014-01-30,2021-08-11,0.9784839153289795,Failure to conduct a multi-agency planning meeting before hospital discharge. | Failure to conduct a multi-agency meeting before patient discharge. | Failure to hold a multidisciplinary meeting regarding a discharge plan.
335,Failure to implement safety recommendations,Failure to adopt necessary policy changes or action plans following incident investigations.,3,3,2016-08-19,2021-08-02,0.9637167453765869,Failure to implement recommended policy changes following a serious incident review. | Failure to implement lessons learned or policy changes following an incident review. | Failure to implement a comprehensive action plan following a serious incident investigation.
336,Inadequate speed enforcement and calming,Lack of sufficient measures to regulate and control vehicle speeds.,3,3,2014-03-12,2021-07-21,0.9633185863494873,Insufficient physical traffic calming measures to enforce speed limits. | Insufficient traffic calming measures at the location. | Insufficient enforcement measures for speed regulation.
337,Intestinal obstruction misdiagnosis,Failure to correctly identify or diagnose a bowel obstruction.,3,3,2020-01-28,2021-05-18,0.9546838402748108,Failure to diagnose intestinal obstruction. | Failure to diagnose intestinal obstruction due to diagnostic overshadowing and lack of curiosity. | Failure to correctly identify a bowel obstruction.
338,Inadequate incident investigation processes,Failure to identify systemic clinical and procedural errors during investigations of serious incidents.,3,3,2013-12-13,2021-05-18,0.9679991006851196,Failure to identify care delivery problems during serious incident investigations. | Failure to detect systemic clinical and procedural errors during incident investigation. | Failures in the investigation of serious untoward incidents.
339,Duplicate prescription prevention failure,Failure to implement checks to prevent the issuance of duplicate medication prescriptions.,3,3,2018-08-01,2021-05-10,0.9695509672164917,Failure to check for duplicate prescriptions before issuing new medication. | Lack of mandatory checks to prevent duplicate medication prescriptions. | Failure to check the medicines database before prescribing duplicate medication doses.
340,Inadequate root cause analysis training,Clinicians lack the necessary training to perform effective root cause analysis and identify clinical practice issues.,3,3,2016-07-15,2021-04-19,0.9718137979507446,Lack of mandatory training for clinicians in root cause analysis. | Lack of mandatory training for clinicians to perform root cause analysis. | Failure to identify clinical practice issues during root cause analysis.
341,Deceptive junction layout,Road markings or layouts at junctions create confusion or optical illusions for drivers.,3,3,2013-12-02,2021-03-08,0.9588735699653625,Deceptive road layout at a junction may mislead drivers. | Confusing road layout at a junction may mislead users. | Road layout creates an optical illusion obscuring the junction.
342,High-risk junction safety,Identified junctions pose a significant risk of accidents and serious injury.,3,3,2018-07-17,2021-03-08,0.975622296333313,The junction is a high-risk area for accidents. | A junction presents a high risk of serious injury. | A junction is identified as a high-risk location on a safety register.
343,Nasogastric tube management documentation,Clinical instructions for nasogastric tube care are missing or incomplete in patient records.,3,1,2020-11-12,2020-11-12,0.9738671779632568,Lack of specific clinical instructions for nasogastric tube management. | Incomplete documentation of clinical instructions for nasogastric tube management. | Clinical instructions for nasogastric tube management were not documented in patient records.
344,Warfarin administration errors,"Failures in the correct prescription, delivery, or identification of warfarin doses.",3,3,2018-05-14,2020-09-25,0.9746275544166565,Incorrect administration of warfarin to a patient. | Failure to identify incorrect administration of warfarin. | Errors in the prescription of warfarin administration.
345,Choking risk management failures,"Inadequate communication, supervision, and documentation regarding resident choking hazards.",3,3,2013-12-06,2020-04-24,0.9613972902297974,Failure to communicate identified choking risks to residents. | Inadequate supervision of residents at risk of choking. | Inaccurate documentation and communication of choking risks in care plans.
346,Unauthorised pedestrian crossings,Pedestrians are crossing the road outside of designated crossing points.,3,3,2016-07-25,2020-02-17,0.9662162661552429,Pedestrians crossing the road outside of designated crossing points. | Pedestrians cross a road at a location without a designated crossing. | Pedestrians crossing at locations other than designated crossing points.
347,Patient clinical record management,Ineffective systems for maintaining and organising patient medical documentation.,3,1,2019-12-18,2019-12-18,0.9597555994987488,Ineffective management of patient clinical records within the department. | Ineffective management of patient records within a healthcare setting. | Lack of an effective system for managing patient clinical records.
348,Best interests meeting mismanagement,Failure to properly organise or conduct formal meetings regarding patient care decisions.,3,3,2016-12-05,2019-12-17,0.9741091728210449,Failure to hold a best interests meeting regarding patient care. | Failure to properly manage a best interests meeting. | Failure to conduct a formal best interests meeting for end of life care.
349,Post-incident risk re-assessment failure,Failure to review and update risk assessments after an incident has occurred.,3,3,2017-02-09,2019-11-12,0.961057722568512,Failure to re-assess risks following an incident. | Failure to conduct complete risk assessments following incidents. | Failure to conduct formal risk re-assessments.
350,Dangerous road bend,A sharp bend on the A34 poses a significant risk to life.,3,3,2019-11-01,2019-11-01,1.0023267269134521,A bend on the A34 Melrose Way poses a danger to life.
351,Hard shoulder closure oversight,Insufficient monitoring and accountability regarding the duration of temporary hard shoulder closures.,3,1,2019-10-24,2019-10-24,0.9591323137283325,Lack of accountability for minimising the duration of hard shoulder closures. | Insufficient oversight of the duration of temporary hard shoulder closures. | Lack of penalties for extended hard shoulder closures.
352,Non-randomised observation intervals,Observations were conducted at predictable or fixed intervals rather than at randomised intervals.,3,3,2016-07-11,2019-10-21,0.965739369392395,Observations were conducted at predictable intervals rather than irregular intervals. | Observations were recorded at predictable intervals. | Observations were conducted at fixed intervals instead of random intervals.
353,Delayed clinical documentation,Delays in recording clinical information impede access to essential patient records.,3,3,2014-05-19,2019-10-21,0.9723690748214722,Delayed clinical documentation prevents timely access to patient records. | Delayed clinical documentation prevents access to essential patient information. | Delays in the documentation of clinical records.
354,Inadequate clinical discussion documentation,Clinical consultations and discussions with patients or families are not sufficiently recorded in patient files.,3,3,2013-12-16,2019-06-10,0.973008930683136,Insufficient documentation of clinical discussions regarding patient care. | Incomplete documentation of clinical discussions with patients or families. | Clinical discussions and consultations were not adequately documented in patient records.
355,Delayed patient transfer,Delays in moving patients prevent timely medical intervention and treatment.,3,3,2015-12-14,2019-05-31,0.9792295694351196,Delayed patient transfer prevented time-critical surgical intervention. | Delayed patient transfer prevented access to life-saving surgical intervention. | Delayed patient transfer prevented timely investigation and treatment.
356,Inadequate nursing care,Failure to provide sufficient clinical monitoring and nursing assistance.,3,3,2014-09-04,2019-05-22,0.964548647403717,Provision of nursing care was inadequate. | Inadequate nursing care provided during patient hospitalisation. | Inadequate provision of basic nursing care and clinical monitoring.
357,Inadequate patient observation admissions,Failure to admit patients for clinical observation following abnormal test results or clinical necessity.,3,3,2016-01-20,2019-04-05,0.9620873928070068,Failure to admit a patient under observation. | Failure to admit a patient for observation compromised clinical management. | Failure to admit a patient for observation following abnormal test results.
358,Inadequate medication administration training,Staff lack the necessary competence and authorisation to administer prescribed medicines.,3,3,2014-06-05,2018-11-05,0.9733078479766846,Staff lack sufficient training and competence to administer prescribed medication. | Staff lack sufficient training in medication dosage and administration methods. | Healthcare staff lack necessary training and authorisation for medication administration.
359,Sepsis training and instruction deficiency,Medical staff lack adequate training and guidance for recognising and managing sepsis.,3,2,2017-07-21,2018-10-26,0.9690624475479126,Insufficient training for medical staff in sepsis recognition and management. | Staff training deficiency regarding the identification of sepsis warning signs. | Inadequate staff instructions for managing patients with suspected sepsis.
360,Mental health service strain,Increased pressure on mental health services raises mortality risks.,3,3,2018-10-04,2018-10-04,0.9875596761703491,Systemic strain on mental health services increases risk of mortality. | Systemic pressure on mental health services increases mortality risk. | Systemic strain in mental health services increases mortality risk.
361,Undetected breech presentation,Failure to identify the fetal position during labour.,3,3,2013-02-13,2018-07-25,0.9791505336761475,Failure to diagnose breech presentations. | Failure to diagnose breech position. | Failure to identify breech presentation prior to full cervical dilation.
362,Clinical escalation non-compliance,Failure to follow or respond to established clinical escalation procedures and triggers.,3,3,2016-02-23,2018-05-09,0.9570485353469849,Failure to follow clinical escalation procedures when thresholds are met. | Failure to respond appropriately to clinical escalation triggers. | Failure to adhere to or awareness of escalation guidelines.
363,Hazardous junction design,Road layouts that increase the likelihood of vehicle collisions.,3,3,2016-10-24,2018-02-21,0.9742007851600647,Junction design increases the risk of vehicle collisions. | Junction design may contribute to vehicle collisions. | Junction design increases collision risk.
364,Insufficient prisoner welfare checks,The frequency of monitoring prisoners for their safety and well-being is inadequate.,3,3,2014-12-17,2017-12-18,0.9599045515060425,Inadequate frequency of prisoner welfare checks. | Inadequate custodial and welfare checks for a prisoner. | Inadequate night-time welfare checks for prisoner survival verification.
365,Inadequate cycle super-highway skid resistance,The surface grip levels on cycle super-highways are insufficient or unmonitored.,3,2,2017-02-17,2017-08-11,0.9738215208053589,Insufficient skid resistance on cycle super-highway surfaces. | Reduced skid resistance on cycle super-highway surfaces compared to conventional roads. | Failure to monitor surface grip levels on cycle superhighways.
366,Bio-ethanol burner safety regulation,Inadequate oversight and safety standards for domestic bio-ethanol heating appliances.,3,2,2017-05-15,2017-05-15,0.9718582630157471,Safety of bio-ethanol burners in domestic environments. | Insufficient regulation of bio-ethanol heaters in domestic environments. | Insufficiently addressed safety risks regarding the use of bio-ethanol burners.
367,Hand sanitiser ingestion risks,Risks associated with the accidental consumption of alcohol-based hand sanitising products.,3,2,2014-07-25,2017-04-06,0.966773509979248,Risk of accidental ingestion of alcohol-based hand sanitiser in healthcare settings. | Insufficient awareness of alcohol content and ingestion risks in hand sanitising gels. | Inadequate frequency of clinical observations following ingestion of alcohol-based hand sanitiser.
368,Home visit communication failures,Inadequate notification and follow-up regarding missed or rescheduled home visits.,3,2,2014-05-29,2017-03-14,0.9627833962440491,Failure to notify relevant parties when a scheduled home visit is missed. | Failure to reschedule missed home visits or send required follow-up correspondence. | Failure to communicate necessary changes to scheduled home visits with colleagues.
369,Obstructed junction visibility,Obstructions at junctions reduce visibility for pedestrians and motorists.,3,3,2013-08-07,2017-03-01,0.9760968685150146,Obstructed visibility of pedestrians at a junction due to vehicles and building lines. | Obstructions at junctions restrict visibility of pedestrians. | Obstructions reducing visibility for pedestrians and motorists.
370,GP registration notification failure,Failure to communicate changes in general practitioner details to relevant parties.,3,2,2016-07-14,2016-12-15,0.9513062238693237,Failure to notify relevant medical services of a change in GP. | Failure to notify health agencies of changes to resident GP registration. | Family members were not informed of changes to the patient's GP.
371,Train stopping restrictions,Regulations prevent halting trains when individuals are at risk on the tracks.,3,3,2015-06-09,2016-09-13,0.9897372722625732,Regulations do not permit stopping trains when persons are at risk. | Safety regulations do not permit stopping trains when persons are on the line.
372,Inadequate ward staffing levels,Insufficient personnel on acute psychiatric wards compromises patient safety and supervision.,3,2,2015-02-20,2016-02-15,0.9573637247085571,Inadequate staffing levels in acute psychiatric wards risk patient safety. | Inadequate staffing levels on an acute ward compromise patient safety. | Insufficient staffing levels on acute psychiatric wards may compromise patient supervision.
373,Unauthorised Aerodrome Operations,Regulations allow departures from unlicensed airfields during low visibility for non-commercial flights.,3,3,2016-02-02,2016-02-02,1.0034356117248535,Regulations permit take-offs in low visibility from unlicensed aerodromes for non-commercial ventures.
374,Regulatory gaps in corporate aviation,The absence of a dedicated regulatory category for corporate flight operations.,3,3,2016-02-02,2016-02-02,1.0029782056808472,The CAA has not established a special category for corporate aviation.
375,Aerodrome regulatory non-compliance,Safety standards for unlicensed aerodromes are inconsistent with commercial operational requirements.,3,3,2016-02-02,2016-02-02,1.0013431310653687,Safety regulations for unlicensed aerodromes do not match commercial operation standards.
376,Incorrect emergency call prioritisation,Emergency calls have been assigned the wrong priority level.,3,3,2013-09-23,2015-08-19,0.9764372110366821,Incorrect priority status assigned to an emergency call. | Emergency calls were assigned an incorrect priority level. | Failure to assign correct priority level to an emergency call.
377,Inadequate specialist eating disorder provision,"A shortage of paediatric, inpatient, and long-term funded eating disorder services.",3,2,2014-02-13,2015-07-14,0.9690275192260742,Insufficient local specialist inpatient services for eating disorders. | Lack of specialist eating disorder services for children and adolescents. | Insufficient long-term funding and commissioner commitment for specialist eating disorder services.
378,Inadequate post-discharge care,Insufficient support or medical intervention provided to patients after leaving hospital.,3,3,2013-09-09,2015-06-04,0.9736098647117615,Inadequate follow-up care or intervention following hospital discharge. | Inadequate follow-up care after hospital discharge. | Inadequate support provided to a patient following hospital discharge.
379,Uncollected prescription monitoring,Lack of automated systems to identify prescriptions that have not been collected.,3,2,2015-01-09,2015-04-29,0.9676035642623901,Absence of an automated system to identify uncollected prescriptions. | Absence of an automated system to identify expired prescriptions. | Lack of systems to identify uncollected prescribed medications.
380,Unregulated helium canister access,Public access to helium gas canisters is insufficiently controlled.,3,3,2013-11-20,2015-03-20,0.9848756194114685,Unrestricted public access to helium gas canisters. | Unrestricted public access to helium canisters. | Unrestricted access to helium gas canisters via unregulated purchase quantities.
381,Uncontrolled gas release,Helium canisters lack valves to regulate the volume of gas released.,3,3,2013-11-20,2015-03-20,1.0011627674102783,Helium canisters lack control valves to restrict gas release volume.
382,Inaccurate patient contact information,Failure to maintain up-to-date patient contact and GP details.,3,3,2014-02-06,2015-03-11,0.9739333391189575,Failure to update patient contact details following a change of address. | Failure to update patient contact and GP details following change of circumstances. | Failure to update patient contact information following notification of inaccuracies.
383,Lack of standardised clinical guidelines,There is an absence of national and paediatric-specific guidance for oesophageal varices banding practices.,3,1,2015-02-20,2015-02-20,0.9690020084381104,Absence of national guidelines for standardised oesophageal varices banding practices. | Lack of national guidance for banding specific grades of oesophageal varices. | Absence of clinical guidelines for paediatric oesophageal varices banding.
384,Inadequate river safety equipment,"A lack of sufficient life buoys, warning signs, and vandal-proof stations at river access points.",3,2,2013-12-16,2015-02-13,0.9662672281265259,Insufficient life buoys and warning signs at river access points. | Insufficient safety measures at river access points. | Lack of vandal-proof life buoy stations in high-risk river areas.
385,Inconsistent re-homing assessment standards,A lack of standardised criteria and mandatory qualifications for evaluating stray dog suitability for re-homing.,3,1,2014-10-02,2014-10-02,0.9554086327552795,Lack of standards for assessing stray dog suitability for re-homing. | Absence of national or local standards for re-homing stray dogs. | Lack of mandatory objective qualifications for dog re-homing assessors.
386,Isoprenaline supply and guidance,Lack of access to Isoprenaline and absence of standardised clinical protocols.,3,1,2014-04-14,2014-04-14,0.9561525583267212,Unavailability of Isoprenaline limits effective resuscitation for heart transplant patients. | Absence of national guidance for Isoprenaline use in heart transplant recipients. | Unavailability of isoprenaline during a resuscitation attempt.
